cell_id,k_exp,Q_true,Re_true,Q_pred,Re_pred,configuration,seed
P004_2_S04_C11,0.0,2.713909,16.717924,2.7037062644958496,16.745532989501953,Manual,42
P004_2_S04_C11,0.0,2.70661,16.717924,2.700887441635132,16.74675750732422,Manual,42
P004_2_S04_C11,0.0,2.701574,16.717924,2.697802782058716,16.738279342651367,Manual,42
P004_2_S04_C11,0.0,2.696484,16.717924,2.6948421001434326,16.730409622192383,Manual,42
P004_2_S04_C11,0.0,2.692177,16.717924,2.692049741744995,16.72284507751465,Manual,42
P004_2_S04_C11,0.0,2.687612,16.717924,2.689457416534424,16.715497970581055,Manual,42
P004_2_S04_C11,0.0,2.683562,16.717924,2.687077045440674,16.708295822143555,Manual,42
P004_2_S04_C11,0.0,2.675552,16.717924,2.684903144836426,16.701160430908203,Manual,42
P004_2_S04_C11,0.0,2.673724,16.717924,2.6829209327697754,16.69402313232422,Manual,42
P007_2_S09_C10,0.0,2.697726,17.456173,2.6864616870880127,17.421663284301758,Manual,42
P007_2_S09_C10,0.0,2.691619,17.456173,2.683476686477661,17.428739547729492,Manual,42
P007_2_S09_C10,0.0,2.685932,17.456173,2.6803877353668213,17.428199768066406,Manual,42
P007_2_S09_C10,0.0,2.680738,17.456173,2.6774351596832275,17.427167892456055,Manual,42
P007_2_S09_C10,0.0,2.675793,17.456173,2.6746826171875,17.425735473632812,Manual,42
P007_2_S09_C10,0.0,2.670531,17.456173,2.6721572875976562,17.42401695251465,Manual,42
P007_2_S09_C10,0.0,2.665572,17.456173,2.6698625087738037,17.422115325927734,Manual,42
P007_2_S09_C10,0.0,2.65702,17.456173,2.6677896976470947,17.420108795166016,Manual,42
P007_2_S09_C10,0.0,2.655033,17.456173,2.6659233570098877,17.418060302734375,Manual,42
P011_1_S10_C11,0.0,2.674842,17.597092,2.662193775177002,17.614377975463867,Manual,42
P011_1_S10_C11,0.0,2.668472,17.597092,2.657510280609131,17.624019622802734,Manual,42
P011_1_S10_C11,0.0,2.662688,17.597092,2.652378797531128,17.62589454650879,Manual,42
P011_1_S10_C11,0.0,2.657059,17.597092,2.647294282913208,17.627695083618164,Manual,42
P011_1_S10_C11,0.0,2.651241,17.597092,2.642324686050415,17.628618240356445,Manual,42
P011_1_S10_C11,0.0,2.645928,17.597092,2.6375203132629395,17.62868309020996,Manual,42
P011_1_S10_C11,0.0,2.640874,17.597092,2.632901191711426,17.628128051757812,Manual,42
P011_1_S10_C11,0.0,2.632689,17.597092,2.6284427642822266,17.62700843811035,Manual,42
P011_1_S10_C11,0.0,2.628682,17.597092,2.624164581298828,17.625303268432617,Manual,42
P015_3_S17_C11,0.0,2.438477,16.595,2.4944570064544678,16.11918830871582,Manual,42
P015_3_S17_C11,0.0,2.410527,16.595,2.4690589904785156,16.11357307434082,Manual,42
P015_3_S17_C11,0.0,2.372511,16.595,2.443443536758423,16.104978561401367,Manual,42
P037_2_S06_C09,2249.0,2.303873,16.04656,2.303903579711914,16.07123374938965,Manual,42
P037_2_S06_C09,2379.0,2.287498,16.04656,2.283846139907837,16.07036590576172,Manual,42
P037_2_S06_C09,2515.0,2.269198,16.04656,2.262648344039917,16.066160202026367,Manual,42
P037_2_S06_C09,2650.0,2.253785,16.04656,2.2398006916046143,16.05491828918457,Manual,42
P037_2_S06_C09,2784.0,2.2342,16.04656,2.210533380508423,16.044343948364258,Manual,42
P037_2_S06_C09,2920.0,2.205066,16.04656,2.169842481613159,16.04300880432129,Manual,42
P037_2_S06_C09,3060.0,2.170108,16.04656,2.1114137172698975,16.05071449279785,Manual,42
P037_2_S06_C09,3202.0,2.116586,16.04656,2.029090642929077,16.075279235839844,Manual,42
P037_2_S06_C09,3488.0,1.997463,16.04656,1.9209465980529785,16.11496925354004,Manual,42
P049_3_S15_C02,2152.0,2.500887,14.869667,2.4798734188079834,14.715751647949219,Manual,42
P049_3_S15_C02,2271.0,2.493731,14.869667,2.4651031494140625,14.725656509399414,Manual,42
P049_3_S15_C02,2395.0,2.485354,14.869667,2.4514381885528564,14.733110427856445,Manual,42
P049_3_S15_C02,2517.0,2.480364,14.869667,2.4377601146698,14.739509582519531,Manual,42
P049_3_S15_C02,2637.0,2.471771,14.869667,2.4237077236175537,14.745792388916016,Manual,42
P049_3_S15_C02,2758.0,2.464056,14.869667,2.40928316116333,14.751848220825195,Manual,42
P049_3_S15_C02,2881.0,2.456818,14.869667,2.394984245300293,14.757813453674316,Manual,42
P049_3_S15_C02,3004.0,2.445937,14.869667,2.3808083534240723,14.76384449005127,Manual,42
P049_3_S15_C02,3240.0,2.434579,14.869667,2.366381883621216,14.770304679870605,Manual,42
P051_2_S11_C05,5504.0,1.854337,23.062,2.0768656730651855,23.296142578125,Manual,42
P051_2_S11_C05,5858.0,1.706588,23.062,2.0555405616760254,23.491182327270508,Manual,42
P051_2_S11_C05,6237.0,1.598978,23.062,2.02573561668396,23.691993713378906,Manual,42
P063_3_S18_C05,5600.0,2.248487,15.905776,2.2363152503967285,15.821398735046387,Manual,42
P063_3_S18_C05,5918.0,2.201492,15.905776,2.2192001342773438,15.799849510192871,Manual,42
P063_3_S18_C05,6251.0,2.170797,15.905776,2.2020115852355957,15.774218559265137,Manual,42
P063_3_S18_C05,6580.0,2.14893,15.905776,2.1843385696411133,15.749096870422363,Manual,42
P063_3_S18_C05,6907.0,2.123314,15.905776,2.1657092571258545,15.72802448272705,Manual,42
P063_3_S18_C05,7239.0,2.100496,15.905776,2.1464285850524902,15.706404685974121,Manual,42
P063_3_S18_C05,7576.0,2.076689,15.905776,2.1250970363616943,15.68478775024414,Manual,42
P063_3_S18_C05,7915.0,2.071696,15.905776,2.1010684967041016,15.663407325744629,Manual,42
P063_3_S18_C05,8572.0,2.025095,15.905776,2.0743463039398193,15.64401912689209,Manual,42
P068_3_S08_C03,11370.0,2.187058,19.151333,2.1255922317504883,18.95504379272461,Manual,42
P068_3_S08_C03,11972.0,2.173376,19.151333,2.053846597671509,18.98903465270996,Manual,42
P068_3_S08_C03,12578.0,2.16034,19.151333,1.970220685005188,19.045011520385742,Manual,42
P068_3_S08_C03,13173.0,2.142762,19.151333,1.8739748001098633,19.13545036315918,Manual,42
P068_3_S08_C03,13760.0,2.07971,19.151333,1.7707170248031616,19.243215560913086,Manual,42
P068_3_S08_C03,14355.0,1.946286,19.151333,1.678330898284912,19.289369583129883,Manual,42
P068_3_S08_C03,14946.0,1.726823,19.151333,1.611904263496399,19.238422393798828,Manual,42
P075_3_S19_C02,11570.0,2.370704,15.847142,2.345395803451538,15.685648918151855,Manual,42
P075_3_S19_C02,12177.0,2.368679,15.847142,2.3282840251922607,15.691610336303711,Manual,42
P075_3_S19_C02,12805.0,2.352887,15.847142,2.313007354736328,15.696927070617676,Manual,42
P075_3_S19_C02,13422.0,2.34346,15.847142,2.299602746963501,15.704996109008789,Manual,42
P075_3_S19_C02,14029.0,2.321794,15.847142,2.2882542610168457,15.713423728942871,Manual,42
P075_3_S19_C02,14646.0,2.31095,15.847142,2.2788009643554688,15.721704483032227,Manual,42
P075_3_S19_C02,15265.0,2.299708,15.847142,2.271332025527954,15.727632522583008,Manual,42
P075_3_S19_C02,15885.0,2.292115,15.847142,2.264918327331543,15.73302173614502,Manual,42
P075_3_S19_C02,17085.0,2.266778,15.847142,2.259321451187134,15.737363815307617,Manual,42
P004_2_S04_C11,0.0,2.713909,16.717924,2.7168467044830322,16.814939498901367,Manual,52
P004_2_S04_C11,0.0,2.70661,16.717924,2.714129686355591,16.818078994750977,Manual,52
P004_2_S04_C11,0.0,2.701574,16.717924,2.7117624282836914,16.820236206054688,Manual,52
P004_2_S04_C11,0.0,2.696484,16.717924,2.7096829414367676,16.82408905029297,Manual,52
P004_2_S04_C11,0.0,2.692177,16.717924,2.707843065261841,16.82872200012207,Manual,52
P004_2_S04_C11,0.0,2.687612,16.717924,2.706211566925049,16.833635330200195,Manual,52
P004_2_S04_C11,0.0,2.683562,16.717924,2.7047622203826904,16.83855628967285,Manual,52
P004_2_S04_C11,0.0,2.675552,16.717924,2.703477144241333,16.843353271484375,Manual,52
P004_2_S04_C11,0.0,2.673724,16.717924,2.7023375034332275,16.847957611083984,Manual,52
P007_2_S09_C10,0.0,2.697726,17.456173,2.6866743564605713,17.431100845336914,Manual,52
P007_2_S09_C10,0.0,2.691619,17.456173,2.682704448699951,17.43842315673828,Manual,52
P007_2_S09_C10,0.0,2.685932,17.456173,2.678685426712036,17.442899703979492,Manual,52
P007_2_S09_C10,0.0,2.680738,17.456173,2.6748085021972656,17.447067260742188,Manual,52
P007_2_S09_C10,0.0,2.675793,17.456173,2.67116641998291,17.451107025146484,Manual,52
P007_2_S09_C10,0.0,2.670531,17.456173,2.667797803878784,17.45516586303711,Manual,52
P007_2_S09_C10,0.0,2.665572,17.456173,2.6647088527679443,17.459341049194336,Manual,52
P007_2_S09_C10,0.0,2.65702,17.456173,2.6618902683258057,17.46367835998535,Manual,52
P007_2_S09_C10,0.0,2.655033,17.456173,2.659320831298828,17.46827507019043,Manual,52
P011_1_S10_C11,0.0,2.674842,17.597092,2.663132905960083,17.628759384155273,Manual,52
P011_1_S10_C11,0.0,2.668472,17.597092,2.6573657989501953,17.639934539794922,Manual,52
P011_1_S10_C11,0.0,2.662688,17.597092,2.651502847671509,17.651233673095703,Manual,52
P011_1_S10_C11,0.0,2.657059,17.597092,2.6456902027130127,17.664382934570312,Manual,52
P011_1_S10_C11,0.0,2.651241,17.597092,2.6400442123413086,17.678171157836914,Manual,52
P011_1_S10_C11,0.0,2.645928,17.597092,2.6345860958099365,17.692737579345703,Manual,52
P011_1_S10_C11,0.0,2.640874,17.597092,2.6292378902435303,17.70918083190918,Manual,52
P011_1_S10_C11,0.0,2.632689,17.597092,2.6241350173950195,17.72541046142578,Manual,52
P011_1_S10_C11,0.0,2.628682,17.597092,2.619309425354004,17.741275787353516,Manual,52
P015_3_S17_C11,0.0,2.438477,16.595,2.556101083755493,16.368858337402344,Manual,52
P015_3_S17_C11,0.0,2.410527,16.595,2.5381484031677246,16.347028732299805,Manual,52
P015_3_S17_C11,0.0,2.372511,16.595,2.523221015930176,16.326292037963867,Manual,52
P037_2_S06_C09,2249.0,2.303873,16.04656,2.333653450012207,15.969076156616211,Manual,52
P037_2_S06_C09,2379.0,2.287498,16.04656,2.314415454864502,15.968960762023926,Manual,52
P037_2_S06_C09,2515.0,2.269198,16.04656,2.2975542545318604,15.967294692993164,Manual,52
P037_2_S06_C09,2650.0,2.253785,16.04656,2.2812671661376953,15.96407699584961,Manual,52
P037_2_S06_C09,2784.0,2.2342,16.04656,2.2650036811828613,15.955087661743164,Manual,52
P037_2_S06_C09,2920.0,2.205066,16.04656,2.24704647064209,15.950763702392578,Manual,52
P037_2_S06_C09,3060.0,2.170108,16.04656,2.2264404296875,15.948911666870117,Manual,52
P037_2_S06_C09,3202.0,2.116586,16.04656,2.2022721767425537,15.953070640563965,Manual,52
P037_2_S06_C09,3488.0,1.997463,16.04656,2.170706033706665,15.973100662231445,Manual,52
P049_3_S15_C02,2152.0,2.500887,14.869667,2.510049343109131,14.905518531799316,Manual,52
P049_3_S15_C02,2271.0,2.493731,14.869667,2.4976885318756104,14.914923667907715,Manual,52
P049_3_S15_C02,2395.0,2.485354,14.869667,2.4865305423736572,14.92035961151123,Manual,52
P049_3_S15_C02,2517.0,2.480364,14.869667,2.4757165908813477,14.92220401763916,Manual,52
P049_3_S15_C02,2637.0,2.471771,14.869667,2.4653539657592773,14.922569274902344,Manual,52
P049_3_S15_C02,2758.0,2.464056,14.869667,2.455047845840454,14.9224853515625,Manual,52
P049_3_S15_C02,2881.0,2.456818,14.869667,2.445042610168457,14.922686576843262,Manual,52
P049_3_S15_C02,3004.0,2.445937,14.869667,2.4351279735565186,14.922062873840332,Manual,52
P049_3_S15_C02,3240.0,2.434579,14.869667,2.4254322052001953,14.921409606933594,Manual,52
P051_2_S11_C05,5504.0,1.854337,23.062,2.054595470428467,24.147966384887695,Manual,52
P051_2_S11_C05,5858.0,1.706588,23.062,2.007737159729004,24.125911712646484,Manual,52
P051_2_S11_C05,6237.0,1.598978,23.062,1.9551310539245605,24.131322860717773,Manual,52
P063_3_S18_C05,5600.0,2.248487,15.905776,2.2915420532226562,15.663420677185059,Manual,52
P063_3_S18_C05,5918.0,2.201492,15.905776,2.279282569885254,15.667136192321777,Manual,52
P063_3_S18_C05,6251.0,2.170797,15.905776,2.2687573432922363,15.665044784545898,Manual,52
P063_3_S18_C05,6580.0,2.14893,15.905776,2.2586469650268555,15.661770820617676,Manual,52
P063_3_S18_C05,6907.0,2.123314,15.905776,2.248889446258545,15.657904624938965,Manual,52
P063_3_S18_C05,7239.0,2.100496,15.905776,2.239285945892334,15.653733253479004,Manual,52
P063_3_S18_C05,7576.0,2.076689,15.905776,2.2298974990844727,15.648117065429688,Manual,52
P063_3_S18_C05,7915.0,2.071696,15.905776,2.2201340198516846,15.6421537399292,Manual,52
P063_3_S18_C05,8572.0,2.025095,15.905776,2.2081828117370605,15.640477180480957,Manual,52
P068_3_S08_C03,11370.0,2.187058,19.151333,2.080171823501587,18.91326141357422,Manual,52
P068_3_S08_C03,11972.0,2.173376,19.151333,2.021902322769165,19.04695701599121,Manual,52
P068_3_S08_C03,12578.0,2.16034,19.151333,1.9456510543823242,19.218814849853516,Manual,52
P068_3_S08_C03,13173.0,2.142762,19.151333,1.8518799543380737,19.423912048339844,Manual,52
P068_3_S08_C03,13760.0,2.07971,19.151333,1.7489852905273438,19.625587463378906,Manual,52
P068_3_S08_C03,14355.0,1.946286,19.151333,1.65227210521698,19.80698585510254,Manual,52
P068_3_S08_C03,14946.0,1.726823,19.151333,1.5745083093643188,19.9375,Manual,52
P075_3_S19_C02,11570.0,2.370704,15.847142,2.373920202255249,15.724868774414062,Manual,52
P075_3_S19_C02,12177.0,2.368679,15.847142,2.363243818283081,15.727205276489258,Manual,52
P075_3_S19_C02,12805.0,2.352887,15.847142,2.3528645038604736,15.730975151062012,Manual,52
P075_3_S19_C02,13422.0,2.34346,15.847142,2.3427698612213135,15.735505104064941,Manual,52
P075_3_S19_C02,14029.0,2.321794,15.847142,2.3330461978912354,15.740893363952637,Manual,52
P075_3_S19_C02,14646.0,2.31095,15.847142,2.324416160583496,15.745211601257324,Manual,52
P075_3_S19_C02,15265.0,2.299708,15.847142,2.3165645599365234,15.749444007873535,Manual,52
P075_3_S19_C02,15885.0,2.292115,15.847142,2.3097317218780518,15.751951217651367,Manual,52
P075_3_S19_C02,17085.0,2.266778,15.847142,2.3034486770629883,15.755240440368652,Manual,52
P004_2_S04_C11,0.0,2.713909,16.717924,2.701528549194336,16.867815017700195,Manual,62
P004_2_S04_C11,0.0,2.70661,16.717924,2.698146343231201,16.873912811279297,Manual,62
P004_2_S04_C11,0.0,2.701574,16.717924,2.6946184635162354,16.874805450439453,Manual,62
P004_2_S04_C11,0.0,2.696484,16.717924,2.69124174118042,16.87738037109375,Manual,62
P004_2_S04_C11,0.0,2.692177,16.717924,2.688114643096924,16.880521774291992,Manual,62
P004_2_S04_C11,0.0,2.687612,16.717924,2.6852567195892334,16.88412094116211,Manual,62
P004_2_S04_C11,0.0,2.683562,16.717924,2.6826698780059814,16.887861251831055,Manual,62
P004_2_S04_C11,0.0,2.675552,16.717924,2.680342674255371,16.891523361206055,Manual,62
P004_2_S04_C11,0.0,2.673724,16.717924,2.6782546043395996,16.894983291625977,Manual,62
P007_2_S09_C10,0.0,2.697726,17.456173,2.6910243034362793,17.475954055786133,Manual,62
P007_2_S09_C10,0.0,2.691619,17.456173,2.6873984336853027,17.484966278076172,Manual,62
P007_2_S09_C10,0.0,2.685932,17.456173,2.683657646179199,17.487228393554688,Manual,62
P007_2_S09_C10,0.0,2.680738,17.456173,2.680126667022705,17.489662170410156,Manual,62
P007_2_S09_C10,0.0,2.675793,17.456173,2.6768581867218018,17.492116928100586,Manual,62
P007_2_S09_C10,0.0,2.670531,17.456173,2.6738669872283936,17.49454116821289,Manual,62
P007_2_S09_C10,0.0,2.665572,17.456173,2.671147108078003,17.49692153930664,Manual,62
P007_2_S09_C10,0.0,2.65702,17.456173,2.6686832904815674,17.499242782592773,Manual,62
P007_2_S09_C10,0.0,2.655033,17.456173,2.6664557456970215,17.501493453979492,Manual,62
P011_1_S10_C11,0.0,2.674842,17.597092,2.6638097763061523,17.650859832763672,Manual,62
P011_1_S10_C11,0.0,2.668472,17.597092,2.658386707305908,17.660446166992188,Manual,62
P011_1_S10_C11,0.0,2.662688,17.597092,2.652493476867676,17.662940979003906,Manual,62
P011_1_S10_C11,0.0,2.657059,17.597092,2.646683692932129,17.665563583374023,Manual,62
P011_1_S10_C11,0.0,2.651241,17.597092,2.6411004066467285,17.6676025390625,Manual,62
P011_1_S10_C11,0.0,2.645928,17.597092,2.6358535289764404,17.668832778930664,Manual,62
P011_1_S10_C11,0.0,2.640874,17.597092,2.6308348178863525,17.669414520263672,Manual,62
P011_1_S10_C11,0.0,2.632689,17.597092,2.6260263919830322,17.66952133178711,Manual,62
P011_1_S10_C11,0.0,2.628682,17.597092,2.6214675903320312,17.66858673095703,Manual,62
P015_3_S17_C11,0.0,2.438477,16.595,2.5273725986480713,16.30603790283203,Manual,62
P015_3_S17_C11,0.0,2.410527,16.595,2.504408121109009,16.264034271240234,Manual,62
P015_3_S17_C11,0.0,2.372511,16.595,2.4847257137298584,16.245588302612305,Manual,62
P037_2_S06_C09,2249.0,2.303873,16.04656,2.336644172668457,16.140214920043945,Manual,62
P037_2_S06_C09,2379.0,2.287498,16.04656,2.3157999515533447,16.121809005737305,Manual,62
P037_2_S06_C09,2515.0,2.269198,16.04656,2.2977778911590576,16.10183334350586,Manual,62
P037_2_S06_C09,2650.0,2.253785,16.04656,2.2792391777038574,16.0830135345459,Manual,62
P037_2_S06_C09,2784.0,2.2342,16.04656,2.2591230869293213,16.05484962463379,Manual,62
P037_2_S06_C09,2920.0,2.205066,16.04656,2.2356443405151367,16.02240562438965,Manual,62
P037_2_S06_C09,3060.0,2.170108,16.04656,2.2070014476776123,15.98974609375,Manual,62
P037_2_S06_C09,3202.0,2.116586,16.04656,2.168675661087036,15.96798038482666,Manual,62
P037_2_S06_C09,3488.0,1.997463,16.04656,2.116525411605835,15.959957122802734,Manual,62
P049_3_S15_C02,2152.0,2.500887,14.869667,2.504875421524048,14.840082168579102,Manual,62
P049_3_S15_C02,2271.0,2.493731,14.869667,2.4934942722320557,14.848469734191895,Manual,62
P049_3_S15_C02,2395.0,2.485354,14.869667,2.4830071926116943,14.856674194335938,Manual,62
P049_3_S15_C02,2517.0,2.480364,14.869667,2.472733736038208,14.864668846130371,Manual,62
P049_3_S15_C02,2637.0,2.471771,14.869667,2.4625260829925537,14.872627258300781,Manual,62
P049_3_S15_C02,2758.0,2.464056,14.869667,2.4523203372955322,14.880637168884277,Manual,62
P049_3_S15_C02,2881.0,2.456818,14.869667,2.442660093307495,14.8883695602417,Manual,62
P049_3_S15_C02,3004.0,2.445937,14.869667,2.433894395828247,14.897651672363281,Manual,62
P049_3_S15_C02,3240.0,2.434579,14.869667,2.4252684116363525,14.90694808959961,Manual,62
P051_2_S11_C05,5504.0,1.854337,23.062,2.032660722732544,23.74155616760254,Manual,62
P051_2_S11_C05,5858.0,1.706588,23.062,2.001112461090088,23.68866539001465,Manual,62
P051_2_S11_C05,6237.0,1.598978,23.062,1.9560257196426392,23.617931365966797,Manual,62
P063_3_S18_C05,5600.0,2.248487,15.905776,2.249232053756714,15.83799934387207,Manual,62
P063_3_S18_C05,5918.0,2.201492,15.905776,2.233999490737915,15.824451446533203,Manual,62
P063_3_S18_C05,6251.0,2.170797,15.905776,2.2191483974456787,15.810556411743164,Manual,62
P063_3_S18_C05,6580.0,2.14893,15.905776,2.2045395374298096,15.793404579162598,Manual,62
P063_3_S18_C05,6907.0,2.123314,15.905776,2.1899819374084473,15.770071029663086,Manual,62
P063_3_S18_C05,7239.0,2.100496,15.905776,2.175055742263794,15.745488166809082,Manual,62
P063_3_S18_C05,7576.0,2.076689,15.905776,2.160012722015381,15.719917297363281,Manual,62
P063_3_S18_C05,7915.0,2.071696,15.905776,2.1432647705078125,15.699493408203125,Manual,62
P063_3_S18_C05,8572.0,2.025095,15.905776,2.1251413822174072,15.682130813598633,Manual,62
P068_3_S08_C03,11370.0,2.187058,19.151333,2.0906665325164795,19.1577091217041,Manual,62
P068_3_S08_C03,11972.0,2.173376,19.151333,1.996710181236267,19.122167587280273,Manual,62
P068_3_S08_C03,12578.0,2.16034,19.151333,1.874131679534912,19.047210693359375,Manual,62
P068_3_S08_C03,13173.0,2.142762,19.151333,1.7457780838012695,18.86388397216797,Manual,62
P068_3_S08_C03,13760.0,2.07971,19.151333,1.6315028667449951,18.51032066345215,Manual,62
P068_3_S08_C03,14355.0,1.946286,19.151333,1.552842617034912,17.984371185302734,Manual,62
P068_3_S08_C03,14946.0,1.726823,19.151333,1.5122917890548706,17.40109634399414,Manual,62
P075_3_S19_C02,11570.0,2.370704,15.847142,2.3618433475494385,15.785125732421875,Manual,62
P075_3_S19_C02,12177.0,2.368679,15.847142,2.349220037460327,15.786297798156738,Manual,62
P075_3_S19_C02,12805.0,2.352887,15.847142,2.3371424674987793,15.788474082946777,Manual,62
P075_3_S19_C02,13422.0,2.34346,15.847142,2.3259150981903076,15.790288925170898,Manual,62
P075_3_S19_C02,14029.0,2.321794,15.847142,2.3153116703033447,15.792434692382812,Manual,62
P075_3_S19_C02,14646.0,2.31095,15.847142,2.305455207824707,15.794913291931152,Manual,62
P075_3_S19_C02,15265.0,2.299708,15.847142,2.296772003173828,15.796984672546387,Manual,62
P075_3_S19_C02,15885.0,2.292115,15.847142,2.2894091606140137,15.797687530517578,Manual,62
P075_3_S19_C02,17085.0,2.266778,15.847142,2.283057928085327,15.797112464904785,Manual,62
P004_2_S04_C11,0.0,2.713909,16.717924,2.7145047187805176,16.95359230041504,Manual,72
P004_2_S04_C11,0.0,2.70661,16.717924,2.7119500637054443,16.9572696685791,Manual,72
P004_2_S04_C11,0.0,2.701574,16.717924,2.7095720767974854,16.961732864379883,Manual,72
P004_2_S04_C11,0.0,2.696484,16.717924,2.7073960304260254,16.96870994567871,Manual,72
P004_2_S04_C11,0.0,2.692177,16.717924,2.705425977706909,16.97679901123047,Manual,72
P004_2_S04_C11,0.0,2.687612,16.717924,2.7036571502685547,16.985170364379883,Manual,72
P004_2_S04_C11,0.0,2.683562,16.717924,2.702078342437744,16.993383407592773,Manual,72
P004_2_S04_C11,0.0,2.675552,16.717924,2.70068359375,17.001285552978516,Manual,72
P004_2_S04_C11,0.0,2.673724,16.717924,2.699446201324463,17.00861167907715,Manual,72
P007_2_S09_C10,0.0,2.697726,17.456173,2.692495822906494,17.54139518737793,Manual,72
P007_2_S09_C10,0.0,2.691619,17.456173,2.689563274383545,17.54901695251465,Manual,72
P007_2_S09_C10,0.0,2.685932,17.456173,2.6866276264190674,17.55451202392578,Manual,72
P007_2_S09_C10,0.0,2.680738,17.456173,2.6839334964752197,17.56126594543457,Manual,72
P007_2_S09_C10,0.0,2.675793,17.456173,2.6814911365509033,17.56878089904785,Manual,72
P007_2_S09_C10,0.0,2.670531,17.456173,2.6793196201324463,17.576396942138672,Manual,72
P007_2_S09_C10,0.0,2.665572,17.456173,2.6774072647094727,17.58389663696289,Manual,72
P007_2_S09_C10,0.0,2.65702,17.456173,2.6757349967956543,17.591211318969727,Manual,72
P007_2_S09_C10,0.0,2.655033,17.456173,2.6742804050445557,17.598316192626953,Manual,72
P011_1_S10_C11,0.0,2.674842,17.597092,2.6629836559295654,17.710956573486328,Manual,72
P011_1_S10_C11,0.0,2.668472,17.597092,2.6584835052490234,17.721384048461914,Manual,72
P011_1_S10_C11,0.0,2.662688,17.597092,2.6538589000701904,17.730876922607422,Manual,72
P011_1_S10_C11,0.0,2.657059,17.597092,2.6494452953338623,17.742097854614258,Manual,72
P011_1_S10_C11,0.0,2.651241,17.597092,2.6452949047088623,17.75396156311035,Manual,72
P011_1_S10_C11,0.0,2.645928,17.597092,2.641450881958008,17.76581382751465,Manual,72
P011_1_S10_C11,0.0,2.640874,17.597092,2.637928009033203,17.77733039855957,Manual,72
P011_1_S10_C11,0.0,2.632689,17.597092,2.634716033935547,17.788419723510742,Manual,72
P011_1_S10_C11,0.0,2.628682,17.597092,2.631796360015869,17.7990665435791,Manual,72
P015_3_S17_C11,0.0,2.438477,16.595,2.5114643573760986,16.317228317260742,Manual,72
P015_3_S17_C11,0.0,2.410527,16.595,2.487853765487671,16.30752182006836,Manual,72
P015_3_S17_C11,0.0,2.372511,16.595,2.4626388549804688,16.29958724975586,Manual,72
P037_2_S06_C09,2249.0,2.303873,16.04656,2.3367249965667725,16.028467178344727,Manual,72
P037_2_S06_C09,2379.0,2.287498,16.04656,2.3164563179016113,16.031139373779297,Manual,72
P037_2_S06_C09,2515.0,2.269198,16.04656,2.2980258464813232,16.03275489807129,Manual,72
P037_2_S06_C09,2650.0,2.253785,16.04656,2.2791500091552734,16.033695220947266,Manual,72
P037_2_S06_C09,2784.0,2.2342,16.04656,2.2592735290527344,16.029836654663086,Manual,72
P037_2_S06_C09,2920.0,2.205066,16.04656,2.2367539405822754,16.025278091430664,Manual,72
P037_2_S06_C09,3060.0,2.170108,16.04656,2.210327386856079,16.01699447631836,Manual,72
P037_2_S06_C09,3202.0,2.116586,16.04656,2.17340087890625,16.01915740966797,Manual,72
P037_2_S06_C09,3488.0,1.997463,16.04656,2.116328716278076,16.043123245239258,Manual,72
P049_3_S15_C02,2152.0,2.500887,14.869667,2.5020954608917236,14.89359188079834,Manual,72
P049_3_S15_C02,2271.0,2.493731,14.869667,2.4898414611816406,14.898857116699219,Manual,72
P049_3_S15_C02,2395.0,2.485354,14.869667,2.4783031940460205,14.903106689453125,Manual,72
P049_3_S15_C02,2517.0,2.480364,14.869667,2.4675815105438232,14.906560897827148,Manual,72
P049_3_S15_C02,2637.0,2.471771,14.869667,2.456993818283081,14.909611701965332,Manual,72
P049_3_S15_C02,2758.0,2.464056,14.869667,2.4457130432128906,14.912101745605469,Manual,72
P049_3_S15_C02,2881.0,2.456818,14.869667,2.4343724250793457,14.913924217224121,Manual,72
P049_3_S15_C02,3004.0,2.445937,14.869667,2.423903226852417,14.916358947753906,Manual,72
P049_3_S15_C02,3240.0,2.434579,14.869667,2.4139468669891357,14.917654991149902,Manual,72
P051_2_S11_C05,5504.0,1.854337,23.062,2.0427916049957275,22.861684799194336,Manual,72
P051_2_S11_C05,5858.0,1.706588,23.062,1.982172966003418,22.818605422973633,Manual,72
P051_2_S11_C05,6237.0,1.598978,23.062,1.920738697052002,22.78516960144043,Manual,72
P063_3_S18_C05,5600.0,2.248487,15.905776,2.2944650650024414,15.625134468078613,Manual,72
P063_3_S18_C05,5918.0,2.201492,15.905776,2.2843589782714844,15.600056648254395,Manual,72
P063_3_S18_C05,6251.0,2.170797,15.905776,2.275498151779175,15.574243545532227,Manual,72
P063_3_S18_C05,6580.0,2.14893,15.905776,2.2672951221466064,15.549288749694824,Manual,72
P063_3_S18_C05,6907.0,2.123314,15.905776,2.259424924850464,15.52580738067627,Manual,72
P063_3_S18_C05,7239.0,2.100496,15.905776,2.2516837120056152,15.504000663757324,Manual,72
P063_3_S18_C05,7576.0,2.076689,15.905776,2.2439205646514893,15.483850479125977,Manual,72
P063_3_S18_C05,7915.0,2.071696,15.905776,2.2360148429870605,15.465293884277344,Manual,72
P063_3_S18_C05,8572.0,2.025095,15.905776,2.227847099304199,15.448230743408203,Manual,72
P068_3_S08_C03,11370.0,2.187058,19.151333,2.092170476913452,18.75758171081543,Manual,72
P068_3_S08_C03,11972.0,2.173376,19.151333,2.0148754119873047,18.646276473999023,Manual,72
P068_3_S08_C03,12578.0,2.16034,19.151333,1.9324920177459717,18.48385238647461,Manual,72
P068_3_S08_C03,13173.0,2.142762,19.151333,1.851849913597107,18.24752426147461,Manual,72
P068_3_S08_C03,13760.0,2.07971,19.151333,1.7775928974151611,17.929569244384766,Manual,72
P068_3_S08_C03,14355.0,1.946286,19.151333,1.711310863494873,17.558250427246094,Manual,72
P068_3_S08_C03,14946.0,1.726823,19.151333,1.6546591520309448,17.15915298461914,Manual,72
P075_3_S19_C02,11570.0,2.370704,15.847142,2.3753767013549805,15.810707092285156,Manual,72
P075_3_S19_C02,12177.0,2.368679,15.847142,2.363563299179077,15.819876670837402,Manual,72
P075_3_S19_C02,12805.0,2.352887,15.847142,2.353604555130005,15.826356887817383,Manual,72
P075_3_S19_C02,13422.0,2.34346,15.847142,2.3448359966278076,15.829279899597168,Manual,72
P075_3_S19_C02,14029.0,2.321794,15.847142,2.3365914821624756,15.830597877502441,Manual,72
P075_3_S19_C02,14646.0,2.31095,15.847142,2.3288168907165527,15.831039428710938,Manual,72
P075_3_S19_C02,15265.0,2.299708,15.847142,2.3215792179107666,15.83060359954834,Manual,72
P075_3_S19_C02,15885.0,2.292115,15.847142,2.3153421878814697,15.829375267028809,Manual,72
P075_3_S19_C02,17085.0,2.266778,15.847142,2.3096275329589844,15.827404022216797,Manual,72
P004_2_S04_C11,0.0,2.713909,16.717924,2.705745220184326,16.833980560302734,Manual,82
P004_2_S04_C11,0.0,2.70661,16.717924,2.702521324157715,16.832538604736328,Manual,82
P004_2_S04_C11,0.0,2.701574,16.717924,2.6992900371551514,16.829343795776367,Manual,82
P004_2_S04_C11,0.0,2.696484,16.717924,2.696159601211548,16.827497482299805,Manual,82
P004_2_S04_C11,0.0,2.692177,16.717924,2.69319748878479,16.82627296447754,Manual,82
P004_2_S04_C11,0.0,2.687612,16.717924,2.6904313564300537,16.8251895904541,Manual,82
P004_2_S04_C11,0.0,2.683562,16.717924,2.6878674030303955,16.82402992248535,Manual,82
P004_2_S04_C11,0.0,2.675552,16.717924,2.68550443649292,16.822668075561523,Manual,82
P004_2_S04_C11,0.0,2.673724,16.717924,2.6833131313323975,16.821086883544922,Manual,82
P007_2_S09_C10,0.0,2.697726,17.456173,2.6942431926727295,17.502450942993164,Manual,82
P007_2_S09_C10,0.0,2.691619,17.456173,2.6907706260681152,17.509166717529297,Manual,82
P007_2_S09_C10,0.0,2.685932,17.456173,2.6873116493225098,17.51354217529297,Manual,82
P007_2_S09_C10,0.0,2.680738,17.456173,2.684060573577881,17.51845932006836,Manual,82
P007_2_S09_C10,0.0,2.675793,17.456173,2.681039810180664,17.523622512817383,Manual,82
P007_2_S09_C10,0.0,2.670531,17.456173,2.6782262325286865,17.528966903686523,Manual,82
P007_2_S09_C10,0.0,2.665572,17.456173,2.6754915714263916,17.535181045532227,Manual,82
P007_2_S09_C10,0.0,2.65702,17.456173,2.6729979515075684,17.541288375854492,Manual,82
P007_2_S09_C10,0.0,2.655033,17.456173,2.6707236766815186,17.547306060791016,Manual,82
P011_1_S10_C11,0.0,2.674842,17.597092,2.6715598106384277,17.657787322998047,Manual,82
P011_1_S10_C11,0.0,2.668472,17.597092,2.666273355484009,17.66697883605957,Manual,82
P011_1_S10_C11,0.0,2.662688,17.597092,2.6609270572662354,17.673532485961914,Manual,82
P011_1_S10_C11,0.0,2.657059,17.597092,2.6557657718658447,17.680593490600586,Manual,82
P011_1_S10_C11,0.0,2.651241,17.597092,2.6508147716522217,17.687528610229492,Manual,82
P011_1_S10_C11,0.0,2.645928,17.597092,2.646095037460327,17.69415855407715,Manual,82
P011_1_S10_C11,0.0,2.640874,17.597092,2.6416141986846924,17.700302124023438,Manual,82
P011_1_S10_C11,0.0,2.632689,17.597092,2.637247085571289,17.706771850585938,Manual,82
P011_1_S10_C11,0.0,2.628682,17.597092,2.6330387592315674,17.713136672973633,Manual,82
P015_3_S17_C11,0.0,2.438477,16.595,2.506579637527466,16.10443878173828,Manual,82
P015_3_S17_C11,0.0,2.410527,16.595,2.4770281314849854,16.07354736328125,Manual,82
P015_3_S17_C11,0.0,2.372511,16.595,2.453378200531006,16.05621337890625,Manual,82
P037_2_S06_C09,2249.0,2.303873,16.04656,2.3332934379577637,16.047866821289062,Manual,82
P037_2_S06_C09,2379.0,2.287498,16.04656,2.316025972366333,16.050031661987305,Manual,82
P037_2_S06_C09,2515.0,2.269198,16.04656,2.29711651802063,16.052494049072266,Manual,82
P037_2_S06_C09,2650.0,2.253785,16.04656,2.275909900665283,16.047700881958008,Manual,82
P037_2_S06_C09,2784.0,2.2342,16.04656,2.249424457550049,16.034378051757812,Manual,82
P037_2_S06_C09,2920.0,2.205066,16.04656,2.215125322341919,16.025386810302734,Manual,82
P037_2_S06_C09,3060.0,2.170108,16.04656,2.1692633628845215,16.018774032592773,Manual,82
P037_2_S06_C09,3202.0,2.116586,16.04656,2.107161283493042,16.013671875,Manual,82
P037_2_S06_C09,3488.0,1.997463,16.04656,2.0230584144592285,16.02724838256836,Manual,82
P049_3_S15_C02,2152.0,2.500887,14.869667,2.5129029750823975,14.873823165893555,Manual,82
P049_3_S15_C02,2271.0,2.493731,14.869667,2.502086877822876,14.880725860595703,Manual,82
P049_3_S15_C02,2395.0,2.485354,14.869667,2.4925243854522705,14.8859224319458,Manual,82
P049_3_S15_C02,2517.0,2.480364,14.869667,2.4838907718658447,14.890365600585938,Manual,82
P049_3_S15_C02,2637.0,2.471771,14.869667,2.4755475521087646,14.893896102905273,Manual,82
P049_3_S15_C02,2758.0,2.464056,14.869667,2.467028856277466,14.897330284118652,Manual,82
P049_3_S15_C02,2881.0,2.456818,14.869667,2.4584157466888428,14.900619506835938,Manual,82
P049_3_S15_C02,3004.0,2.445937,14.869667,2.4497976303100586,14.90347671508789,Manual,82
P049_3_S15_C02,3240.0,2.434579,14.869667,2.441416025161743,14.906258583068848,Manual,82
P051_2_S11_C05,5504.0,1.854337,23.062,2.0132510662078857,23.168182373046875,Manual,82
P051_2_S11_C05,5858.0,1.706588,23.062,1.933162808418274,23.179363250732422,Manual,82
P051_2_S11_C05,6237.0,1.598978,23.062,1.8484851121902466,23.152448654174805,Manual,82
P063_3_S18_C05,5600.0,2.248487,15.905776,2.301974296569824,15.799545288085938,Manual,82
P063_3_S18_C05,5918.0,2.201492,15.905776,2.291454792022705,15.790929794311523,Manual,82
P063_3_S18_C05,6251.0,2.170797,15.905776,2.282236337661743,15.786043167114258,Manual,82
P063_3_S18_C05,6580.0,2.14893,15.905776,2.2736330032348633,15.7818021774292,Manual,82
P063_3_S18_C05,6907.0,2.123314,15.905776,2.26542592048645,15.776910781860352,Manual,82
P063_3_S18_C05,7239.0,2.100496,15.905776,2.2574222087860107,15.771130561828613,Manual,82
P063_3_S18_C05,7576.0,2.076689,15.905776,2.2492332458496094,15.76569652557373,Manual,82
P063_3_S18_C05,7915.0,2.071696,15.905776,2.24078369140625,15.760359764099121,Manual,82
P063_3_S18_C05,8572.0,2.025095,15.905776,2.232004404067993,15.754887580871582,Manual,82
P068_3_S08_C03,11370.0,2.187058,19.151333,2.1073291301727295,18.991764068603516,Manual,82
P068_3_S08_C03,11972.0,2.173376,19.151333,2.049003839492798,18.967824935913086,Manual,82
P068_3_S08_C03,12578.0,2.16034,19.151333,1.9781172275543213,18.965059280395508,Manual,82
P068_3_S08_C03,13173.0,2.142762,19.151333,1.8905433416366577,18.949193954467773,Manual,82
P068_3_S08_C03,13760.0,2.07971,19.151333,1.7894014120101929,18.915849685668945,Manual,82
P068_3_S08_C03,14355.0,1.946286,19.151333,1.6846628189086914,18.84814453125,Manual,82
P068_3_S08_C03,14946.0,1.726823,19.151333,1.5914385318756104,18.69622230529785,Manual,82
P075_3_S19_C02,11570.0,2.370704,15.847142,2.37896990776062,15.821769714355469,Manual,82
P075_3_S19_C02,12177.0,2.368679,15.847142,2.368318557739258,15.829955101013184,Manual,82
P075_3_S19_C02,12805.0,2.352887,15.847142,2.3585429191589355,15.835572242736816,Manual,82
P075_3_S19_C02,13422.0,2.34346,15.847142,2.3494515419006348,15.839187622070312,Manual,82
P075_3_S19_C02,14029.0,2.321794,15.847142,2.341447114944458,15.841375350952148,Manual,82
P075_3_S19_C02,14646.0,2.31095,15.847142,2.3339385986328125,15.843727111816406,Manual,82
P075_3_S19_C02,15265.0,2.299708,15.847142,2.3275086879730225,15.84579849243164,Manual,82
P075_3_S19_C02,15885.0,2.292115,15.847142,2.321908712387085,15.846184730529785,Manual,82
P075_3_S19_C02,17085.0,2.266778,15.847142,2.3171279430389404,15.845760345458984,Manual,82
P004_2_S04_C11,0.0,2.713909,16.717924,2.7121388912200928,16.717994689941406,Manual,92
P004_2_S04_C11,0.0,2.70661,16.717924,2.7096004486083984,16.713075637817383,Manual,92
P004_2_S04_C11,0.0,2.701574,16.717924,2.707202196121216,16.703447341918945,Manual,92
P004_2_S04_C11,0.0,2.696484,16.717924,2.7050271034240723,16.693988800048828,Manual,92
P004_2_S04_C11,0.0,2.692177,16.717924,2.703097105026245,16.684677124023438,Manual,92
P004_2_S04_C11,0.0,2.687612,16.717924,2.7013936042785645,16.675399780273438,Manual,92
P004_2_S04_C11,0.0,2.683562,16.717924,2.699897527694702,16.666160583496094,Manual,92
P004_2_S04_C11,0.0,2.675552,16.717924,2.6985886096954346,16.657032012939453,Manual,92
P004_2_S04_C11,0.0,2.673724,16.717924,2.697443962097168,16.648042678833008,Manual,92
P007_2_S09_C10,0.0,2.697726,17.456173,2.6882755756378174,17.398988723754883,Manual,92
P007_2_S09_C10,0.0,2.691619,17.456173,2.6848866939544678,17.404376983642578,Manual,92
P007_2_S09_C10,0.0,2.685932,17.456173,2.6814489364624023,17.404525756835938,Manual,92
P007_2_S09_C10,0.0,2.680738,17.456173,2.678220272064209,17.403806686401367,Manual,92
P007_2_S09_C10,0.0,2.675793,17.456173,2.675272226333618,17.40259552001953,Manual,92
P007_2_S09_C10,0.0,2.670531,17.456173,2.672621488571167,17.401174545288086,Manual,92
P007_2_S09_C10,0.0,2.665572,17.456173,2.670257329940796,17.39972496032715,Manual,92
P007_2_S09_C10,0.0,2.65702,17.456173,2.6681578159332275,17.398351669311523,Manual,92
P007_2_S09_C10,0.0,2.655033,17.456173,2.666297435760498,17.397104263305664,Manual,92
P011_1_S10_C11,0.0,2.674842,17.597092,2.6604583263397217,17.602144241333008,Manual,92
P011_1_S10_C11,0.0,2.668472,17.597092,2.6556665897369385,17.612606048583984,Manual,92
P011_1_S10_C11,0.0,2.662688,17.597092,2.6506857872009277,17.619165420532227,Manual,92
P011_1_S10_C11,0.0,2.657059,17.597092,2.645916223526001,17.625749588012695,Manual,92
P011_1_S10_C11,0.0,2.651241,17.597092,2.6414477825164795,17.632326126098633,Manual,92
P011_1_S10_C11,0.0,2.645928,17.597092,2.6373438835144043,17.63861846923828,Manual,92
P011_1_S10_C11,0.0,2.640874,17.597092,2.6336634159088135,17.644336700439453,Manual,92
P011_1_S10_C11,0.0,2.632689,17.597092,2.6303389072418213,17.649852752685547,Manual,92
P011_1_S10_C11,0.0,2.628682,17.597092,2.627328395843506,17.655179977416992,Manual,92
P015_3_S17_C11,0.0,2.438477,16.595,2.4831318855285645,16.06366729736328,Manual,92
P015_3_S17_C11,0.0,2.410527,16.595,2.454873561859131,16.052461624145508,Manual,92
P015_3_S17_C11,0.0,2.372511,16.595,2.4295852184295654,16.042118072509766,Manual,92
P037_2_S06_C09,2249.0,2.303873,16.04656,2.3440661430358887,16.055667877197266,Manual,92
P037_2_S06_C09,2379.0,2.287498,16.04656,2.324690103530884,16.045995712280273,Manual,92
P037_2_S06_C09,2515.0,2.269198,16.04656,2.3076188564300537,16.029481887817383,Manual,92
P037_2_S06_C09,2650.0,2.253785,16.04656,2.287769317626953,16.019624710083008,Manual,92
P037_2_S06_C09,2784.0,2.2342,16.04656,2.265211343765259,16.014909744262695,Manual,92
P037_2_S06_C09,2920.0,2.205066,16.04656,2.2394907474517822,16.010032653808594,Manual,92
P037_2_S06_C09,3060.0,2.170108,16.04656,2.2084896564483643,16.003002166748047,Manual,92
P037_2_S06_C09,3202.0,2.116586,16.04656,2.166546106338501,16.001667022705078,Manual,92
P037_2_S06_C09,3488.0,1.997463,16.04656,2.1108317375183105,16.00147247314453,Manual,92
P049_3_S15_C02,2152.0,2.500887,14.869667,2.5005483627319336,14.711159706115723,Manual,92
P049_3_S15_C02,2271.0,2.493731,14.869667,2.4886953830718994,14.71768856048584,Manual,92
P049_3_S15_C02,2395.0,2.485354,14.869667,2.4772040843963623,14.72325611114502,Manual,92
P049_3_S15_C02,2517.0,2.480364,14.869667,2.46610951423645,14.729124069213867,Manual,92
P049_3_S15_C02,2637.0,2.471771,14.869667,2.454996347427368,14.734930992126465,Manual,92
P049_3_S15_C02,2758.0,2.464056,14.869667,2.4437732696533203,14.740641593933105,Manual,92
P049_3_S15_C02,2881.0,2.456818,14.869667,2.432288646697998,14.746588706970215,Manual,92
P049_3_S15_C02,3004.0,2.445937,14.869667,2.4208595752716064,14.752476692199707,Manual,92
P049_3_S15_C02,3240.0,2.434579,14.869667,2.4093849658966064,14.75786304473877,Manual,92
P051_2_S11_C05,5504.0,1.854337,23.062,2.0177812576293945,23.6535587310791,Manual,92
P051_2_S11_C05,5858.0,1.706588,23.062,1.9671025276184082,23.81869125366211,Manual,92
P051_2_S11_C05,6237.0,1.598978,23.062,1.914482831954956,23.967594146728516,Manual,92
P063_3_S18_C05,5600.0,2.248487,15.905776,2.298335313796997,15.746767044067383,Manual,92
P063_3_S18_C05,5918.0,2.201492,15.905776,2.2873947620391846,15.727330207824707,Manual,92
P063_3_S18_C05,6251.0,2.170797,15.905776,2.2782492637634277,15.707788467407227,Manual,92
P063_3_S18_C05,6580.0,2.14893,15.905776,2.2699718475341797,15.68963623046875,Manual,92
P063_3_S18_C05,6907.0,2.123314,15.905776,2.2618861198425293,15.673940658569336,Manual,92
P063_3_S18_C05,7239.0,2.100496,15.905776,2.2539403438568115,15.659849166870117,Manual,92
P063_3_S18_C05,7576.0,2.076689,15.905776,2.245943784713745,15.647232055664062,Manual,92
P063_3_S18_C05,7915.0,2.071696,15.905776,2.237820863723755,15.63562297821045,Manual,92
P063_3_S18_C05,8572.0,2.025095,15.905776,2.2295262813568115,15.624626159667969,Manual,92
P068_3_S08_C03,11370.0,2.187058,19.151333,2.090745687484741,19.088085174560547,Manual,92
P068_3_S08_C03,11972.0,2.173376,19.151333,2.0258562564849854,19.121170043945312,Manual,92
P068_3_S08_C03,12578.0,2.16034,19.151333,1.9441691637039185,19.134687423706055,Manual,92
P068_3_S08_C03,13173.0,2.142762,19.151333,1.845933437347412,19.134479522705078,Manual,92
P068_3_S08_C03,13760.0,2.07971,19.151333,1.7359098196029663,19.088376998901367,Manual,92
P068_3_S08_C03,14355.0,1.946286,19.151333,1.6227061748504639,18.96148109436035,Manual,92
P068_3_S08_C03,14946.0,1.726823,19.151333,1.5180654525756836,18.661941528320312,Manual,92
P075_3_S19_C02,11570.0,2.370704,15.847142,2.3729875087738037,15.856566429138184,Manual,92
P075_3_S19_C02,12177.0,2.368679,15.847142,2.3621675968170166,15.860644340515137,Manual,92
P075_3_S19_C02,12805.0,2.352887,15.847142,2.3521194458007812,15.862361907958984,Manual,92
P075_3_S19_C02,13422.0,2.34346,15.847142,2.342684268951416,15.862381935119629,Manual,92
P075_3_S19_C02,14029.0,2.321794,15.847142,2.334260940551758,15.858712196350098,Manual,92
P075_3_S19_C02,14646.0,2.31095,15.847142,2.326564073562622,15.853927612304688,Manual,92
P075_3_S19_C02,15265.0,2.299708,15.847142,2.319227933883667,15.8489408493042,Manual,92
P075_3_S19_C02,15885.0,2.292115,15.847142,2.312314987182617,15.843070983886719,Manual,92
P075_3_S19_C02,17085.0,2.266778,15.847142,2.3059024810791016,15.836030006408691,Manual,92
P004_2_S04_C11,0.0,2.713909,16.717924,2.7072527408599854,16.875062942504883,Manual,102
P004_2_S04_C11,0.0,2.70661,16.717924,2.704596996307373,16.86932373046875,Manual,102
P004_2_S04_C11,0.0,2.701574,16.717924,2.702002763748169,16.862152099609375,Manual,102
P004_2_S04_C11,0.0,2.696484,16.717924,2.6995794773101807,16.85666847229004,Manual,102
P004_2_S04_C11,0.0,2.692177,16.717924,2.6973326206207275,16.85160255432129,Manual,102
P004_2_S04_C11,0.0,2.687612,16.717924,2.6952662467956543,16.846355438232422,Manual,102
P004_2_S04_C11,0.0,2.683562,16.717924,2.6933746337890625,16.840576171875,Manual,102
P004_2_S04_C11,0.0,2.675552,16.717924,2.691652536392212,16.834257125854492,Manual,102
P004_2_S04_C11,0.0,2.673724,16.717924,2.6900875568389893,16.827375411987305,Manual,102
P007_2_S09_C10,0.0,2.697726,17.456173,2.6908509731292725,17.501317977905273,Manual,102
P007_2_S09_C10,0.0,2.691619,17.456173,2.687157392501831,17.507898330688477,Manual,102
P007_2_S09_C10,0.0,2.685932,17.456173,2.6834471225738525,17.51004981994629,Manual,102
P007_2_S09_C10,0.0,2.680738,17.456173,2.679931640625,17.513092041015625,Manual,102
P007_2_S09_C10,0.0,2.675793,17.456173,2.676652669906616,17.516429901123047,Manual,102
P007_2_S09_C10,0.0,2.670531,17.456173,2.6736233234405518,17.51976203918457,Manual,102
P007_2_S09_C10,0.0,2.665572,17.456173,2.6708388328552246,17.52293586730957,Manual,102
P007_2_S09_C10,0.0,2.65702,17.456173,2.668288469314575,17.52591323852539,Manual,102
P007_2_S09_C10,0.0,2.655033,17.456173,2.665940523147583,17.528642654418945,Manual,102
P011_1_S10_C11,0.0,2.674842,17.597092,2.66489839553833,17.67607879638672,Manual,102
P011_1_S10_C11,0.0,2.668472,17.597092,2.6593120098114014,17.682130813598633,Manual,102
P011_1_S10_C11,0.0,2.662688,17.597092,2.6536636352539062,17.68250846862793,Manual,102
P011_1_S10_C11,0.0,2.657059,17.597092,2.648162841796875,17.684412002563477,Manual,102
P011_1_S10_C11,0.0,2.651241,17.597092,2.6429386138916016,17.685277938842773,Manual,102
P011_1_S10_C11,0.0,2.645928,17.597092,2.6380186080932617,17.68548011779785,Manual,102
P011_1_S10_C11,0.0,2.640874,17.597092,2.6332640647888184,17.685577392578125,Manual,102
P011_1_S10_C11,0.0,2.632689,17.597092,2.62870717048645,17.685108184814453,Manual,102
P011_1_S10_C11,0.0,2.628682,17.597092,2.624213457107544,17.6849365234375,Manual,102
P015_3_S17_C11,0.0,2.438477,16.595,2.5166616439819336,16.265745162963867,Manual,102
P015_3_S17_C11,0.0,2.410527,16.595,2.4883928298950195,16.259920120239258,Manual,102
P015_3_S17_C11,0.0,2.372511,16.595,2.4631073474884033,16.248476028442383,Manual,102
P037_2_S06_C09,2249.0,2.303873,16.04656,2.3144047260284424,16.058868408203125,Manual,102
P037_2_S06_C09,2379.0,2.287498,16.04656,2.294191837310791,16.039880752563477,Manual,102
P037_2_S06_C09,2515.0,2.269198,16.04656,2.2759854793548584,16.025711059570312,Manual,102
P037_2_S06_C09,2650.0,2.253785,16.04656,2.2582786083221436,16.015893936157227,Manual,102
P037_2_S06_C09,2784.0,2.2342,16.04656,2.240065813064575,16.00752830505371,Manual,102
P037_2_S06_C09,2920.0,2.205066,16.04656,2.2194879055023193,16.000408172607422,Manual,102
P037_2_S06_C09,3060.0,2.170108,16.04656,2.192355155944824,16.001102447509766,Manual,102
P037_2_S06_C09,3202.0,2.116586,16.04656,2.1544253826141357,16.009662628173828,Manual,102
P037_2_S06_C09,3488.0,1.997463,16.04656,2.1032309532165527,16.028076171875,Manual,102
P049_3_S15_C02,2152.0,2.500887,14.869667,2.4452836513519287,14.997401237487793,Manual,102
P049_3_S15_C02,2271.0,2.493731,14.869667,2.430098533630371,15.010995864868164,Manual,102
P049_3_S15_C02,2395.0,2.485354,14.869667,2.4136900901794434,15.025883674621582,Manual,102
P049_3_S15_C02,2517.0,2.480364,14.869667,2.39888858795166,15.036656379699707,Manual,102
P049_3_S15_C02,2637.0,2.471771,14.869667,2.3854856491088867,15.045435905456543,Manual,102
P049_3_S15_C02,2758.0,2.464056,14.869667,2.3723533153533936,15.053707122802734,Manual,102
P049_3_S15_C02,2881.0,2.456818,14.869667,2.3593804836273193,15.061352729797363,Manual,102
P049_3_S15_C02,3004.0,2.445937,14.869667,2.347543954849243,15.065532684326172,Manual,102
P049_3_S15_C02,3240.0,2.434579,14.869667,2.335951089859009,15.069701194763184,Manual,102
P051_2_S11_C05,5504.0,1.854337,23.062,1.9460123777389526,23.929153442382812,Manual,102
P051_2_S11_C05,5858.0,1.706588,23.062,1.8937450647354126,24.001632690429688,Manual,102
P051_2_S11_C05,6237.0,1.598978,23.062,1.8415497541427612,24.0421142578125,Manual,102
P063_3_S18_C05,5600.0,2.248487,15.905776,2.262986898422241,15.798604011535645,Manual,102
P063_3_S18_C05,5918.0,2.201492,15.905776,2.2499117851257324,15.775121688842773,Manual,102
P063_3_S18_C05,6251.0,2.170797,15.905776,2.2365012168884277,15.749661445617676,Manual,102
P063_3_S18_C05,6580.0,2.14893,15.905776,2.222027540206909,15.724367141723633,Manual,102
P063_3_S18_C05,6907.0,2.123314,15.905776,2.20711612701416,15.699100494384766,Manual,102
P063_3_S18_C05,7239.0,2.100496,15.905776,2.192089796066284,15.675308227539062,Manual,102
P063_3_S18_C05,7576.0,2.076689,15.905776,2.1768295764923096,15.655827522277832,Manual,102
P063_3_S18_C05,7915.0,2.071696,15.905776,2.1626367568969727,15.638659477233887,Manual,102
P063_3_S18_C05,8572.0,2.025095,15.905776,2.149395227432251,15.621953964233398,Manual,102
P068_3_S08_C03,11370.0,2.187058,19.151333,1.960278868675232,19.494712829589844,Manual,102
P068_3_S08_C03,11972.0,2.173376,19.151333,1.846198320388794,19.603107452392578,Manual,102
P068_3_S08_C03,12578.0,2.16034,19.151333,1.7276262044906616,19.692951202392578,Manual,102
P068_3_S08_C03,13173.0,2.142762,19.151333,1.6273053884506226,19.762187957763672,Manual,102
P068_3_S08_C03,13760.0,2.07971,19.151333,1.5468138456344604,19.804128646850586,Manual,102
P068_3_S08_C03,14355.0,1.946286,19.151333,1.4857391119003296,19.81563377380371,Manual,102
P068_3_S08_C03,14946.0,1.726823,19.151333,1.4417771100997925,19.801225662231445,Manual,102
P075_3_S19_C02,11570.0,2.370704,15.847142,2.37859845161438,15.814214706420898,Manual,102
P075_3_S19_C02,12177.0,2.368679,15.847142,2.3661656379699707,15.807117462158203,Manual,102
P075_3_S19_C02,12805.0,2.352887,15.847142,2.3550262451171875,15.803277015686035,Manual,102
P075_3_S19_C02,13422.0,2.34346,15.847142,2.3455848693847656,15.797662734985352,Manual,102
P075_3_S19_C02,14029.0,2.321794,15.847142,2.337191581726074,15.792899131774902,Manual,102
P075_3_S19_C02,14646.0,2.31095,15.847142,2.3293983936309814,15.7897367477417,Manual,102
P075_3_S19_C02,15265.0,2.299708,15.847142,2.3221852779388428,15.78786563873291,Manual,102
P075_3_S19_C02,15885.0,2.292115,15.847142,2.3156421184539795,15.786943435668945,Manual,102
P075_3_S19_C02,17085.0,2.266778,15.847142,2.3097522258758545,15.787056922912598,Manual,102
P004_2_S04_C11,0.0,2.713909,16.717924,2.6989283561706543,16.73477554321289,Manual,112
P004_2_S04_C11,0.0,2.70661,16.717924,2.6937007904052734,16.731386184692383,Manual,112
P004_2_S04_C11,0.0,2.701574,16.717924,2.6879770755767822,16.718793869018555,Manual,112
P004_2_S04_C11,0.0,2.696484,16.717924,2.6818957328796387,16.704519271850586,Manual,112
P004_2_S04_C11,0.0,2.692177,16.717924,2.675703763961792,16.689184188842773,Manual,112
P004_2_S04_C11,0.0,2.687612,16.717924,2.6695382595062256,16.6724796295166,Manual,112
P004_2_S04_C11,0.0,2.683562,16.717924,2.663407564163208,16.654199600219727,Manual,112
P004_2_S04_C11,0.0,2.675552,16.717924,2.6573026180267334,16.634214401245117,Manual,112
P004_2_S04_C11,0.0,2.673724,16.717924,2.651197671890259,16.61240577697754,Manual,112
P007_2_S09_C10,0.0,2.697726,17.456173,2.6898417472839355,17.422578811645508,Manual,112
P007_2_S09_C10,0.0,2.691619,17.456173,2.6847198009490967,17.425922393798828,Manual,112
P007_2_S09_C10,0.0,2.685932,17.456173,2.6795642375946045,17.423715591430664,Manual,112
P007_2_S09_C10,0.0,2.680738,17.456173,2.6745574474334717,17.421199798583984,Manual,112
P007_2_S09_C10,0.0,2.675793,17.456173,2.6697723865509033,17.41851234436035,Manual,112
P007_2_S09_C10,0.0,2.670531,17.456173,2.6652398109436035,17.415733337402344,Manual,112
P007_2_S09_C10,0.0,2.665572,17.456173,2.6609654426574707,17.41289710998535,Manual,112
P007_2_S09_C10,0.0,2.65702,17.456173,2.656968116760254,17.410627365112305,Manual,112
P007_2_S09_C10,0.0,2.655033,17.456173,2.653221368789673,17.40891456604004,Manual,112
P011_1_S10_C11,0.0,2.674842,17.597092,2.6699471473693848,17.572053909301758,Manual,112
P011_1_S10_C11,0.0,2.668472,17.597092,2.663327217102051,17.57600975036621,Manual,112
P011_1_S10_C11,0.0,2.662688,17.597092,2.6566789150238037,17.5736141204834,Manual,112
P011_1_S10_C11,0.0,2.657059,17.597092,2.6501548290252686,17.570911407470703,Manual,112
P011_1_S10_C11,0.0,2.651241,17.597092,2.6437876224517822,17.56795883178711,Manual,112
P011_1_S10_C11,0.0,2.645928,17.597092,2.6375842094421387,17.56492042541504,Manual,112
P011_1_S10_C11,0.0,2.640874,17.597092,2.6315367221832275,17.561880111694336,Manual,112
P011_1_S10_C11,0.0,2.632689,17.597092,2.6256556510925293,17.55862808227539,Manual,112
P011_1_S10_C11,0.0,2.628682,17.597092,2.619931697845459,17.555160522460938,Manual,112
P015_3_S17_C11,0.0,2.438477,16.595,2.5202205181121826,16.362895965576172,Manual,112
P015_3_S17_C11,0.0,2.410527,16.595,2.4957332611083984,16.358665466308594,Manual,112
P015_3_S17_C11,0.0,2.372511,16.595,2.4745514392852783,16.35677719116211,Manual,112
P037_2_S06_C09,2249.0,2.303873,16.04656,2.3257639408111572,16.0869197845459,Manual,112
P037_2_S06_C09,2379.0,2.287498,16.04656,2.306147813796997,16.08030891418457,Manual,112
P037_2_S06_C09,2515.0,2.269198,16.04656,2.2913906574249268,16.075929641723633,Manual,112
P037_2_S06_C09,2650.0,2.253785,16.04656,2.277669668197632,16.074813842773438,Manual,112
P037_2_S06_C09,2784.0,2.2342,16.04656,2.2638039588928223,16.077972412109375,Manual,112
P037_2_S06_C09,2920.0,2.205066,16.04656,2.2489876747131348,16.08340835571289,Manual,112
P037_2_S06_C09,3060.0,2.170108,16.04656,2.2307629585266113,16.09221839904785,Manual,112
P037_2_S06_C09,3202.0,2.116586,16.04656,2.208495616912842,16.094690322875977,Manual,112
P037_2_S06_C09,3488.0,1.997463,16.04656,2.1771650314331055,16.07455062866211,Manual,112
P049_3_S15_C02,2152.0,2.500887,14.869667,2.5217535495758057,14.913456916809082,Manual,112
P049_3_S15_C02,2271.0,2.493731,14.869667,2.5126492977142334,14.920877456665039,Manual,112
P049_3_S15_C02,2395.0,2.485354,14.869667,2.504863977432251,14.927599906921387,Manual,112
P049_3_S15_C02,2517.0,2.480364,14.869667,2.4979324340820312,14.934126853942871,Manual,112
P049_3_S15_C02,2637.0,2.471771,14.869667,2.491248846054077,14.940467834472656,Manual,112
P049_3_S15_C02,2758.0,2.464056,14.869667,2.4844281673431396,14.946510314941406,Manual,112
P049_3_S15_C02,2881.0,2.456818,14.869667,2.4776201248168945,14.952542304992676,Manual,112
P049_3_S15_C02,3004.0,2.445937,14.869667,2.470767021179199,14.95861530303955,Manual,112
P049_3_S15_C02,3240.0,2.434579,14.869667,2.4640393257141113,14.964685440063477,Manual,112
P051_2_S11_C05,5504.0,1.854337,23.062,2.0141286849975586,23.204574584960938,Manual,112
P051_2_S11_C05,5858.0,1.706588,23.062,1.9386534690856934,23.174951553344727,Manual,112
P051_2_S11_C05,6237.0,1.598978,23.062,1.845479965209961,23.132673263549805,Manual,112
P063_3_S18_C05,5600.0,2.248487,15.905776,2.268332004547119,15.813289642333984,Manual,112
P063_3_S18_C05,5918.0,2.201492,15.905776,2.2571544647216797,15.808528900146484,Manual,112
P063_3_S18_C05,6251.0,2.170797,15.905776,2.2472035884857178,15.8082857131958,Manual,112
P063_3_S18_C05,6580.0,2.14893,15.905776,2.238186836242676,15.812705039978027,Manual,112
P063_3_S18_C05,6907.0,2.123314,15.905776,2.230372905731201,15.818718910217285,Manual,112
P063_3_S18_C05,7239.0,2.100496,15.905776,2.223330497741699,15.827316284179688,Manual,112
P063_3_S18_C05,7576.0,2.076689,15.905776,2.2168445587158203,15.838275909423828,Manual,112
P063_3_S18_C05,7915.0,2.071696,15.905776,2.210808277130127,15.850310325622559,Manual,112
P063_3_S18_C05,8572.0,2.025095,15.905776,2.2048490047454834,15.863184928894043,Manual,112
P068_3_S08_C03,11370.0,2.187058,19.151333,2.156477928161621,18.90859603881836,Manual,112
P068_3_S08_C03,11972.0,2.173376,19.151333,2.0672767162323,18.83358383178711,Manual,112
P068_3_S08_C03,12578.0,2.16034,19.151333,1.9479424953460693,18.74294090270996,Manual,112
P068_3_S08_C03,13173.0,2.142762,19.151333,1.8129830360412598,18.680768966674805,Manual,112
P068_3_S08_C03,13760.0,2.07971,19.151333,1.6809008121490479,18.622058868408203,Manual,112
P068_3_S08_C03,14355.0,1.946286,19.151333,1.587947964668274,18.482585906982422,Manual,112
P068_3_S08_C03,14946.0,1.726823,19.151333,1.5435044765472412,18.226470947265625,Manual,112
P075_3_S19_C02,11570.0,2.370704,15.847142,2.387889862060547,15.77849006652832,Manual,112
P075_3_S19_C02,12177.0,2.368679,15.847142,2.376483678817749,15.759920120239258,Manual,112
P075_3_S19_C02,12805.0,2.352887,15.847142,2.366499900817871,15.74377155303955,Manual,112
P075_3_S19_C02,13422.0,2.34346,15.847142,2.3570377826690674,15.731228828430176,Manual,112
P075_3_S19_C02,14029.0,2.321794,15.847142,2.347860813140869,15.721288681030273,Manual,112
P075_3_S19_C02,14646.0,2.31095,15.847142,2.338686227798462,15.71336555480957,Manual,112
P075_3_S19_C02,15265.0,2.299708,15.847142,2.3297605514526367,15.70708179473877,Manual,112
P075_3_S19_C02,15885.0,2.292115,15.847142,2.321044921875,15.702305793762207,Manual,112
P075_3_S19_C02,17085.0,2.266778,15.847142,2.3126442432403564,15.698668479919434,Manual,112
P004_2_S04_C11,0.0,2.713909,16.717924,2.7090518474578857,16.834232330322266,Manual,122
P004_2_S04_C11,0.0,2.70661,16.717924,2.706803798675537,16.83038330078125,Manual,122
P004_2_S04_C11,0.0,2.701574,16.717924,2.70458984375,16.826677322387695,Manual,122
P004_2_S04_C11,0.0,2.696484,16.717924,2.7024929523468018,16.8237247467041,Manual,122
P004_2_S04_C11,0.0,2.692177,16.717924,2.700526237487793,16.820653915405273,Manual,122
P004_2_S04_C11,0.0,2.687612,16.717924,2.6987228393554688,16.81759262084961,Manual,122
P004_2_S04_C11,0.0,2.683562,16.717924,2.697106122970581,16.81461524963379,Manual,122
P004_2_S04_C11,0.0,2.675552,16.717924,2.6956546306610107,16.8114070892334,Manual,122
P004_2_S04_C11,0.0,2.673724,16.717924,2.694348096847534,16.80803680419922,Manual,122
P007_2_S09_C10,0.0,2.697726,17.456173,2.692047119140625,17.4693546295166,Manual,122
P007_2_S09_C10,0.0,2.691619,17.456173,2.6892857551574707,17.4693660736084,Manual,122
P007_2_S09_C10,0.0,2.685932,17.456173,2.6864724159240723,17.467012405395508,Manual,122
P007_2_S09_C10,0.0,2.680738,17.456173,2.6838228702545166,17.46458625793457,Manual,122
P007_2_S09_C10,0.0,2.675793,17.456173,2.681373119354248,17.461915969848633,Manual,122
P007_2_S09_C10,0.0,2.670531,17.456173,2.6791329383850098,17.45899200439453,Manual,122
P007_2_S09_C10,0.0,2.665572,17.456173,2.6770944595336914,17.455852508544922,Manual,122
P007_2_S09_C10,0.0,2.65702,17.456173,2.675246238708496,17.452560424804688,Manual,122
P007_2_S09_C10,0.0,2.655033,17.456173,2.6735715866088867,17.449167251586914,Manual,122
P011_1_S10_C11,0.0,2.674842,17.597092,2.672980308532715,17.64781951904297,Manual,122
P011_1_S10_C11,0.0,2.668472,17.597092,2.668992280960083,17.649351119995117,Manual,122
P011_1_S10_C11,0.0,2.662688,17.597092,2.664820671081543,17.64863395690918,Manual,122
P011_1_S10_C11,0.0,2.657059,17.597092,2.660820245742798,17.648408889770508,Manual,122
P011_1_S10_C11,0.0,2.651241,17.597092,2.6570093631744385,17.648006439208984,Manual,122
P011_1_S10_C11,0.0,2.645928,17.597092,2.653395891189575,17.647146224975586,Manual,122
P011_1_S10_C11,0.0,2.640874,17.597092,2.649967908859253,17.64569091796875,Manual,122
P011_1_S10_C11,0.0,2.632689,17.597092,2.6467161178588867,17.643619537353516,Manual,122
P011_1_S10_C11,0.0,2.628682,17.597092,2.6436285972595215,17.640933990478516,Manual,122
P015_3_S17_C11,0.0,2.438477,16.595,2.4953460693359375,16.255701065063477,Manual,122
P015_3_S17_C11,0.0,2.410527,16.595,2.469208240509033,16.25811767578125,Manual,122
P015_3_S17_C11,0.0,2.372511,16.595,2.4457509517669678,16.255521774291992,Manual,122
P037_2_S06_C09,2249.0,2.303873,16.04656,2.3092384338378906,16.063541412353516,Manual,122
P037_2_S06_C09,2379.0,2.287498,16.04656,2.2848620414733887,16.045429229736328,Manual,122
P037_2_S06_C09,2515.0,2.269198,16.04656,2.260242462158203,16.02235984802246,Manual,122
P037_2_S06_C09,2650.0,2.253785,16.04656,2.232651710510254,15.999802589416504,Manual,122
P037_2_S06_C09,2784.0,2.2342,16.04656,2.1917989253997803,15.996411323547363,Manual,122
P037_2_S06_C09,2920.0,2.205066,16.04656,2.1344659328460693,16.004154205322266,Manual,122
P037_2_S06_C09,3060.0,2.170108,16.04656,2.062535047531128,16.011865615844727,Manual,122
P037_2_S06_C09,3202.0,2.116586,16.04656,1.9730347394943237,16.02761459350586,Manual,122
P037_2_S06_C09,3488.0,1.997463,16.04656,1.8685541152954102,16.03730583190918,Manual,122
P049_3_S15_C02,2152.0,2.500887,14.869667,2.4821836948394775,14.76624870300293,Manual,122
P049_3_S15_C02,2271.0,2.493731,14.869667,2.469094753265381,14.779009819030762,Manual,122
P049_3_S15_C02,2395.0,2.485354,14.869667,2.455676794052124,14.79143238067627,Manual,122
P049_3_S15_C02,2517.0,2.480364,14.869667,2.4423139095306396,14.803658485412598,Manual,122
P049_3_S15_C02,2637.0,2.471771,14.869667,2.429028034210205,14.815589904785156,Manual,122
P049_3_S15_C02,2758.0,2.464056,14.869667,2.4159927368164062,14.826569557189941,Manual,122
P049_3_S15_C02,2881.0,2.456818,14.869667,2.4047818183898926,14.835891723632812,Manual,122
P049_3_S15_C02,3004.0,2.445937,14.869667,2.394183874130249,14.84517765045166,Manual,122
P049_3_S15_C02,3240.0,2.434579,14.869667,2.3839874267578125,14.854186058044434,Manual,122
P051_2_S11_C05,5504.0,1.854337,23.062,1.9774909019470215,23.41682243347168,Manual,122
P051_2_S11_C05,5858.0,1.706588,23.062,1.8895167112350464,23.529449462890625,Manual,122
P051_2_S11_C05,6237.0,1.598978,23.062,1.7949950695037842,23.676898956298828,Manual,122
P063_3_S18_C05,5600.0,2.248487,15.905776,2.2654225826263428,15.592741012573242,Manual,122
P063_3_S18_C05,5918.0,2.201492,15.905776,2.25172758102417,15.578758239746094,Manual,122
P063_3_S18_C05,6251.0,2.170797,15.905776,2.2391278743743896,15.563822746276855,Manual,122
P063_3_S18_C05,6580.0,2.14893,15.905776,2.2274553775787354,15.547755241394043,Manual,122
P063_3_S18_C05,6907.0,2.123314,15.905776,2.216468095779419,15.531548500061035,Manual,122
P063_3_S18_C05,7239.0,2.100496,15.905776,2.2059566974639893,15.5159273147583,Manual,122
P063_3_S18_C05,7576.0,2.076689,15.905776,2.1954381465911865,15.502402305603027,Manual,122
P063_3_S18_C05,7915.0,2.071696,15.905776,2.184839963912964,15.49084758758545,Manual,122
P063_3_S18_C05,8572.0,2.025095,15.905776,2.174438714981079,15.479795455932617,Manual,122
P068_3_S08_C03,11370.0,2.187058,19.151333,2.0988168716430664,19.01762580871582,Manual,122
P068_3_S08_C03,11972.0,2.173376,19.151333,2.000488042831421,18.92259979248047,Manual,122
P068_3_S08_C03,12578.0,2.16034,19.151333,1.8927127122879028,18.793306350708008,Manual,122
P068_3_S08_C03,13173.0,2.142762,19.151333,1.781376600265503,18.617795944213867,Manual,122
P068_3_S08_C03,13760.0,2.07971,19.151333,1.6679121255874634,18.367454528808594,Manual,122
P068_3_S08_C03,14355.0,1.946286,19.151333,1.5624269247055054,18.029172897338867,Manual,122
P068_3_S08_C03,14946.0,1.726823,19.151333,1.4735300540924072,17.634029388427734,Manual,122
P075_3_S19_C02,11570.0,2.370704,15.847142,2.3741109371185303,15.787765502929688,Manual,122
P075_3_S19_C02,12177.0,2.368679,15.847142,2.362642288208008,15.78919506072998,Manual,122
P075_3_S19_C02,12805.0,2.352887,15.847142,2.3517677783966064,15.789381980895996,Manual,122
P075_3_S19_C02,13422.0,2.34346,15.847142,2.3415141105651855,15.788543701171875,Manual,122
P075_3_S19_C02,14029.0,2.321794,15.847142,2.331822633743286,15.787060737609863,Manual,122
P075_3_S19_C02,14646.0,2.31095,15.847142,2.322955369949341,15.784618377685547,Manual,122
P075_3_S19_C02,15265.0,2.299708,15.847142,2.31540846824646,15.779435157775879,Manual,122
P075_3_S19_C02,15885.0,2.292115,15.847142,2.3083245754241943,15.77403736114502,Manual,122
P075_3_S19_C02,17085.0,2.266778,15.847142,2.3016366958618164,15.76862621307373,Manual,122
P004_2_S04_C11,0.0,2.713909,16.717924,2.7143876552581787,16.976428985595703,Manual,132
P004_2_S04_C11,0.0,2.70661,16.717924,2.710993766784668,16.99263572692871,Manual,132
P004_2_S04_C11,0.0,2.701574,16.717924,2.7076680660247803,17.0054931640625,Manual,132
P004_2_S04_C11,0.0,2.696484,16.717924,2.704456090927124,17.021827697753906,Manual,132
P004_2_S04_C11,0.0,2.692177,16.717924,2.7013885974884033,17.03943634033203,Manual,132
P004_2_S04_C11,0.0,2.687612,16.717924,2.698450803756714,17.058595657348633,Manual,132
P004_2_S04_C11,0.0,2.683562,16.717924,2.695683002471924,17.077804565429688,Manual,132
P004_2_S04_C11,0.0,2.675552,16.717924,2.6931629180908203,17.095596313476562,Manual,132
P004_2_S04_C11,0.0,2.673724,16.717924,2.6908926963806152,17.113243103027344,Manual,132
P007_2_S09_C10,0.0,2.697726,17.456173,2.701521873474121,17.510587692260742,Manual,132
P007_2_S09_C10,0.0,2.691619,17.456173,2.6981213092803955,17.52239418029785,Manual,132
P007_2_S09_C10,0.0,2.685932,17.456173,2.694554328918457,17.529407501220703,Manual,132
P007_2_S09_C10,0.0,2.680738,17.456173,2.6912715435028076,17.53770637512207,Manual,132
P007_2_S09_C10,0.0,2.675793,17.456173,2.6882312297821045,17.547224044799805,Manual,132
P007_2_S09_C10,0.0,2.670531,17.456173,2.6854116916656494,17.556934356689453,Manual,132
P007_2_S09_C10,0.0,2.665572,17.456173,2.682828187942505,17.567190170288086,Manual,132
P007_2_S09_C10,0.0,2.65702,17.456173,2.6804609298706055,17.57695198059082,Manual,132
P007_2_S09_C10,0.0,2.655033,17.456173,2.678272247314453,17.58666229248047,Manual,132
P011_1_S10_C11,0.0,2.674842,17.597092,2.678222417831421,17.68933868408203,Manual,132
P011_1_S10_C11,0.0,2.668472,17.597092,2.67292857170105,17.699222564697266,Manual,132
P011_1_S10_C11,0.0,2.662688,17.597092,2.6675097942352295,17.705198287963867,Manual,132
P011_1_S10_C11,0.0,2.657059,17.597092,2.6623165607452393,17.7130069732666,Manual,132
P011_1_S10_C11,0.0,2.651241,17.597092,2.6572906970977783,17.72198486328125,Manual,132
P011_1_S10_C11,0.0,2.645928,17.597092,2.652395486831665,17.73095703125,Manual,132
P011_1_S10_C11,0.0,2.640874,17.597092,2.6476523876190186,17.73938751220703,Manual,132
P011_1_S10_C11,0.0,2.632689,17.597092,2.6430447101593018,17.7473201751709,Manual,132
P011_1_S10_C11,0.0,2.628682,17.597092,2.6387014389038086,17.75374412536621,Manual,132
P015_3_S17_C11,0.0,2.438477,16.595,2.528183698654175,16.106464385986328,Manual,132
P015_3_S17_C11,0.0,2.410527,16.595,2.5000293254852295,16.047428131103516,Manual,132
P015_3_S17_C11,0.0,2.372511,16.595,2.4755561351776123,16.005619049072266,Manual,132
P037_2_S06_C09,2249.0,2.303873,16.04656,2.3297228813171387,16.059843063354492,Manual,132
P037_2_S06_C09,2379.0,2.287498,16.04656,2.3116815090179443,16.060626983642578,Manual,132
P037_2_S06_C09,2515.0,2.269198,16.04656,2.2935092449188232,16.054475784301758,Manual,132
P037_2_S06_C09,2650.0,2.253785,16.04656,2.2731447219848633,16.042755126953125,Manual,132
P037_2_S06_C09,2784.0,2.2342,16.04656,2.2486214637756348,16.03101348876953,Manual,132
P037_2_S06_C09,2920.0,2.205066,16.04656,2.217477560043335,16.02005386352539,Manual,132
P037_2_S06_C09,3060.0,2.170108,16.04656,2.1725900173187256,16.025297164916992,Manual,132
P037_2_S06_C09,3202.0,2.116586,16.04656,2.1117055416107178,16.048391342163086,Manual,132
P037_2_S06_C09,3488.0,1.997463,16.04656,2.0323264598846436,16.07870864868164,Manual,132
P049_3_S15_C02,2152.0,2.500887,14.869667,2.5249133110046387,14.731138229370117,Manual,132
P049_3_S15_C02,2271.0,2.493731,14.869667,2.5155067443847656,14.746280670166016,Manual,132
P049_3_S15_C02,2395.0,2.485354,14.869667,2.5079572200775146,14.758275985717773,Manual,132
P049_3_S15_C02,2517.0,2.480364,14.869667,2.5012502670288086,14.767193794250488,Manual,132
P049_3_S15_C02,2637.0,2.471771,14.869667,2.4947547912597656,14.773795127868652,Manual,132
P049_3_S15_C02,2758.0,2.464056,14.869667,2.4882450103759766,14.778413772583008,Manual,132
P049_3_S15_C02,2881.0,2.456818,14.869667,2.481287956237793,14.78240966796875,Manual,132
P049_3_S15_C02,3004.0,2.445937,14.869667,2.474249839782715,14.785178184509277,Manual,132
P049_3_S15_C02,3240.0,2.434579,14.869667,2.467078924179077,14.78699016571045,Manual,132
P051_2_S11_C05,5504.0,1.854337,23.062,1.9555646181106567,23.644594192504883,Manual,132
P051_2_S11_C05,5858.0,1.706588,23.062,1.8519465923309326,23.65998649597168,Manual,132
P051_2_S11_C05,6237.0,1.598978,23.062,1.737027645111084,23.650497436523438,Manual,132
P063_3_S18_C05,5600.0,2.248487,15.905776,2.274102210998535,15.935060501098633,Manual,132
P063_3_S18_C05,5918.0,2.201492,15.905776,2.260586738586426,15.91909408569336,Manual,132
P063_3_S18_C05,6251.0,2.170797,15.905776,2.247598171234131,15.903397560119629,Manual,132
P063_3_S18_C05,6580.0,2.14893,15.905776,2.2346737384796143,15.887616157531738,Manual,132
P063_3_S18_C05,6907.0,2.123314,15.905776,2.2214832305908203,15.871760368347168,Manual,132
P063_3_S18_C05,7239.0,2.100496,15.905776,2.2077414989471436,15.85622501373291,Manual,132
P063_3_S18_C05,7576.0,2.076689,15.905776,2.193413019180298,15.840299606323242,Manual,132
P063_3_S18_C05,7915.0,2.071696,15.905776,2.178285837173462,15.824767112731934,Manual,132
P063_3_S18_C05,8572.0,2.025095,15.905776,2.1618993282318115,15.809794425964355,Manual,132
P068_3_S08_C03,11370.0,2.187058,19.151333,2.1364965438842773,19.17987060546875,Manual,132
P068_3_S08_C03,11972.0,2.173376,19.151333,2.0683345794677734,19.18093490600586,Manual,132
P068_3_S08_C03,12578.0,2.16034,19.151333,1.989484190940857,19.322341918945312,Manual,132
P068_3_S08_C03,13173.0,2.142762,19.151333,1.8885492086410522,19.540939331054688,Manual,132
P068_3_S08_C03,13760.0,2.07971,19.151333,1.7696053981781006,19.764921188354492,Manual,132
P068_3_S08_C03,14355.0,1.946286,19.151333,1.6489863395690918,19.931196212768555,Manual,132
P068_3_S08_C03,14946.0,1.726823,19.151333,1.5489416122436523,19.95452308654785,Manual,132
P075_3_S19_C02,11570.0,2.370704,15.847142,2.3694028854370117,15.727632522583008,Manual,132
P075_3_S19_C02,12177.0,2.368679,15.847142,2.358396530151367,15.741291999816895,Manual,132
P075_3_S19_C02,12805.0,2.352887,15.847142,2.348148822784424,15.755154609680176,Manual,132
P075_3_S19_C02,13422.0,2.34346,15.847142,2.3386008739471436,15.766729354858398,Manual,132
P075_3_S19_C02,14029.0,2.321794,15.847142,2.3294129371643066,15.77789306640625,Manual,132
P075_3_S19_C02,14646.0,2.31095,15.847142,2.321500301361084,15.787480354309082,Manual,132
P075_3_S19_C02,15265.0,2.299708,15.847142,2.314929246902466,15.794889450073242,Manual,132
P075_3_S19_C02,15885.0,2.292115,15.847142,2.309544086456299,15.800901412963867,Manual,132
P075_3_S19_C02,17085.0,2.266778,15.847142,2.304579496383667,15.805852890014648,Manual,132
P004_2_S04_C11,0.0,2.713909,16.717924,2.711775064468384,16.91402816772461,NSGA-II,42
P004_2_S04_C11,0.0,2.70661,16.717924,2.706251621246338,16.950353622436523,NSGA-II,42
P004_2_S04_C11,0.0,2.701574,16.717924,2.7006514072418213,16.983497619628906,NSGA-II,42
P004_2_S04_C11,0.0,2.696484,16.717924,2.6951563358306885,17.013029098510742,NSGA-II,42
P004_2_S04_C11,0.0,2.692177,16.717924,2.6898460388183594,17.04266357421875,NSGA-II,42
P004_2_S04_C11,0.0,2.687612,16.717924,2.684499740600586,17.073457717895508,NSGA-II,42
P004_2_S04_C11,0.0,2.683562,16.717924,2.679175853729248,17.10335350036621,NSGA-II,42
P004_2_S04_C11,0.0,2.675552,16.717924,2.6739962100982666,17.131290435791016,NSGA-II,42
P004_2_S04_C11,0.0,2.673724,16.717924,2.668912410736084,17.157644271850586,NSGA-II,42
P007_2_S09_C10,0.0,2.697726,17.456173,2.705049991607666,17.45452308654785,NSGA-II,42
P007_2_S09_C10,0.0,2.691619,17.456173,2.7011313438415527,17.451818466186523,NSGA-II,42
P007_2_S09_C10,0.0,2.685932,17.456173,2.6974446773529053,17.449129104614258,NSGA-II,42
P007_2_S09_C10,0.0,2.680738,17.456173,2.693927526473999,17.446374893188477,NSGA-II,42
P007_2_S09_C10,0.0,2.675793,17.456173,2.6905715465545654,17.443634033203125,NSGA-II,42
P007_2_S09_C10,0.0,2.670531,17.456173,2.687370777130127,17.440898895263672,NSGA-II,42
P007_2_S09_C10,0.0,2.665572,17.456173,2.6843183040618896,17.438154220581055,NSGA-II,42
P007_2_S09_C10,0.0,2.65702,17.456173,2.6814332008361816,17.435791015625,NSGA-II,42
P007_2_S09_C10,0.0,2.655033,17.456173,2.6786954402923584,17.434236526489258,NSGA-II,42
P011_1_S10_C11,0.0,2.674842,17.597092,2.679673194885254,17.629369735717773,NSGA-II,42
P011_1_S10_C11,0.0,2.668472,17.597092,2.674767255783081,17.636659622192383,NSGA-II,42
P011_1_S10_C11,0.0,2.662688,17.597092,2.670085906982422,17.643587112426758,NSGA-II,42
P011_1_S10_C11,0.0,2.657059,17.597092,2.6655800342559814,17.65044403076172,NSGA-II,42
P011_1_S10_C11,0.0,2.651241,17.597092,2.661289930343628,17.657176971435547,NSGA-II,42
P011_1_S10_C11,0.0,2.645928,17.597092,2.657203197479248,17.663776397705078,NSGA-II,42
P011_1_S10_C11,0.0,2.640874,17.597092,2.653310775756836,17.67022705078125,NSGA-II,42
P011_1_S10_C11,0.0,2.632689,17.597092,2.6495940685272217,17.676679611206055,NSGA-II,42
P011_1_S10_C11,0.0,2.628682,17.597092,2.646015167236328,17.683622360229492,NSGA-II,42
P015_3_S17_C11,0.0,2.438477,16.595,2.4919660091400146,16.652250289916992,NSGA-II,42
P015_3_S17_C11,0.0,2.410527,16.595,2.477667808532715,16.668424606323242,NSGA-II,42
P015_3_S17_C11,0.0,2.372511,16.595,2.461995840072632,16.68644142150879,NSGA-II,42
P037_2_S06_C09,2249.0,2.303873,16.04656,2.3018534183502197,16.067523956298828,NSGA-II,42
P037_2_S06_C09,2379.0,2.287498,16.04656,2.2750155925750732,16.07927894592285,NSGA-II,42
P037_2_S06_C09,2515.0,2.269198,16.04656,2.2431609630584717,16.09975814819336,NSGA-II,42
P037_2_S06_C09,2650.0,2.253785,16.04656,2.2010252475738525,16.124353408813477,NSGA-II,42
P037_2_S06_C09,2784.0,2.2342,16.04656,2.1427626609802246,16.167123794555664,NSGA-II,42
P037_2_S06_C09,2920.0,2.205066,16.04656,2.06463360786438,16.22542953491211,NSGA-II,42
P037_2_S06_C09,3060.0,2.170108,16.04656,1.9620572328567505,16.31599235534668,NSGA-II,42
P037_2_S06_C09,3202.0,2.116586,16.04656,1.8440768718719482,16.435304641723633,NSGA-II,42
P037_2_S06_C09,3488.0,1.997463,16.04656,1.7172858715057373,16.602336883544922,NSGA-II,42
P049_3_S15_C02,2152.0,2.500887,14.869667,2.523622751235962,14.924798011779785,NSGA-II,42
P049_3_S15_C02,2271.0,2.493731,14.869667,2.5250768661499023,14.926161766052246,NSGA-II,42
P049_3_S15_C02,2395.0,2.485354,14.869667,2.5266387462615967,14.925992965698242,NSGA-II,42
P049_3_S15_C02,2517.0,2.480364,14.869667,2.5282371044158936,14.92513370513916,NSGA-II,42
P049_3_S15_C02,2637.0,2.471771,14.869667,2.529750347137451,14.923851013183594,NSGA-II,42
P049_3_S15_C02,2758.0,2.464056,14.869667,2.5311121940612793,14.922306060791016,NSGA-II,42
P049_3_S15_C02,2881.0,2.456818,14.869667,2.532277822494507,14.920589447021484,NSGA-II,42
P049_3_S15_C02,3004.0,2.445937,14.869667,2.5332190990448,14.918750762939453,NSGA-II,42
P049_3_S15_C02,3240.0,2.434579,14.869667,2.533928394317627,14.916830062866211,NSGA-II,42
P051_2_S11_C05,5504.0,1.854337,23.062,1.908273458480835,23.04465675354004,NSGA-II,42
P051_2_S11_C05,5858.0,1.706588,23.062,1.7921222448349,22.99414825439453,NSGA-II,42
P051_2_S11_C05,6237.0,1.598978,23.062,1.6411705017089844,22.93025779724121,NSGA-II,42
P063_3_S18_C05,5600.0,2.248487,15.905776,2.2390079498291016,16.08321762084961,NSGA-II,42
P063_3_S18_C05,5918.0,2.201492,15.905776,2.207245349884033,16.130529403686523,NSGA-II,42
P063_3_S18_C05,6251.0,2.170797,15.905776,2.1739892959594727,16.174551010131836,NSGA-II,42
P063_3_S18_C05,6580.0,2.14893,15.905776,2.1368956565856934,16.218650817871094,NSGA-II,42
P063_3_S18_C05,6907.0,2.123314,15.905776,2.0950117111206055,16.270835876464844,NSGA-II,42
P063_3_S18_C05,7239.0,2.100496,15.905776,2.047116756439209,16.34003257751465,NSGA-II,42
P063_3_S18_C05,7576.0,2.076689,15.905776,1.9931260347366333,16.41752052307129,NSGA-II,42
P063_3_S18_C05,7915.0,2.071696,15.905776,1.9271432161331177,16.503746032714844,NSGA-II,42
P063_3_S18_C05,8572.0,2.025095,15.905776,1.8449974060058594,16.622453689575195,NSGA-II,42
P068_3_S08_C03,11370.0,2.187058,19.151333,2.1640267372131348,19.137849807739258,NSGA-II,42
P068_3_S08_C03,11972.0,2.173376,19.151333,2.1151130199432373,19.124296188354492,NSGA-II,42
P068_3_S08_C03,12578.0,2.16034,19.151333,2.042816638946533,19.14409065246582,NSGA-II,42
P068_3_S08_C03,13173.0,2.142762,19.151333,1.922864556312561,19.180316925048828,NSGA-II,42
P068_3_S08_C03,13760.0,2.07971,19.151333,1.7471529245376587,19.243452072143555,NSGA-II,42
P068_3_S08_C03,14355.0,1.946286,19.151333,1.5189018249511719,19.33714485168457,NSGA-II,42
P068_3_S08_C03,14946.0,1.726823,19.151333,1.2628049850463867,19.421932220458984,NSGA-II,42
P075_3_S19_C02,11570.0,2.370704,15.847142,2.3603932857513428,15.89244556427002,NSGA-II,42
P075_3_S19_C02,12177.0,2.368679,15.847142,2.3456106185913086,15.910726547241211,NSGA-II,42
P075_3_S19_C02,12805.0,2.352887,15.847142,2.3317785263061523,15.926753044128418,NSGA-II,42
P075_3_S19_C02,13422.0,2.34346,15.847142,2.318899393081665,15.939323425292969,NSGA-II,42
P075_3_S19_C02,14029.0,2.321794,15.847142,2.3075366020202637,15.947108268737793,NSGA-II,42
P075_3_S19_C02,14646.0,2.31095,15.847142,2.297562837600708,15.952530860900879,NSGA-II,42
P075_3_S19_C02,15265.0,2.299708,15.847142,2.288666009902954,15.955862045288086,NSGA-II,42
P075_3_S19_C02,15885.0,2.292115,15.847142,2.28057599067688,15.9573392868042,NSGA-II,42
P075_3_S19_C02,17085.0,2.266778,15.847142,2.2730913162231445,15.957341194152832,NSGA-II,42
P004_2_S04_C11,0.0,2.713909,16.717924,2.712707281112671,16.8396053314209,NSGA-II,52
P004_2_S04_C11,0.0,2.70661,16.717924,2.708322525024414,16.859933853149414,NSGA-II,52
P004_2_S04_C11,0.0,2.701574,16.717924,2.7044663429260254,16.876968383789062,NSGA-II,52
P004_2_S04_C11,0.0,2.696484,16.717924,2.7010855674743652,16.891326904296875,NSGA-II,52
P004_2_S04_C11,0.0,2.692177,16.717924,2.6981449127197266,16.90410614013672,NSGA-II,52
P004_2_S04_C11,0.0,2.687612,16.717924,2.6955885887145996,16.91526222229004,NSGA-II,52
P004_2_S04_C11,0.0,2.683562,16.717924,2.693366050720215,16.924823760986328,NSGA-II,52
P004_2_S04_C11,0.0,2.675552,16.717924,2.6914243698120117,16.93317222595215,NSGA-II,52
P004_2_S04_C11,0.0,2.673724,16.717924,2.6897010803222656,16.940311431884766,NSGA-II,52
P007_2_S09_C10,0.0,2.697726,17.456173,2.7018184661865234,17.450733184814453,NSGA-II,52
P007_2_S09_C10,0.0,2.691619,17.456173,2.6974692344665527,17.450847625732422,NSGA-II,52
P007_2_S09_C10,0.0,2.685932,17.456173,2.6934289932250977,17.451801300048828,NSGA-II,52
P007_2_S09_C10,0.0,2.680738,17.456173,2.6896963119506836,17.453758239746094,NSGA-II,52
P007_2_S09_C10,0.0,2.675793,17.456173,2.6862356662750244,17.456329345703125,NSGA-II,52
P007_2_S09_C10,0.0,2.670531,17.456173,2.683037519454956,17.45954132080078,NSGA-II,52
P007_2_S09_C10,0.0,2.665572,17.456173,2.6800880432128906,17.463340759277344,NSGA-II,52
P007_2_S09_C10,0.0,2.65702,17.456173,2.677370548248291,17.467626571655273,NSGA-II,52
P007_2_S09_C10,0.0,2.655033,17.456173,2.6748476028442383,17.472503662109375,NSGA-II,52
P011_1_S10_C11,0.0,2.674842,17.597092,2.6805002689361572,17.68476104736328,NSGA-II,52
P011_1_S10_C11,0.0,2.668472,17.597092,2.6763837337493896,17.705121994018555,NSGA-II,52
P011_1_S10_C11,0.0,2.662688,17.597092,2.6726393699645996,17.725969314575195,NSGA-II,52
P011_1_S10_C11,0.0,2.657059,17.597092,2.669217109680176,17.747316360473633,NSGA-II,52
P011_1_S10_C11,0.0,2.651241,17.597092,2.6661243438720703,17.768648147583008,NSGA-II,52
P011_1_S10_C11,0.0,2.645928,17.597092,2.663318157196045,17.789987564086914,NSGA-II,52
P011_1_S10_C11,0.0,2.640874,17.597092,2.6607930660247803,17.8109073638916,NSGA-II,52
P011_1_S10_C11,0.0,2.632689,17.597092,2.6585235595703125,17.83133316040039,NSGA-II,52
P011_1_S10_C11,0.0,2.628682,17.597092,2.656477451324463,17.851303100585938,NSGA-II,52
P015_3_S17_C11,0.0,2.438477,16.595,2.458496570587158,16.71336555480957,NSGA-II,52
P015_3_S17_C11,0.0,2.410527,16.595,2.4316961765289307,16.77457618713379,NSGA-II,52
P015_3_S17_C11,0.0,2.372511,16.595,2.4030601978302,16.851219177246094,NSGA-II,52
P037_2_S06_C09,2249.0,2.303873,16.04656,2.3042149543762207,16.078933715820312,NSGA-II,52
P037_2_S06_C09,2379.0,2.287498,16.04656,2.277275800704956,16.078767776489258,NSGA-II,52
P037_2_S06_C09,2515.0,2.269198,16.04656,2.2446112632751465,16.085636138916016,NSGA-II,52
P037_2_S06_C09,2650.0,2.253785,16.04656,2.202521562576294,16.10808753967285,NSGA-II,52
P037_2_S06_C09,2784.0,2.2342,16.04656,2.14501953125,16.14975357055664,NSGA-II,52
P037_2_S06_C09,2920.0,2.205066,16.04656,2.0644209384918213,16.217605590820312,NSGA-II,52
P037_2_S06_C09,3060.0,2.170108,16.04656,1.9625048637390137,16.271221160888672,NSGA-II,52
P037_2_S06_C09,3202.0,2.116586,16.04656,1.843787431716919,16.318511962890625,NSGA-II,52
P037_2_S06_C09,3488.0,1.997463,16.04656,1.7036958932876587,16.43401527404785,NSGA-II,52
P049_3_S15_C02,2152.0,2.500887,14.869667,2.510979175567627,14.77029037475586,NSGA-II,52
P049_3_S15_C02,2271.0,2.493731,14.869667,2.506906270980835,14.757265090942383,NSGA-II,52
P049_3_S15_C02,2395.0,2.485354,14.869667,2.5029823780059814,14.747297286987305,NSGA-II,52
P049_3_S15_C02,2517.0,2.480364,14.869667,2.499199390411377,14.739324569702148,NSGA-II,52
P049_3_S15_C02,2637.0,2.471771,14.869667,2.495501756668091,14.733016014099121,NSGA-II,52
P049_3_S15_C02,2758.0,2.464056,14.869667,2.4918880462646484,14.72805404663086,NSGA-II,52
P049_3_S15_C02,2881.0,2.456818,14.869667,2.4882588386535645,14.724160194396973,NSGA-II,52
P049_3_S15_C02,3004.0,2.445937,14.869667,2.484619617462158,14.721220016479492,NSGA-II,52
P049_3_S15_C02,3240.0,2.434579,14.869667,2.4809582233428955,14.719111442565918,NSGA-II,52
P051_2_S11_C05,5504.0,1.854337,23.062,1.924938440322876,23.454227447509766,NSGA-II,52
P051_2_S11_C05,5858.0,1.706588,23.062,1.8284504413604736,23.523969650268555,NSGA-II,52
P051_2_S11_C05,6237.0,1.598978,23.062,1.69280207157135,23.551450729370117,NSGA-II,52
P063_3_S18_C05,5600.0,2.248487,15.905776,2.221057415008545,15.990213394165039,NSGA-II,52
P063_3_S18_C05,5918.0,2.201492,15.905776,2.179536819458008,16.003236770629883,NSGA-II,52
P063_3_S18_C05,6251.0,2.170797,15.905776,2.135181427001953,16.01076316833496,NSGA-II,52
P063_3_S18_C05,6580.0,2.14893,15.905776,2.0866408348083496,16.024085998535156,NSGA-II,52
P063_3_S18_C05,6907.0,2.123314,15.905776,2.031231641769409,16.04422950744629,NSGA-II,52
P063_3_S18_C05,7239.0,2.100496,15.905776,1.9635835886001587,16.069963455200195,NSGA-II,52
P063_3_S18_C05,7576.0,2.076689,15.905776,1.8868316411972046,16.100914001464844,NSGA-II,52
P063_3_S18_C05,7915.0,2.071696,15.905776,1.8071930408477783,16.11896514892578,NSGA-II,52
P063_3_S18_C05,8572.0,2.025095,15.905776,1.728659987449646,16.113656997680664,NSGA-II,52
P068_3_S08_C03,11370.0,2.187058,19.151333,2.1532020568847656,19.094928741455078,NSGA-II,52
P068_3_S08_C03,11972.0,2.173376,19.151333,2.0918593406677246,19.088947296142578,NSGA-II,52
P068_3_S08_C03,12578.0,2.16034,19.151333,1.9984596967697144,19.125652313232422,NSGA-II,52
P068_3_S08_C03,13173.0,2.142762,19.151333,1.8666183948516846,19.231691360473633,NSGA-II,52
P068_3_S08_C03,13760.0,2.07971,19.151333,1.6905936002731323,19.4246826171875,NSGA-II,52
P068_3_S08_C03,14355.0,1.946286,19.151333,1.471212387084961,19.71348762512207,NSGA-II,52
P068_3_S08_C03,14946.0,1.726823,19.151333,1.2384436130523682,20.073198318481445,NSGA-II,52
P075_3_S19_C02,11570.0,2.370704,15.847142,2.361769199371338,15.900015830993652,NSGA-II,52
P075_3_S19_C02,12177.0,2.368679,15.847142,2.348784923553467,15.911141395568848,NSGA-II,52
P075_3_S19_C02,12805.0,2.352887,15.847142,2.336852550506592,15.923565864562988,NSGA-II,52
P075_3_S19_C02,13422.0,2.34346,15.847142,2.3257322311401367,15.935445785522461,NSGA-II,52
P075_3_S19_C02,14029.0,2.321794,15.847142,2.3159658908843994,15.944181442260742,NSGA-II,52
P075_3_S19_C02,14646.0,2.31095,15.847142,2.3072409629821777,15.951464653015137,NSGA-II,52
P075_3_S19_C02,15265.0,2.299708,15.847142,2.299581289291382,15.956968307495117,NSGA-II,52
P075_3_S19_C02,15885.0,2.292115,15.847142,2.292809009552002,15.960803985595703,NSGA-II,52
P075_3_S19_C02,17085.0,2.266778,15.847142,2.286827564239502,15.962930679321289,NSGA-II,52
P004_2_S04_C11,0.0,2.713909,16.717924,2.710996389389038,16.851539611816406,NSGA-II,62
P004_2_S04_C11,0.0,2.70661,16.717924,2.7046656608581543,16.876800537109375,NSGA-II,62
P004_2_S04_C11,0.0,2.701574,16.717924,2.698739528656006,16.90108299255371,NSGA-II,62
P004_2_S04_C11,0.0,2.696484,16.717924,2.6930246353149414,16.92411231994629,NSGA-II,62
P004_2_S04_C11,0.0,2.692177,16.717924,2.6872425079345703,16.94599151611328,NSGA-II,62
P004_2_S04_C11,0.0,2.687612,16.717924,2.6815555095672607,16.966510772705078,NSGA-II,62
P004_2_S04_C11,0.0,2.683562,16.717924,2.675992727279663,16.98586082458496,NSGA-II,62
P004_2_S04_C11,0.0,2.675552,16.717924,2.6705431938171387,17.00469207763672,NSGA-II,62
P004_2_S04_C11,0.0,2.673724,16.717924,2.6654715538024902,17.022808074951172,NSGA-II,62
P007_2_S09_C10,0.0,2.697726,17.456173,2.700368642807007,17.443885803222656,NSGA-II,62
P007_2_S09_C10,0.0,2.691619,17.456173,2.6955342292785645,17.43836212158203,NSGA-II,62
P007_2_S09_C10,0.0,2.685932,17.456173,2.690995931625366,17.43267822265625,NSGA-II,62
P007_2_S09_C10,0.0,2.680738,17.456173,2.6867265701293945,17.426794052124023,NSGA-II,62
P007_2_S09_C10,0.0,2.675793,17.456173,2.682708740234375,17.420724868774414,NSGA-II,62
P007_2_S09_C10,0.0,2.670531,17.456173,2.6789019107818604,17.415035247802734,NSGA-II,62
P007_2_S09_C10,0.0,2.665572,17.456173,2.675304889678955,17.40941619873047,NSGA-II,62
P007_2_S09_C10,0.0,2.65702,17.456173,2.6719090938568115,17.403799057006836,NSGA-II,62
P007_2_S09_C10,0.0,2.655033,17.456173,2.6687023639678955,17.398193359375,NSGA-II,62
P011_1_S10_C11,0.0,2.674842,17.597092,2.6786210536956787,17.585861206054688,NSGA-II,62
P011_1_S10_C11,0.0,2.668472,17.597092,2.673480272293091,17.581558227539062,NSGA-II,62
P011_1_S10_C11,0.0,2.662688,17.597092,2.6686642169952393,17.57737922668457,NSGA-II,62
P011_1_S10_C11,0.0,2.657059,17.597092,2.6640570163726807,17.573762893676758,NSGA-II,62
P011_1_S10_C11,0.0,2.651241,17.597092,2.659668207168579,17.57059669494629,NSGA-II,62
P011_1_S10_C11,0.0,2.645928,17.597092,2.655491590499878,17.567384719848633,NSGA-II,62
P011_1_S10_C11,0.0,2.640874,17.597092,2.6515190601348877,17.564254760742188,NSGA-II,62
P011_1_S10_C11,0.0,2.632689,17.597092,2.6477432250976562,17.561296463012695,NSGA-II,62
P011_1_S10_C11,0.0,2.628682,17.597092,2.6442739963531494,17.558740615844727,NSGA-II,62
P015_3_S17_C11,0.0,2.438477,16.595,2.5040221214294434,16.672142028808594,NSGA-II,62
P015_3_S17_C11,0.0,2.410527,16.595,2.4957809448242188,16.675230026245117,NSGA-II,62
P015_3_S17_C11,0.0,2.372511,16.595,2.4873640537261963,16.685260772705078,NSGA-II,62
P037_2_S06_C09,2249.0,2.303873,16.04656,2.311232566833496,16.006654739379883,NSGA-II,62
P037_2_S06_C09,2379.0,2.287498,16.04656,2.294800281524658,15.983662605285645,NSGA-II,62
P037_2_S06_C09,2515.0,2.269198,16.04656,2.2774527072906494,15.957530975341797,NSGA-II,62
P037_2_S06_C09,2650.0,2.253785,16.04656,2.2576780319213867,15.929671287536621,NSGA-II,62
P037_2_S06_C09,2784.0,2.2342,16.04656,2.232661247253418,15.901519775390625,NSGA-II,62
P037_2_S06_C09,2920.0,2.205066,16.04656,2.194061517715454,15.877882957458496,NSGA-II,62
P037_2_S06_C09,3060.0,2.170108,16.04656,2.1271467208862305,15.876236915588379,NSGA-II,62
P037_2_S06_C09,3202.0,2.116586,16.04656,2.0153427124023438,15.915647506713867,NSGA-II,62
P037_2_S06_C09,3488.0,1.997463,16.04656,1.868160367012024,16.011032104492188,NSGA-II,62
P049_3_S15_C02,2152.0,2.500887,14.869667,2.4974381923675537,14.796361923217773,NSGA-II,62
P049_3_S15_C02,2271.0,2.493731,14.869667,2.4882748126983643,14.793039321899414,NSGA-II,62
P049_3_S15_C02,2395.0,2.485354,14.869667,2.479212522506714,14.79108715057373,NSGA-II,62
P049_3_S15_C02,2517.0,2.480364,14.869667,2.4701426029205322,14.790437698364258,NSGA-II,62
P049_3_S15_C02,2637.0,2.471771,14.869667,2.4610345363616943,14.791138648986816,NSGA-II,62
P049_3_S15_C02,2758.0,2.464056,14.869667,2.451796054840088,14.79287338256836,NSGA-II,62
P049_3_S15_C02,2881.0,2.456818,14.869667,2.4422435760498047,14.795414924621582,NSGA-II,62
P049_3_S15_C02,3004.0,2.445937,14.869667,2.4323112964630127,14.79806137084961,NSGA-II,62
P049_3_S15_C02,3240.0,2.434579,14.869667,2.4220924377441406,14.801411628723145,NSGA-II,62
P051_2_S11_C05,5504.0,1.854337,23.062,1.9547998905181885,23.209348678588867,NSGA-II,62
P051_2_S11_C05,5858.0,1.706588,23.062,1.8833597898483276,23.225509643554688,NSGA-II,62
P051_2_S11_C05,6237.0,1.598978,23.062,1.796905517578125,23.25670623779297,NSGA-II,62
P063_3_S18_C05,5600.0,2.248487,15.905776,2.2211575508117676,16.02080726623535,NSGA-II,62
P063_3_S18_C05,5918.0,2.201492,15.905776,2.1813361644744873,16.05719566345215,NSGA-II,62
P063_3_S18_C05,6251.0,2.170797,15.905776,2.1389849185943604,16.097963333129883,NSGA-II,62
P063_3_S18_C05,6580.0,2.14893,15.905776,2.093045473098755,16.14045524597168,NSGA-II,62
P063_3_S18_C05,6907.0,2.123314,15.905776,2.0396625995635986,16.20195198059082,NSGA-II,62
P063_3_S18_C05,7239.0,2.100496,15.905776,1.9798742532730103,16.271989822387695,NSGA-II,62
P063_3_S18_C05,7576.0,2.076689,15.905776,1.914341926574707,16.352800369262695,NSGA-II,62
P063_3_S18_C05,7915.0,2.071696,15.905776,1.8456512689590454,16.439090728759766,NSGA-II,62
P063_3_S18_C05,8572.0,2.025095,15.905776,1.770572304725647,16.53525733947754,NSGA-II,62
P068_3_S08_C03,11370.0,2.187058,19.151333,2.1313371658325195,19.334861755371094,NSGA-II,62
P068_3_S08_C03,11972.0,2.173376,19.151333,2.0628557205200195,19.409629821777344,NSGA-II,62
P068_3_S08_C03,12578.0,2.16034,19.151333,1.962437629699707,19.51015281677246,NSGA-II,62
P068_3_S08_C03,13173.0,2.142762,19.151333,1.808264970779419,19.625606536865234,NSGA-II,62
P068_3_S08_C03,13760.0,2.07971,19.151333,1.5698086023330688,19.71872329711914,NSGA-II,62
P068_3_S08_C03,14355.0,1.946286,19.151333,1.2763075828552246,19.812150955200195,NSGA-II,62
P068_3_S08_C03,14946.0,1.726823,19.151333,1.0309314727783203,19.966529846191406,NSGA-II,62
P075_3_S19_C02,11570.0,2.370704,15.847142,2.3596997261047363,15.854484558105469,NSGA-II,62
P075_3_S19_C02,12177.0,2.368679,15.847142,2.343675374984741,15.864197731018066,NSGA-II,62
P075_3_S19_C02,12805.0,2.352887,15.847142,2.329909563064575,15.871806144714355,NSGA-II,62
P075_3_S19_C02,13422.0,2.34346,15.847142,2.318337917327881,15.877312660217285,NSGA-II,62
P075_3_S19_C02,14029.0,2.321794,15.847142,2.308220863342285,15.880731582641602,NSGA-II,62
P075_3_S19_C02,14646.0,2.31095,15.847142,2.2994351387023926,15.882344245910645,NSGA-II,62
P075_3_S19_C02,15265.0,2.299708,15.847142,2.291567802429199,15.88225269317627,NSGA-II,62
P075_3_S19_C02,15885.0,2.292115,15.847142,2.2844929695129395,15.880472183227539,NSGA-II,62
P075_3_S19_C02,17085.0,2.266778,15.847142,2.278069019317627,15.877126693725586,NSGA-II,62
P004_2_S04_C11,0.0,2.713909,16.717924,2.7280893325805664,16.92691993713379,NSGA-II,72
P004_2_S04_C11,0.0,2.70661,16.717924,2.7259252071380615,16.962268829345703,NSGA-II,72
P004_2_S04_C11,0.0,2.701574,16.717924,2.7236738204956055,16.992475509643555,NSGA-II,72
P004_2_S04_C11,0.0,2.696484,16.717924,2.721442461013794,17.02058982849121,NSGA-II,72
P004_2_S04_C11,0.0,2.692177,16.717924,2.719517469406128,17.046905517578125,NSGA-II,72
P004_2_S04_C11,0.0,2.687612,16.717924,2.717813491821289,17.07172966003418,NSGA-II,72
P004_2_S04_C11,0.0,2.683562,16.717924,2.7162466049194336,17.094627380371094,NSGA-II,72
P004_2_S04_C11,0.0,2.675552,16.717924,2.714815378189087,17.116588592529297,NSGA-II,72
P004_2_S04_C11,0.0,2.673724,16.717924,2.7135262489318848,17.138017654418945,NSGA-II,72
P007_2_S09_C10,0.0,2.697726,17.456173,2.7014529705047607,17.46494483947754,NSGA-II,72
P007_2_S09_C10,0.0,2.691619,17.456173,2.6966991424560547,17.467357635498047,NSGA-II,72
P007_2_S09_C10,0.0,2.685932,17.456173,2.692272663116455,17.470354080200195,NSGA-II,72
P007_2_S09_C10,0.0,2.680738,17.456173,2.6881253719329834,17.47357940673828,NSGA-II,72
P007_2_S09_C10,0.0,2.675793,17.456173,2.6842384338378906,17.47714614868164,NSGA-II,72
P007_2_S09_C10,0.0,2.670531,17.456173,2.680612802505493,17.480892181396484,NSGA-II,72
P007_2_S09_C10,0.0,2.665572,17.456173,2.6772263050079346,17.484867095947266,NSGA-II,72
P007_2_S09_C10,0.0,2.65702,17.456173,2.674062728881836,17.489072799682617,NSGA-II,72
P007_2_S09_C10,0.0,2.655033,17.456173,2.671117067337036,17.493135452270508,NSGA-II,72
P011_1_S10_C11,0.0,2.674842,17.597092,2.6731960773468018,17.613351821899414,NSGA-II,72
P011_1_S10_C11,0.0,2.668472,17.597092,2.6667287349700928,17.61775779724121,NSGA-II,72
P011_1_S10_C11,0.0,2.662688,17.597092,2.6607284545898438,17.621829986572266,NSGA-II,72
P011_1_S10_C11,0.0,2.657059,17.597092,2.654982328414917,17.62722396850586,NSGA-II,72
P011_1_S10_C11,0.0,2.651241,17.597092,2.64961838722229,17.63285255432129,NSGA-II,72
P011_1_S10_C11,0.0,2.645928,17.597092,2.6445581912994385,17.638334274291992,NSGA-II,72
P011_1_S10_C11,0.0,2.640874,17.597092,2.6398215293884277,17.643964767456055,NSGA-II,72
P011_1_S10_C11,0.0,2.632689,17.597092,2.6354291439056396,17.64913558959961,NSGA-II,72
P011_1_S10_C11,0.0,2.628682,17.597092,2.6314053535461426,17.654647827148438,NSGA-II,72
P015_3_S17_C11,0.0,2.438477,16.595,2.4670445919036865,16.658428192138672,NSGA-II,72
P015_3_S17_C11,0.0,2.410527,16.595,2.43975830078125,16.72039031982422,NSGA-II,72
P015_3_S17_C11,0.0,2.372511,16.595,2.412586212158203,16.80672264099121,NSGA-II,72
P037_2_S06_C09,2249.0,2.303873,16.04656,2.326578378677368,16.098251342773438,NSGA-II,72
P037_2_S06_C09,2379.0,2.287498,16.04656,2.3191111087799072,16.096132278442383,NSGA-II,72
P037_2_S06_C09,2515.0,2.269198,16.04656,2.3126022815704346,16.095911026000977,NSGA-II,72
P037_2_S06_C09,2650.0,2.253785,16.04656,2.3065500259399414,16.094520568847656,NSGA-II,72
P037_2_S06_C09,2784.0,2.2342,16.04656,2.300635814666748,16.08928108215332,NSGA-II,72
P037_2_S06_C09,2920.0,2.205066,16.04656,2.2943592071533203,16.083908081054688,NSGA-II,72
P037_2_S06_C09,3060.0,2.170108,16.04656,2.2867257595062256,16.07504653930664,NSGA-II,72
P037_2_S06_C09,3202.0,2.116586,16.04656,2.277050733566284,16.064435958862305,NSGA-II,72
P037_2_S06_C09,3488.0,1.997463,16.04656,2.263777017593384,16.05234718322754,NSGA-II,72
P049_3_S15_C02,2152.0,2.500887,14.869667,2.491344690322876,14.849932670593262,NSGA-II,72
P049_3_S15_C02,2271.0,2.493731,14.869667,2.481438159942627,14.855123519897461,NSGA-II,72
P049_3_S15_C02,2395.0,2.485354,14.869667,2.4720308780670166,14.860875129699707,NSGA-II,72
P049_3_S15_C02,2517.0,2.480364,14.869667,2.4630613327026367,14.866829872131348,NSGA-II,72
P049_3_S15_C02,2637.0,2.471771,14.869667,2.454616069793701,14.873353004455566,NSGA-II,72
P049_3_S15_C02,2758.0,2.464056,14.869667,2.446648120880127,14.880276679992676,NSGA-II,72
P049_3_S15_C02,2881.0,2.456818,14.869667,2.4388856887817383,14.88818073272705,NSGA-II,72
P049_3_S15_C02,3004.0,2.445937,14.869667,2.431325674057007,14.896573066711426,NSGA-II,72
P049_3_S15_C02,3240.0,2.434579,14.869667,2.4235713481903076,14.902985572814941,NSGA-II,72
P051_2_S11_C05,5504.0,1.854337,23.062,1.9045368432998657,23.300350189208984,NSGA-II,72
P051_2_S11_C05,5858.0,1.706588,23.062,1.7791965007781982,23.262426376342773,NSGA-II,72
P051_2_S11_C05,6237.0,1.598978,23.062,1.631593942642212,23.229345321655273,NSGA-II,72
P063_3_S18_C05,5600.0,2.248487,15.905776,2.233736991882324,15.912430763244629,NSGA-II,72
P063_3_S18_C05,5918.0,2.201492,15.905776,2.210062265396118,15.897957801818848,NSGA-II,72
P063_3_S18_C05,6251.0,2.170797,15.905776,2.188004732131958,15.877995491027832,NSGA-II,72
P063_3_S18_C05,6580.0,2.14893,15.905776,2.167837619781494,15.854497909545898,NSGA-II,72
P063_3_S18_C05,6907.0,2.123314,15.905776,2.1482205390930176,15.828156471252441,NSGA-II,72
P063_3_S18_C05,7239.0,2.100496,15.905776,2.129321336746216,15.801483154296875,NSGA-II,72
P063_3_S18_C05,7576.0,2.076689,15.905776,2.1108357906341553,15.773799896240234,NSGA-II,72
P063_3_S18_C05,7915.0,2.071696,15.905776,2.092477321624756,15.747794151306152,NSGA-II,72
P063_3_S18_C05,8572.0,2.025095,15.905776,2.073903799057007,15.724380493164062,NSGA-II,72
P068_3_S08_C03,11370.0,2.187058,19.151333,2.1837501525878906,19.197811126708984,NSGA-II,72
P068_3_S08_C03,11972.0,2.173376,19.151333,2.1469781398773193,19.157207489013672,NSGA-II,72
P068_3_S08_C03,12578.0,2.16034,19.151333,2.0849974155426025,19.098041534423828,NSGA-II,72
P068_3_S08_C03,13173.0,2.142762,19.151333,1.9769517183303833,19.052194595336914,NSGA-II,72
P068_3_S08_C03,13760.0,2.07971,19.151333,1.8042296171188354,19.033445358276367,NSGA-II,72
P068_3_S08_C03,14355.0,1.946286,19.151333,1.5559179782867432,19.082256317138672,NSGA-II,72
P068_3_S08_C03,14946.0,1.726823,19.151333,1.2663828134536743,19.151533126831055,NSGA-II,72
P075_3_S19_C02,11570.0,2.370704,15.847142,2.348389148712158,15.773602485656738,NSGA-II,72
P075_3_S19_C02,12177.0,2.368679,15.847142,2.3303492069244385,15.769737243652344,NSGA-II,72
P075_3_S19_C02,12805.0,2.352887,15.847142,2.3157923221588135,15.771021842956543,NSGA-II,72
P075_3_S19_C02,13422.0,2.34346,15.847142,2.3041903972625732,15.77701187133789,NSGA-II,72
P075_3_S19_C02,14029.0,2.321794,15.847142,2.296738862991333,15.783512115478516,NSGA-II,72
P075_3_S19_C02,14646.0,2.31095,15.847142,2.290921449661255,15.787738800048828,NSGA-II,72
P075_3_S19_C02,15265.0,2.299708,15.847142,2.2863688468933105,15.789660453796387,NSGA-II,72
P075_3_S19_C02,15885.0,2.292115,15.847142,2.28301739692688,15.79014778137207,NSGA-II,72
P075_3_S19_C02,17085.0,2.266778,15.847142,2.2803988456726074,15.788875579833984,NSGA-II,72
P004_2_S04_C11,0.0,2.713909,16.717924,2.7074434757232666,16.908649444580078,NSGA-II,82
P004_2_S04_C11,0.0,2.70661,16.717924,2.7028262615203857,16.934860229492188,NSGA-II,82
P004_2_S04_C11,0.0,2.701574,16.717924,2.698758125305176,16.958011627197266,NSGA-II,82
P004_2_S04_C11,0.0,2.696484,16.717924,2.695157527923584,16.979421615600586,NSGA-II,82
P004_2_S04_C11,0.0,2.692177,16.717924,2.6919198036193848,16.99907684326172,NSGA-II,82
P004_2_S04_C11,0.0,2.687612,16.717924,2.689025402069092,17.016630172729492,NSGA-II,82
P004_2_S04_C11,0.0,2.683562,16.717924,2.6864256858825684,17.032644271850586,NSGA-II,82
P004_2_S04_C11,0.0,2.675552,16.717924,2.684082508087158,17.047250747680664,NSGA-II,82
P004_2_S04_C11,0.0,2.673724,16.717924,2.6819655895233154,17.06056785583496,NSGA-II,82
P007_2_S09_C10,0.0,2.697726,17.456173,2.703589916229248,17.474977493286133,NSGA-II,82
P007_2_S09_C10,0.0,2.691619,17.456173,2.7009642124176025,17.477914810180664,NSGA-II,82
P007_2_S09_C10,0.0,2.685932,17.456173,2.6987600326538086,17.48040008544922,NSGA-II,82
P007_2_S09_C10,0.0,2.680738,17.456173,2.6968817710876465,17.482643127441406,NSGA-II,82
P007_2_S09_C10,0.0,2.675793,17.456173,2.695282220840454,17.484670639038086,NSGA-II,82
P007_2_S09_C10,0.0,2.670531,17.456173,2.6939187049865723,17.48652458190918,NSGA-II,82
P007_2_S09_C10,0.0,2.665572,17.456173,2.6927380561828613,17.488431930541992,NSGA-II,82
P007_2_S09_C10,0.0,2.65702,17.456173,2.69173002243042,17.49022102355957,NSGA-II,82
P007_2_S09_C10,0.0,2.655033,17.456173,2.6908700466156006,17.49190330505371,NSGA-II,82
P011_1_S10_C11,0.0,2.674842,17.597092,2.6834161281585693,17.672700881958008,NSGA-II,82
P011_1_S10_C11,0.0,2.668472,17.597092,2.680065870285034,17.687538146972656,NSGA-II,82
P011_1_S10_C11,0.0,2.662688,17.597092,2.676949977874756,17.70252227783203,NSGA-II,82
P011_1_S10_C11,0.0,2.657059,17.597092,2.674062967300415,17.71773338317871,NSGA-II,82
P011_1_S10_C11,0.0,2.651241,17.597092,2.671403646469116,17.733068466186523,NSGA-II,82
P011_1_S10_C11,0.0,2.645928,17.597092,2.6689651012420654,17.748397827148438,NSGA-II,82
P011_1_S10_C11,0.0,2.640874,17.597092,2.666736364364624,17.7637882232666,NSGA-II,82
P011_1_S10_C11,0.0,2.632689,17.597092,2.6646902561187744,17.77956199645996,NSGA-II,82
P011_1_S10_C11,0.0,2.628682,17.597092,2.6628003120422363,17.795488357543945,NSGA-II,82
P015_3_S17_C11,0.0,2.438477,16.595,2.461817502975464,16.303421020507812,NSGA-II,82
P015_3_S17_C11,0.0,2.410527,16.595,2.440019130706787,16.273977279663086,NSGA-II,82
P015_3_S17_C11,0.0,2.372511,16.595,2.4206125736236572,16.2551212310791,NSGA-II,82
P037_2_S06_C09,2249.0,2.303873,16.04656,2.2982747554779053,15.991010665893555,NSGA-II,82
P037_2_S06_C09,2379.0,2.287498,16.04656,2.271796464920044,15.97915267944336,NSGA-II,82
P037_2_S06_C09,2515.0,2.269198,16.04656,2.2415003776550293,15.975417137145996,NSGA-II,82
P037_2_S06_C09,2650.0,2.253785,16.04656,2.2059667110443115,15.980594635009766,NSGA-II,82
P037_2_S06_C09,2784.0,2.2342,16.04656,2.159571409225464,15.99195384979248,NSGA-II,82
P037_2_S06_C09,2920.0,2.205066,16.04656,2.1006174087524414,16.023582458496094,NSGA-II,82
P037_2_S06_C09,3060.0,2.170108,16.04656,2.025045871734619,16.07345199584961,NSGA-II,82
P037_2_S06_C09,3202.0,2.116586,16.04656,1.9328967332839966,16.124370574951172,NSGA-II,82
P037_2_S06_C09,3488.0,1.997463,16.04656,1.8322968482971191,16.14605140686035,NSGA-II,82
P049_3_S15_C02,2152.0,2.500887,14.869667,2.490919589996338,14.744345664978027,NSGA-II,82
P049_3_S15_C02,2271.0,2.493731,14.869667,2.476808547973633,14.742319107055664,NSGA-II,82
P049_3_S15_C02,2395.0,2.485354,14.869667,2.4628617763519287,14.742301940917969,NSGA-II,82
P049_3_S15_C02,2517.0,2.480364,14.869667,2.449172019958496,14.745784759521484,NSGA-II,82
P049_3_S15_C02,2637.0,2.471771,14.869667,2.436718463897705,14.750696182250977,NSGA-II,82
P049_3_S15_C02,2758.0,2.464056,14.869667,2.4252943992614746,14.756726264953613,NSGA-II,82
P049_3_S15_C02,2881.0,2.456818,14.869667,2.414673089981079,14.762739181518555,NSGA-II,82
P049_3_S15_C02,3004.0,2.445937,14.869667,2.4047024250030518,14.766847610473633,NSGA-II,82
P049_3_S15_C02,3240.0,2.434579,14.869667,2.3952832221984863,14.77232837677002,NSGA-II,82
P051_2_S11_C05,5504.0,1.854337,23.062,1.9351979494094849,23.364957809448242,NSGA-II,82
P051_2_S11_C05,5858.0,1.706588,23.062,1.8483483791351318,23.348690032958984,NSGA-II,82
P051_2_S11_C05,6237.0,1.598978,23.062,1.741727352142334,23.341114044189453,NSGA-II,82
P063_3_S18_C05,5600.0,2.248487,15.905776,2.2438347339630127,15.887493133544922,NSGA-II,82
P063_3_S18_C05,5918.0,2.201492,15.905776,2.218876600265503,15.876848220825195,NSGA-II,82
P063_3_S18_C05,6251.0,2.170797,15.905776,2.193546772003174,15.867059707641602,NSGA-II,82
P063_3_S18_C05,6580.0,2.14893,15.905776,2.1678500175476074,15.851547241210938,NSGA-II,82
P063_3_S18_C05,6907.0,2.123314,15.905776,2.141164779663086,15.837366104125977,NSGA-II,82
P063_3_S18_C05,7239.0,2.100496,15.905776,2.1103782653808594,15.824880599975586,NSGA-II,82
P063_3_S18_C05,7576.0,2.076689,15.905776,2.076202869415283,15.815202713012695,NSGA-II,82
P063_3_S18_C05,7915.0,2.071696,15.905776,2.038039445877075,15.81021499633789,NSGA-II,82
P063_3_S18_C05,8572.0,2.025095,15.905776,1.9945608377456665,15.813600540161133,NSGA-II,82
P068_3_S08_C03,11370.0,2.187058,19.151333,2.111842632293701,19.1087703704834,NSGA-II,82
P068_3_S08_C03,11972.0,2.173376,19.151333,2.021263837814331,19.082155227661133,NSGA-II,82
P068_3_S08_C03,12578.0,2.16034,19.151333,1.904375672340393,19.062232971191406,NSGA-II,82
P068_3_S08_C03,13173.0,2.142762,19.151333,1.7558485269546509,19.068164825439453,NSGA-II,82
P068_3_S08_C03,13760.0,2.07971,19.151333,1.5720818042755127,19.119094848632812,NSGA-II,82
P068_3_S08_C03,14355.0,1.946286,19.151333,1.367283582687378,19.19772720336914,NSGA-II,82
P068_3_S08_C03,14946.0,1.726823,19.151333,1.1635662317276,19.278059005737305,NSGA-II,82
P075_3_S19_C02,11570.0,2.370704,15.847142,2.3778419494628906,15.88597583770752,NSGA-II,82
P075_3_S19_C02,12177.0,2.368679,15.847142,2.3701698780059814,15.886017799377441,NSGA-II,82
P075_3_S19_C02,12805.0,2.352887,15.847142,2.362821340560913,15.884604454040527,NSGA-II,82
P075_3_S19_C02,13422.0,2.34346,15.847142,2.3558781147003174,15.88132381439209,NSGA-II,82
P075_3_S19_C02,14029.0,2.321794,15.847142,2.3492846488952637,15.876555442810059,NSGA-II,82
P075_3_S19_C02,14646.0,2.31095,15.847142,2.3428266048431396,15.871482849121094,NSGA-II,82
P075_3_S19_C02,15265.0,2.299708,15.847142,2.3365354537963867,15.865983963012695,NSGA-II,82
P075_3_S19_C02,15885.0,2.292115,15.847142,2.3304049968719482,15.860114097595215,NSGA-II,82
P075_3_S19_C02,17085.0,2.266778,15.847142,2.3243823051452637,15.854093551635742,NSGA-II,82
P004_2_S04_C11,0.0,2.713909,16.717924,2.723234176635742,17.01240348815918,NSGA-II,92
P004_2_S04_C11,0.0,2.70661,16.717924,2.7207179069519043,17.06965446472168,NSGA-II,92
P004_2_S04_C11,0.0,2.701574,16.717924,2.7181143760681152,17.127716064453125,NSGA-II,92
P004_2_S04_C11,0.0,2.696484,16.717924,2.7156615257263184,17.182369232177734,NSGA-II,92
P004_2_S04_C11,0.0,2.692177,16.717924,2.713468313217163,17.235517501831055,NSGA-II,92
P004_2_S04_C11,0.0,2.687612,16.717924,2.7115018367767334,17.286415100097656,NSGA-II,92
P004_2_S04_C11,0.0,2.683562,16.717924,2.7098004817962646,17.335899353027344,NSGA-II,92
P004_2_S04_C11,0.0,2.675552,16.717924,2.7083520889282227,17.388328552246094,NSGA-II,92
P004_2_S04_C11,0.0,2.673724,16.717924,2.707160472869873,17.44041633605957,NSGA-II,92
P007_2_S09_C10,0.0,2.697726,17.456173,2.7013893127441406,17.430709838867188,NSGA-II,92
P007_2_S09_C10,0.0,2.691619,17.456173,2.6964752674102783,17.421598434448242,NSGA-II,92
P007_2_S09_C10,0.0,2.685932,17.456173,2.6917357444763184,17.412324905395508,NSGA-II,92
P007_2_S09_C10,0.0,2.680738,17.456173,2.687101364135742,17.40279769897461,NSGA-II,92
P007_2_S09_C10,0.0,2.675793,17.456173,2.6825084686279297,17.392709732055664,NSGA-II,92
P007_2_S09_C10,0.0,2.670531,17.456173,2.6780080795288086,17.38245391845703,NSGA-II,92
P007_2_S09_C10,0.0,2.665572,17.456173,2.673556327819824,17.3723087310791,NSGA-II,92
P007_2_S09_C10,0.0,2.65702,17.456173,2.6691818237304688,17.3621883392334,NSGA-II,92
P007_2_S09_C10,0.0,2.655033,17.456173,2.665132999420166,17.35455894470215,NSGA-II,92
P011_1_S10_C11,0.0,2.674842,17.597092,2.6803667545318604,17.591663360595703,NSGA-II,92
P011_1_S10_C11,0.0,2.668472,17.597092,2.6753780841827393,17.58675765991211,NSGA-II,92
P011_1_S10_C11,0.0,2.662688,17.597092,2.6705172061920166,17.58222198486328,NSGA-II,92
P011_1_S10_C11,0.0,2.657059,17.597092,2.6658401489257812,17.578319549560547,NSGA-II,92
P011_1_S10_C11,0.0,2.651241,17.597092,2.661304473876953,17.574522018432617,NSGA-II,92
P011_1_S10_C11,0.0,2.645928,17.597092,2.656904458999634,17.570812225341797,NSGA-II,92
P011_1_S10_C11,0.0,2.640874,17.597092,2.652635097503662,17.567264556884766,NSGA-II,92
P011_1_S10_C11,0.0,2.632689,17.597092,2.64860463142395,17.56501007080078,NSGA-II,92
P011_1_S10_C11,0.0,2.628682,17.597092,2.644659996032715,17.56312370300293,NSGA-II,92
P015_3_S17_C11,0.0,2.438477,16.595,2.4869284629821777,16.691993713378906,NSGA-II,92
P015_3_S17_C11,0.0,2.410527,16.595,2.4718360900878906,16.718490600585938,NSGA-II,92
P015_3_S17_C11,0.0,2.372511,16.595,2.456098794937134,16.746320724487305,NSGA-II,92
P037_2_S06_C09,2249.0,2.303873,16.04656,2.3144848346710205,16.0113582611084,NSGA-II,92
P037_2_S06_C09,2379.0,2.287498,16.04656,2.2971913814544678,15.989473342895508,NSGA-II,92
P037_2_S06_C09,2515.0,2.269198,16.04656,2.276904344558716,15.974228858947754,NSGA-II,92
P037_2_S06_C09,2650.0,2.253785,16.04656,2.2512764930725098,15.963621139526367,NSGA-II,92
P037_2_S06_C09,2784.0,2.2342,16.04656,2.219167709350586,15.948534965515137,NSGA-II,92
P037_2_S06_C09,2920.0,2.205066,16.04656,2.1709024906158447,15.957955360412598,NSGA-II,92
P037_2_S06_C09,3060.0,2.170108,16.04656,2.0932810306549072,15.987479209899902,NSGA-II,92
P037_2_S06_C09,3202.0,2.116586,16.04656,1.9883397817611694,16.07392120361328,NSGA-II,92
P037_2_S06_C09,3488.0,1.997463,16.04656,1.8627849817276,16.183551788330078,NSGA-II,92
P049_3_S15_C02,2152.0,2.500887,14.869667,2.5206871032714844,14.986621856689453,NSGA-II,92
P049_3_S15_C02,2271.0,2.493731,14.869667,2.5202085971832275,14.990938186645508,NSGA-II,92
P049_3_S15_C02,2395.0,2.485354,14.869667,2.5196774005889893,14.993193626403809,NSGA-II,92
P049_3_S15_C02,2517.0,2.480364,14.869667,2.5191457271575928,14.994046211242676,NSGA-II,92
P049_3_S15_C02,2637.0,2.471771,14.869667,2.5185043811798096,14.993308067321777,NSGA-II,92
P049_3_S15_C02,2758.0,2.464056,14.869667,2.5177414417266846,14.991290092468262,NSGA-II,92
P049_3_S15_C02,2881.0,2.456818,14.869667,2.5168135166168213,14.988099098205566,NSGA-II,92
P049_3_S15_C02,3004.0,2.445937,14.869667,2.5156989097595215,14.983904838562012,NSGA-II,92
P049_3_S15_C02,3240.0,2.434579,14.869667,2.514430046081543,14.978941917419434,NSGA-II,92
P051_2_S11_C05,5504.0,1.854337,23.062,1.9391192197799683,23.678117752075195,NSGA-II,92
P051_2_S11_C05,5858.0,1.706588,23.062,1.8655704259872437,23.799755096435547,NSGA-II,92
P051_2_S11_C05,6237.0,1.598978,23.062,1.7740321159362793,23.904685974121094,NSGA-II,92
P063_3_S18_C05,5600.0,2.248487,15.905776,2.233753204345703,16.06887435913086,NSGA-II,92
P063_3_S18_C05,5918.0,2.201492,15.905776,2.207094192504883,16.1192569732666,NSGA-II,92
P063_3_S18_C05,6251.0,2.170797,15.905776,2.1813769340515137,16.160730361938477,NSGA-II,92
P063_3_S18_C05,6580.0,2.14893,15.905776,2.154869556427002,16.203907012939453,NSGA-II,92
P063_3_S18_C05,6907.0,2.123314,15.905776,2.126389503479004,16.243980407714844,NSGA-II,92
P063_3_S18_C05,7239.0,2.100496,15.905776,2.095696449279785,16.28295135498047,NSGA-II,92
P063_3_S18_C05,7576.0,2.076689,15.905776,2.0619561672210693,16.326766967773438,NSGA-II,92
P063_3_S18_C05,7915.0,2.071696,15.905776,2.025756359100342,16.3673038482666,NSGA-II,92
P063_3_S18_C05,8572.0,2.025095,15.905776,1.9861268997192383,16.409738540649414,NSGA-II,92
P068_3_S08_C03,11370.0,2.187058,19.151333,2.11940336227417,18.95235824584961,NSGA-II,92
P068_3_S08_C03,11972.0,2.173376,19.151333,2.0445547103881836,18.90347671508789,NSGA-II,92
P068_3_S08_C03,12578.0,2.16034,19.151333,1.93329918384552,18.906801223754883,NSGA-II,92
P068_3_S08_C03,13173.0,2.142762,19.151333,1.7597352266311646,18.97303009033203,NSGA-II,92
P068_3_S08_C03,13760.0,2.07971,19.151333,1.498362421989441,19.138214111328125,NSGA-II,92
P068_3_S08_C03,14355.0,1.946286,19.151333,1.187555193901062,19.45479965209961,NSGA-II,92
P068_3_S08_C03,14946.0,1.726823,19.151333,0.9315199851989746,19.824785232543945,NSGA-II,92
P075_3_S19_C02,11570.0,2.370704,15.847142,2.357236862182617,15.862616539001465,NSGA-II,92
P075_3_S19_C02,12177.0,2.368679,15.847142,2.340721607208252,15.878715515136719,NSGA-II,92
P075_3_S19_C02,12805.0,2.352887,15.847142,2.3267104625701904,15.89846420288086,NSGA-II,92
P075_3_S19_C02,13422.0,2.34346,15.847142,2.3136470317840576,15.919366836547852,NSGA-II,92
P075_3_S19_C02,14029.0,2.321794,15.847142,2.3021013736724854,15.934005737304688,NSGA-II,92
P075_3_S19_C02,14646.0,2.31095,15.847142,2.2919161319732666,15.945609092712402,NSGA-II,92
P075_3_S19_C02,15265.0,2.299708,15.847142,2.2830324172973633,15.95088005065918,NSGA-II,92
P075_3_S19_C02,15885.0,2.292115,15.847142,2.2752206325531006,15.951330184936523,NSGA-II,92
P075_3_S19_C02,17085.0,2.266778,15.847142,2.268320322036743,15.949409484863281,NSGA-II,92
P004_2_S04_C11,0.0,2.713909,16.717924,2.7145538330078125,16.88574981689453,NSGA-II,102
P004_2_S04_C11,0.0,2.70661,16.717924,2.7100181579589844,16.91793441772461,NSGA-II,102
P004_2_S04_C11,0.0,2.701574,16.717924,2.705648183822632,16.94635772705078,NSGA-II,102
P004_2_S04_C11,0.0,2.696484,16.717924,2.7015182971954346,16.971675872802734,NSGA-II,102
P004_2_S04_C11,0.0,2.692177,16.717924,2.6976051330566406,16.994081497192383,NSGA-II,102
P004_2_S04_C11,0.0,2.687612,16.717924,2.6938862800598145,17.013805389404297,NSGA-II,102
P004_2_S04_C11,0.0,2.683562,16.717924,2.6903467178344727,17.031814575195312,NSGA-II,102
P004_2_S04_C11,0.0,2.675552,16.717924,2.6870028972625732,17.047710418701172,NSGA-II,102
P004_2_S04_C11,0.0,2.673724,16.717924,2.6839425563812256,17.061662673950195,NSGA-II,102
P007_2_S09_C10,0.0,2.697726,17.456173,2.6996867656707764,17.4735107421875,NSGA-II,102
P007_2_S09_C10,0.0,2.691619,17.456173,2.6951050758361816,17.47550392150879,NSGA-II,102
P007_2_S09_C10,0.0,2.685932,17.456173,2.6909279823303223,17.478002548217773,NSGA-II,102
P007_2_S09_C10,0.0,2.680738,17.456173,2.6871023178100586,17.47992515563965,NSGA-II,102
P007_2_S09_C10,0.0,2.675793,17.456173,2.6839241981506348,17.48113441467285,NSGA-II,102
P007_2_S09_C10,0.0,2.670531,17.456173,2.6811256408691406,17.48199462890625,NSGA-II,102
P007_2_S09_C10,0.0,2.665572,17.456173,2.678650379180908,17.482589721679688,NSGA-II,102
P007_2_S09_C10,0.0,2.65702,17.456173,2.676460027694702,17.482816696166992,NSGA-II,102
P007_2_S09_C10,0.0,2.655033,17.456173,2.6744883060455322,17.482952117919922,NSGA-II,102
P011_1_S10_C11,0.0,2.674842,17.597092,2.6786251068115234,17.635236740112305,NSGA-II,102
P011_1_S10_C11,0.0,2.668472,17.597092,2.674456834793091,17.642515182495117,NSGA-II,102
P011_1_S10_C11,0.0,2.662688,17.597092,2.670804738998413,17.649263381958008,NSGA-II,102
P011_1_S10_C11,0.0,2.657059,17.597092,2.6676101684570312,17.655372619628906,NSGA-II,102
P011_1_S10_C11,0.0,2.651241,17.597092,2.664818286895752,17.6608829498291,NSGA-II,102
P011_1_S10_C11,0.0,2.645928,17.597092,2.6623799800872803,17.665836334228516,NSGA-II,102
P011_1_S10_C11,0.0,2.640874,17.597092,2.660034656524658,17.67047119140625,NSGA-II,102
P011_1_S10_C11,0.0,2.632689,17.597092,2.6578595638275146,17.67473030090332,NSGA-II,102
P011_1_S10_C11,0.0,2.628682,17.597092,2.655871629714966,17.67864990234375,NSGA-II,102
P015_3_S17_C11,0.0,2.438477,16.595,2.4662997722625732,16.312593460083008,NSGA-II,102
P015_3_S17_C11,0.0,2.410527,16.595,2.445786714553833,16.26028060913086,NSGA-II,102
P015_3_S17_C11,0.0,2.372511,16.595,2.4276325702667236,16.227750778198242,NSGA-II,102
P037_2_S06_C09,2249.0,2.303873,16.04656,2.3198165893554688,16.037456512451172,NSGA-II,102
P037_2_S06_C09,2379.0,2.287498,16.04656,2.306796073913574,16.031286239624023,NSGA-II,102
P037_2_S06_C09,2515.0,2.269198,16.04656,2.292609214782715,16.027620315551758,NSGA-II,102
P037_2_S06_C09,2650.0,2.253785,16.04656,2.276947021484375,16.022857666015625,NSGA-II,102
P037_2_S06_C09,2784.0,2.2342,16.04656,2.2562785148620605,16.021631240844727,NSGA-II,102
P037_2_S06_C09,2920.0,2.205066,16.04656,2.2254650592803955,16.022985458374023,NSGA-II,102
P037_2_S06_C09,3060.0,2.170108,16.04656,2.179267406463623,16.035478591918945,NSGA-II,102
P037_2_S06_C09,3202.0,2.116586,16.04656,2.109866142272949,16.063642501831055,NSGA-II,102
P037_2_S06_C09,3488.0,1.997463,16.04656,2.006678342819214,16.11263656616211,NSGA-II,102
P049_3_S15_C02,2152.0,2.500887,14.869667,2.5054962635040283,14.769318580627441,NSGA-II,102
P049_3_S15_C02,2271.0,2.493731,14.869667,2.4990885257720947,14.757047653198242,NSGA-II,102
P049_3_S15_C02,2395.0,2.485354,14.869667,2.4925148487091064,14.746443748474121,NSGA-II,102
P049_3_S15_C02,2517.0,2.480364,14.869667,2.485801935195923,14.737812042236328,NSGA-II,102
P049_3_S15_C02,2637.0,2.471771,14.869667,2.4789633750915527,14.730611801147461,NSGA-II,102
P049_3_S15_C02,2758.0,2.464056,14.869667,2.471958875656128,14.724417686462402,NSGA-II,102
P049_3_S15_C02,2881.0,2.456818,14.869667,2.464747190475464,14.719087600708008,NSGA-II,102
P049_3_S15_C02,3004.0,2.445937,14.869667,2.457148313522339,14.715487480163574,NSGA-II,102
P049_3_S15_C02,3240.0,2.434579,14.869667,2.449172019958496,14.713269233703613,NSGA-II,102
P051_2_S11_C05,5504.0,1.854337,23.062,1.8724405765533447,23.574623107910156,NSGA-II,102
P051_2_S11_C05,5858.0,1.706588,23.062,1.7379300594329834,23.648757934570312,NSGA-II,102
P051_2_S11_C05,6237.0,1.598978,23.062,1.5681540966033936,23.662324905395508,NSGA-II,102
P063_3_S18_C05,5600.0,2.248487,15.905776,2.233250856399536,15.969796180725098,NSGA-II,102
P063_3_S18_C05,5918.0,2.201492,15.905776,2.2069456577301025,15.997814178466797,NSGA-II,102
P063_3_S18_C05,6251.0,2.170797,15.905776,2.1817126274108887,16.01862907409668,NSGA-II,102
P063_3_S18_C05,6580.0,2.14893,15.905776,2.1567633152008057,16.037670135498047,NSGA-II,102
P063_3_S18_C05,6907.0,2.123314,15.905776,2.132129192352295,16.05730438232422,NSGA-II,102
P063_3_S18_C05,7239.0,2.100496,15.905776,2.1070444583892822,16.072895050048828,NSGA-II,102
P063_3_S18_C05,7576.0,2.076689,15.905776,2.079986810684204,16.0900821685791,NSGA-II,102
P063_3_S18_C05,7915.0,2.071696,15.905776,2.0508902072906494,16.11286163330078,NSGA-II,102
P063_3_S18_C05,8572.0,2.025095,15.905776,2.019235372543335,16.13930320739746,NSGA-II,102
P068_3_S08_C03,11370.0,2.187058,19.151333,2.1795849800109863,19.220542907714844,NSGA-II,102
P068_3_S08_C03,11972.0,2.173376,19.151333,2.14357590675354,19.2329158782959,NSGA-II,102
P068_3_S08_C03,12578.0,2.16034,19.151333,2.0832133293151855,19.241788864135742,NSGA-II,102
P068_3_S08_C03,13173.0,2.142762,19.151333,1.9773424863815308,19.22933578491211,NSGA-II,102
P068_3_S08_C03,13760.0,2.07971,19.151333,1.801900863647461,19.23663330078125,NSGA-II,102
P068_3_S08_C03,14355.0,1.946286,19.151333,1.5447784662246704,19.239519119262695,NSGA-II,102
P068_3_S08_C03,14946.0,1.726823,19.151333,1.2685551643371582,19.272981643676758,NSGA-II,102
P075_3_S19_C02,11570.0,2.370704,15.847142,2.3600945472717285,15.881845474243164,NSGA-II,102
P075_3_S19_C02,12177.0,2.368679,15.847142,2.3473939895629883,15.891514778137207,NSGA-II,102
P075_3_S19_C02,12805.0,2.352887,15.847142,2.3374319076538086,15.8992919921875,NSGA-II,102
P075_3_S19_C02,13422.0,2.34346,15.847142,2.3289794921875,15.905045509338379,NSGA-II,102
P075_3_S19_C02,14029.0,2.321794,15.847142,2.3214199542999268,15.909695625305176,NSGA-II,102
P075_3_S19_C02,14646.0,2.31095,15.847142,2.314608573913574,15.914674758911133,NSGA-II,102
P075_3_S19_C02,15265.0,2.299708,15.847142,2.3086609840393066,15.91616439819336,NSGA-II,102
P075_3_S19_C02,15885.0,2.292115,15.847142,2.303391933441162,15.916070938110352,NSGA-II,102
P075_3_S19_C02,17085.0,2.266778,15.847142,2.2986626625061035,15.914820671081543,NSGA-II,102
P004_2_S04_C11,0.0,2.713909,16.717924,2.706862449645996,16.76531410217285,NSGA-II,112
P004_2_S04_C11,0.0,2.70661,16.717924,2.699338912963867,16.775121688842773,NSGA-II,112
P004_2_S04_C11,0.0,2.701574,16.717924,2.692199230194092,16.78440284729004,NSGA-II,112
P004_2_S04_C11,0.0,2.696484,16.717924,2.6855101585388184,16.793338775634766,NSGA-II,112
P004_2_S04_C11,0.0,2.692177,16.717924,2.679217576980591,16.801969528198242,NSGA-II,112
P004_2_S04_C11,0.0,2.687612,16.717924,2.673304557800293,16.809953689575195,NSGA-II,112
P004_2_S04_C11,0.0,2.683562,16.717924,2.667745590209961,16.817344665527344,NSGA-II,112
P004_2_S04_C11,0.0,2.675552,16.717924,2.6623356342315674,16.82392120361328,NSGA-II,112
P004_2_S04_C11,0.0,2.673724,16.717924,2.657029390335083,16.82961082458496,NSGA-II,112
P007_2_S09_C10,0.0,2.697726,17.456173,2.702213764190674,17.463134765625,NSGA-II,112
P007_2_S09_C10,0.0,2.691619,17.456173,2.698491334915161,17.46205711364746,NSGA-II,112
P007_2_S09_C10,0.0,2.685932,17.456173,2.695085048675537,17.461040496826172,NSGA-II,112
P007_2_S09_C10,0.0,2.680738,17.456173,2.691972017288208,17.459972381591797,NSGA-II,112
P007_2_S09_C10,0.0,2.675793,17.456173,2.689133405685425,17.45888328552246,NSGA-II,112
P007_2_S09_C10,0.0,2.670531,17.456173,2.6865334510803223,17.457685470581055,NSGA-II,112
P007_2_S09_C10,0.0,2.665572,17.456173,2.684141159057617,17.45648193359375,NSGA-II,112
P007_2_S09_C10,0.0,2.65702,17.456173,2.681933879852295,17.455307006835938,NSGA-II,112
P007_2_S09_C10,0.0,2.655033,17.456173,2.679892063140869,17.454288482666016,NSGA-II,112
P011_1_S10_C11,0.0,2.674842,17.597092,2.677855968475342,17.615894317626953,NSGA-II,112
P011_1_S10_C11,0.0,2.668472,17.597092,2.6729769706726074,17.61969757080078,NSGA-II,112
P011_1_S10_C11,0.0,2.662688,17.597092,2.668442964553833,17.623737335205078,NSGA-II,112
P011_1_S10_C11,0.0,2.657059,17.597092,2.664269208908081,17.6278133392334,NSGA-II,112
P011_1_S10_C11,0.0,2.651241,17.597092,2.660385847091675,17.631967544555664,NSGA-II,112
P011_1_S10_C11,0.0,2.645928,17.597092,2.6567935943603516,17.636226654052734,NSGA-II,112
P011_1_S10_C11,0.0,2.640874,17.597092,2.653470039367676,17.64055633544922,NSGA-II,112
P011_1_S10_C11,0.0,2.632689,17.597092,2.6503992080688477,17.644861221313477,NSGA-II,112
P011_1_S10_C11,0.0,2.628682,17.597092,2.6474928855895996,17.64943504333496,NSGA-II,112
P015_3_S17_C11,0.0,2.438477,16.595,2.4643924236297607,16.349063873291016,NSGA-II,112
P015_3_S17_C11,0.0,2.410527,16.595,2.443284273147583,16.28131866455078,NSGA-II,112
P015_3_S17_C11,0.0,2.372511,16.595,2.425316333770752,16.23189353942871,NSGA-II,112
P037_2_S06_C09,2249.0,2.303873,16.04656,2.3162248134613037,16.043598175048828,NSGA-II,112
P037_2_S06_C09,2379.0,2.287498,16.04656,2.2998523712158203,16.033069610595703,NSGA-II,112
P037_2_S06_C09,2515.0,2.269198,16.04656,2.28133225440979,16.02764892578125,NSGA-II,112
P037_2_S06_C09,2650.0,2.253785,16.04656,2.2609634399414062,16.027021408081055,NSGA-II,112
P037_2_S06_C09,2784.0,2.2342,16.04656,2.236609935760498,16.034772872924805,NSGA-II,112
P037_2_S06_C09,2920.0,2.205066,16.04656,2.205327033996582,16.049171447753906,NSGA-II,112
P037_2_S06_C09,3060.0,2.170108,16.04656,2.1626579761505127,16.058197021484375,NSGA-II,112
P037_2_S06_C09,3202.0,2.116586,16.04656,2.1086642742156982,16.076751708984375,NSGA-II,112
P037_2_S06_C09,3488.0,1.997463,16.04656,2.040217638015747,16.11247444152832,NSGA-II,112
P049_3_S15_C02,2152.0,2.500887,14.869667,2.503892660140991,14.79696273803711,NSGA-II,112
P049_3_S15_C02,2271.0,2.493731,14.869667,2.4946718215942383,14.787419319152832,NSGA-II,112
P049_3_S15_C02,2395.0,2.485354,14.869667,2.4850430488586426,14.781325340270996,NSGA-II,112
P049_3_S15_C02,2517.0,2.480364,14.869667,2.475217580795288,14.7738618850708,NSGA-II,112
P049_3_S15_C02,2637.0,2.471771,14.869667,2.4648678302764893,14.767483711242676,NSGA-II,112
P049_3_S15_C02,2758.0,2.464056,14.869667,2.4542720317840576,14.76347541809082,NSGA-II,112
P049_3_S15_C02,2881.0,2.456818,14.869667,2.4430456161499023,14.761516571044922,NSGA-II,112
P049_3_S15_C02,3004.0,2.445937,14.869667,2.431575059890747,14.76269817352295,NSGA-II,112
P049_3_S15_C02,3240.0,2.434579,14.869667,2.4195404052734375,14.765186309814453,NSGA-II,112
P051_2_S11_C05,5504.0,1.854337,23.062,1.9013203382492065,23.077659606933594,NSGA-II,112
P051_2_S11_C05,5858.0,1.706588,23.062,1.8036826848983765,22.999027252197266,NSGA-II,112
P051_2_S11_C05,6237.0,1.598978,23.062,1.6820731163024902,22.912328720092773,NSGA-II,112
P063_3_S18_C05,5600.0,2.248487,15.905776,2.2368111610412598,16.089847564697266,NSGA-II,112
P063_3_S18_C05,5918.0,2.201492,15.905776,2.2083334922790527,16.112455368041992,NSGA-II,112
P063_3_S18_C05,6251.0,2.170797,15.905776,2.177870988845825,16.13301658630371,NSGA-II,112
P063_3_S18_C05,6580.0,2.14893,15.905776,2.144899845123291,16.150205612182617,NSGA-II,112
P063_3_S18_C05,6907.0,2.123314,15.905776,2.10772967338562,16.1622257232666,NSGA-II,112
P063_3_S18_C05,7239.0,2.100496,15.905776,2.067584991455078,16.176366806030273,NSGA-II,112
P063_3_S18_C05,7576.0,2.076689,15.905776,2.024414539337158,16.189477920532227,NSGA-II,112
P063_3_S18_C05,7915.0,2.071696,15.905776,1.9769928455352783,16.19090461730957,NSGA-II,112
P063_3_S18_C05,8572.0,2.025095,15.905776,1.9265779256820679,16.18669319152832,NSGA-II,112
P068_3_S08_C03,11370.0,2.187058,19.151333,2.1479949951171875,18.989913940429688,NSGA-II,112
P068_3_S08_C03,11972.0,2.173376,19.151333,2.078889846801758,18.923784255981445,NSGA-II,112
P068_3_S08_C03,12578.0,2.16034,19.151333,1.9725966453552246,18.8836612701416,NSGA-II,112
P068_3_S08_C03,13173.0,2.142762,19.151333,1.8114256858825684,18.8559513092041,NSGA-II,112
P068_3_S08_C03,13760.0,2.07971,19.151333,1.5944297313690186,18.90702247619629,NSGA-II,112
P068_3_S08_C03,14355.0,1.946286,19.151333,1.341588020324707,19.01496696472168,NSGA-II,112
P068_3_S08_C03,14946.0,1.726823,19.151333,1.1044247150421143,19.17290496826172,NSGA-II,112
P075_3_S19_C02,11570.0,2.370704,15.847142,2.3621625900268555,15.873860359191895,NSGA-II,112
P075_3_S19_C02,12177.0,2.368679,15.847142,2.3477206230163574,15.890331268310547,NSGA-II,112
P075_3_S19_C02,12805.0,2.352887,15.847142,2.333922863006592,15.910164833068848,NSGA-II,112
P075_3_S19_C02,13422.0,2.34346,15.847142,2.320955514907837,15.927845001220703,NSGA-II,112
P075_3_S19_C02,14029.0,2.321794,15.847142,2.3093955516815186,15.941704750061035,NSGA-II,112
P075_3_S19_C02,14646.0,2.31095,15.847142,2.298849582672119,15.954299926757812,NSGA-II,112
P075_3_S19_C02,15265.0,2.299708,15.847142,2.289365291595459,15.963898658752441,NSGA-II,112
P075_3_S19_C02,15885.0,2.292115,15.847142,2.2810118198394775,15.970525741577148,NSGA-II,112
P075_3_S19_C02,17085.0,2.266778,15.847142,2.274125576019287,15.971159934997559,NSGA-II,112
P004_2_S04_C11,0.0,2.713909,16.717924,2.7163751125335693,16.82167625427246,NSGA-II,122
P004_2_S04_C11,0.0,2.70661,16.717924,2.7129056453704834,16.844446182250977,NSGA-II,122
P004_2_S04_C11,0.0,2.701574,16.717924,2.7096521854400635,16.865596771240234,NSGA-II,122
P004_2_S04_C11,0.0,2.696484,16.717924,2.706714153289795,16.886093139648438,NSGA-II,122
P004_2_S04_C11,0.0,2.692177,16.717924,2.7040181159973145,16.90542984008789,NSGA-II,122
P004_2_S04_C11,0.0,2.687612,16.717924,2.7014801502227783,16.923744201660156,NSGA-II,122
P004_2_S04_C11,0.0,2.683562,16.717924,2.6991279125213623,16.941164016723633,NSGA-II,122
P004_2_S04_C11,0.0,2.675552,16.717924,2.696928024291992,16.957612991333008,NSGA-II,122
P004_2_S04_C11,0.0,2.673724,16.717924,2.6948742866516113,16.973100662231445,NSGA-II,122
P007_2_S09_C10,0.0,2.697726,17.456173,2.695801019668579,17.482900619506836,NSGA-II,122
P007_2_S09_C10,0.0,2.691619,17.456173,2.6904523372650146,17.491655349731445,NSGA-II,122
P007_2_S09_C10,0.0,2.685932,17.456173,2.6854612827301025,17.500125885009766,NSGA-II,122
P007_2_S09_C10,0.0,2.680738,17.456173,2.680919647216797,17.508506774902344,NSGA-II,122
P007_2_S09_C10,0.0,2.675793,17.456173,2.6768105030059814,17.51688575744629,NSGA-II,122
P007_2_S09_C10,0.0,2.670531,17.456173,2.6730809211730957,17.52556037902832,NSGA-II,122
P007_2_S09_C10,0.0,2.665572,17.456173,2.66969633102417,17.534521102905273,NSGA-II,122
P007_2_S09_C10,0.0,2.65702,17.456173,2.6666367053985596,17.543519973754883,NSGA-II,122
P007_2_S09_C10,0.0,2.655033,17.456173,2.6638729572296143,17.55252456665039,NSGA-II,122
P011_1_S10_C11,0.0,2.674842,17.597092,2.6741790771484375,17.67258644104004,NSGA-II,122
P011_1_S10_C11,0.0,2.668472,17.597092,2.668363571166992,17.694252014160156,NSGA-II,122
P011_1_S10_C11,0.0,2.662688,17.597092,2.662985324859619,17.714540481567383,NSGA-II,122
P011_1_S10_C11,0.0,2.657059,17.597092,2.6580710411071777,17.73427391052246,NSGA-II,122
P011_1_S10_C11,0.0,2.651241,17.597092,2.6535959243774414,17.753297805786133,NSGA-II,122
P011_1_S10_C11,0.0,2.645928,17.597092,2.6495232582092285,17.77175521850586,NSGA-II,122
P011_1_S10_C11,0.0,2.640874,17.597092,2.6458358764648438,17.790023803710938,NSGA-II,122
P011_1_S10_C11,0.0,2.632689,17.597092,2.642496347427368,17.807849884033203,NSGA-II,122
P011_1_S10_C11,0.0,2.628682,17.597092,2.639425277709961,17.825708389282227,NSGA-II,122
P015_3_S17_C11,0.0,2.438477,16.595,2.489196538925171,16.419902801513672,NSGA-II,122
P015_3_S17_C11,0.0,2.410527,16.595,2.4764444828033447,16.406761169433594,NSGA-II,122
P015_3_S17_C11,0.0,2.372511,16.595,2.4647464752197266,16.395009994506836,NSGA-II,122
P037_2_S06_C09,2249.0,2.303873,16.04656,2.3126964569091797,16.077322006225586,NSGA-II,122
P037_2_S06_C09,2379.0,2.287498,16.04656,2.294461965560913,16.07895851135254,NSGA-II,122
P037_2_S06_C09,2515.0,2.269198,16.04656,2.273827075958252,16.076627731323242,NSGA-II,122
P037_2_S06_C09,2650.0,2.253785,16.04656,2.247997522354126,16.07194709777832,NSGA-II,122
P037_2_S06_C09,2784.0,2.2342,16.04656,2.2135322093963623,16.064411163330078,NSGA-II,122
P037_2_S06_C09,2920.0,2.205066,16.04656,2.157257556915283,16.07332420349121,NSGA-II,122
P037_2_S06_C09,3060.0,2.170108,16.04656,2.073664903640747,16.114116668701172,NSGA-II,122
P037_2_S06_C09,3202.0,2.116586,16.04656,1.9555875062942505,16.185775756835938,NSGA-II,122
P037_2_S06_C09,3488.0,1.997463,16.04656,1.819128394126892,16.24110984802246,NSGA-II,122
P049_3_S15_C02,2152.0,2.500887,14.869667,2.5175235271453857,14.944548606872559,NSGA-II,122
P049_3_S15_C02,2271.0,2.493731,14.869667,2.515023946762085,14.962078094482422,NSGA-II,122
P049_3_S15_C02,2395.0,2.485354,14.869667,2.5125465393066406,14.975789070129395,NSGA-II,122
P049_3_S15_C02,2517.0,2.480364,14.869667,2.5099990367889404,14.987215995788574,NSGA-II,122
P049_3_S15_C02,2637.0,2.471771,14.869667,2.50734543800354,14.996745109558105,NSGA-II,122
P049_3_S15_C02,2758.0,2.464056,14.869667,2.504554033279419,15.004684448242188,NSGA-II,122
P049_3_S15_C02,2881.0,2.456818,14.869667,2.501591205596924,15.011274337768555,NSGA-II,122
P049_3_S15_C02,3004.0,2.445937,14.869667,2.4983794689178467,15.016592025756836,NSGA-II,122
P049_3_S15_C02,3240.0,2.434579,14.869667,2.4947500228881836,15.0209321975708,NSGA-II,122
P051_2_S11_C05,5504.0,1.854337,23.062,1.9200221300125122,23.45069694519043,NSGA-II,122
P051_2_S11_C05,5858.0,1.706588,23.062,1.8141822814941406,23.526002883911133,NSGA-II,122
P051_2_S11_C05,6237.0,1.598978,23.062,1.6706968545913696,23.627357482910156,NSGA-II,122
P063_3_S18_C05,5600.0,2.248487,15.905776,2.228605270385742,15.947742462158203,NSGA-II,122
P063_3_S18_C05,5918.0,2.201492,15.905776,2.1937947273254395,15.971229553222656,NSGA-II,122
P063_3_S18_C05,6251.0,2.170797,15.905776,2.154982566833496,16.000629425048828,NSGA-II,122
P063_3_S18_C05,6580.0,2.14893,15.905776,2.108973503112793,16.037330627441406,NSGA-II,122
P063_3_S18_C05,6907.0,2.123314,15.905776,2.0550568103790283,16.081809997558594,NSGA-II,122
P063_3_S18_C05,7239.0,2.100496,15.905776,1.9870026111602783,16.133838653564453,NSGA-II,122
P063_3_S18_C05,7576.0,2.076689,15.905776,1.906607747077942,16.192672729492188,NSGA-II,122
P063_3_S18_C05,7915.0,2.071696,15.905776,1.823805332183838,16.226011276245117,NSGA-II,122
P063_3_S18_C05,8572.0,2.025095,15.905776,1.7367186546325684,16.263795852661133,NSGA-II,122
P068_3_S08_C03,11370.0,2.187058,19.151333,2.1331498622894287,19.05316734313965,NSGA-II,122
P068_3_S08_C03,11972.0,2.173376,19.151333,2.0589962005615234,18.98814582824707,NSGA-II,122
P068_3_S08_C03,12578.0,2.16034,19.151333,1.9409579038619995,18.935199737548828,NSGA-II,122
P068_3_S08_C03,13173.0,2.142762,19.151333,1.7688947916030884,19.007966995239258,NSGA-II,122
P068_3_S08_C03,13760.0,2.07971,19.151333,1.5376895666122437,19.183454513549805,NSGA-II,122
P068_3_S08_C03,14355.0,1.946286,19.151333,1.2922090291976929,19.497751235961914,NSGA-II,122
P068_3_S08_C03,14946.0,1.726823,19.151333,1.0965194702148438,19.866180419921875,NSGA-II,122
P075_3_S19_C02,11570.0,2.370704,15.847142,2.352112054824829,15.842683792114258,NSGA-II,122
P075_3_S19_C02,12177.0,2.368679,15.847142,2.335195302963257,15.83984661102295,NSGA-II,122
P075_3_S19_C02,12805.0,2.352887,15.847142,2.320134401321411,15.838140487670898,NSGA-II,122
P075_3_S19_C02,13422.0,2.34346,15.847142,2.307302474975586,15.841790199279785,NSGA-II,122
P075_3_S19_C02,14029.0,2.321794,15.847142,2.2960281372070312,15.845564842224121,NSGA-II,122
P075_3_S19_C02,14646.0,2.31095,15.847142,2.286254405975342,15.849309921264648,NSGA-II,122
P075_3_S19_C02,15265.0,2.299708,15.847142,2.2778186798095703,15.85161018371582,NSGA-II,122
P075_3_S19_C02,15885.0,2.292115,15.847142,2.2703874111175537,15.853550910949707,NSGA-II,122
P075_3_S19_C02,17085.0,2.266778,15.847142,2.263615608215332,15.854914665222168,NSGA-II,122
P004_2_S04_C11,0.0,2.713909,16.717924,2.7227189540863037,16.87696647644043,NSGA-II,132
P004_2_S04_C11,0.0,2.70661,16.717924,2.720308780670166,16.904399871826172,NSGA-II,132
P004_2_S04_C11,0.0,2.701574,16.717924,2.7179999351501465,16.929710388183594,NSGA-II,132
P004_2_S04_C11,0.0,2.696484,16.717924,2.7156617641448975,16.953590393066406,NSGA-II,132
P004_2_S04_C11,0.0,2.692177,16.717924,2.713261604309082,16.97659683227539,NSGA-II,132
P004_2_S04_C11,0.0,2.687612,16.717924,2.7107932567596436,16.998937606811523,NSGA-II,132
P004_2_S04_C11,0.0,2.683562,16.717924,2.708261728286743,17.020689010620117,NSGA-II,132
P004_2_S04_C11,0.0,2.675552,16.717924,2.7056775093078613,17.04262351989746,NSGA-II,132
P004_2_S04_C11,0.0,2.673724,16.717924,2.702975034713745,17.06555938720703,NSGA-II,132
P007_2_S09_C10,0.0,2.697726,17.456173,2.701003074645996,17.470176696777344,NSGA-II,132
P007_2_S09_C10,0.0,2.691619,17.456173,2.69655179977417,17.475614547729492,NSGA-II,132
P007_2_S09_C10,0.0,2.685932,17.456173,2.6924991607666016,17.481433868408203,NSGA-II,132
P007_2_S09_C10,0.0,2.680738,17.456173,2.6888160705566406,17.48756217956543,NSGA-II,132
P007_2_S09_C10,0.0,2.675793,17.456173,2.6854727268218994,17.493799209594727,NSGA-II,132
P007_2_S09_C10,0.0,2.670531,17.456173,2.682432174682617,17.50004768371582,NSGA-II,132
P007_2_S09_C10,0.0,2.665572,17.456173,2.679762840270996,17.50531768798828,NSGA-II,132
P007_2_S09_C10,0.0,2.65702,17.456173,2.6773579120635986,17.510526657104492,NSGA-II,132
P007_2_S09_C10,0.0,2.655033,17.456173,2.6751956939697266,17.51566505432129,NSGA-II,132
P011_1_S10_C11,0.0,2.674842,17.597092,2.680166006088257,17.635286331176758,NSGA-II,132
P011_1_S10_C11,0.0,2.668472,17.597092,2.6762120723724365,17.642505645751953,NSGA-II,132
P011_1_S10_C11,0.0,2.662688,17.597092,2.6727828979492188,17.648523330688477,NSGA-II,132
P011_1_S10_C11,0.0,2.657059,17.597092,2.669774055480957,17.654132843017578,NSGA-II,132
P011_1_S10_C11,0.0,2.651241,17.597092,2.6671383380889893,17.65964126586914,NSGA-II,132
P011_1_S10_C11,0.0,2.645928,17.597092,2.664832592010498,17.664915084838867,NSGA-II,132
P011_1_S10_C11,0.0,2.640874,17.597092,2.66281795501709,17.669940948486328,NSGA-II,132
P011_1_S10_C11,0.0,2.632689,17.597092,2.6610605716705322,17.674732208251953,NSGA-II,132
P011_1_S10_C11,0.0,2.628682,17.597092,2.659529209136963,17.679290771484375,NSGA-II,132
P015_3_S17_C11,0.0,2.438477,16.595,2.4360671043395996,16.591398239135742,NSGA-II,132
P015_3_S17_C11,0.0,2.410527,16.595,2.3997035026550293,16.626758575439453,NSGA-II,132
P015_3_S17_C11,0.0,2.372511,16.595,2.36513352394104,16.66465187072754,NSGA-II,132
P037_2_S06_C09,2249.0,2.303873,16.04656,2.306462049484253,16.023366928100586,NSGA-II,132
P037_2_S06_C09,2379.0,2.287498,16.04656,2.2864484786987305,16.01677131652832,NSGA-II,132
P037_2_S06_C09,2515.0,2.269198,16.04656,2.2643003463745117,16.008508682250977,NSGA-II,132
P037_2_S06_C09,2650.0,2.253785,16.04656,2.2395639419555664,16.0018367767334,NSGA-II,132
P037_2_S06_C09,2784.0,2.2342,16.04656,2.2086737155914307,15.995170593261719,NSGA-II,132
P037_2_S06_C09,2920.0,2.205066,16.04656,2.168144941329956,15.995386123657227,NSGA-II,132
P037_2_S06_C09,3060.0,2.170108,16.04656,2.1087639331817627,16.02585220336914,NSGA-II,132
P037_2_S06_C09,3202.0,2.116586,16.04656,2.0246195793151855,16.075349807739258,NSGA-II,132
P037_2_S06_C09,3488.0,1.997463,16.04656,1.910127878189087,16.143434524536133,NSGA-II,132
P049_3_S15_C02,2152.0,2.500887,14.869667,2.493839740753174,14.82098388671875,NSGA-II,132
P049_3_S15_C02,2271.0,2.493731,14.869667,2.4827022552490234,14.820577621459961,NSGA-II,132
P049_3_S15_C02,2395.0,2.485354,14.869667,2.471339702606201,14.821867942810059,NSGA-II,132
P049_3_S15_C02,2517.0,2.480364,14.869667,2.459385871887207,14.824054718017578,NSGA-II,132
P049_3_S15_C02,2637.0,2.471771,14.869667,2.4469707012176514,14.828289985656738,NSGA-II,132
P049_3_S15_C02,2758.0,2.464056,14.869667,2.434715986251831,14.832982063293457,NSGA-II,132
P049_3_S15_C02,2881.0,2.456818,14.869667,2.42214298248291,14.838170051574707,NSGA-II,132
P049_3_S15_C02,3004.0,2.445937,14.869667,2.4097583293914795,14.846418380737305,NSGA-II,132
P049_3_S15_C02,3240.0,2.434579,14.869667,2.3976712226867676,14.857786178588867,NSGA-II,132
P051_2_S11_C05,5504.0,1.854337,23.062,1.9309158325195312,23.36838722229004,NSGA-II,132
P051_2_S11_C05,5858.0,1.706588,23.062,1.8323198556900024,23.33548927307129,NSGA-II,132
P051_2_S11_C05,6237.0,1.598978,23.062,1.694938063621521,23.283470153808594,NSGA-II,132
P063_3_S18_C05,5600.0,2.248487,15.905776,2.2221992015838623,16.201515197753906,NSGA-II,132
P063_3_S18_C05,5918.0,2.201492,15.905776,2.1771607398986816,16.266441345214844,NSGA-II,132
P063_3_S18_C05,6251.0,2.170797,15.905776,2.1277551651000977,16.32901382446289,NSGA-II,132
P063_3_S18_C05,6580.0,2.14893,15.905776,2.0732781887054443,16.3918399810791,NSGA-II,132
P063_3_S18_C05,6907.0,2.123314,15.905776,2.0139739513397217,16.461013793945312,NSGA-II,132
P063_3_S18_C05,7239.0,2.100496,15.905776,1.944132924079895,16.522920608520508,NSGA-II,132
P063_3_S18_C05,7576.0,2.076689,15.905776,1.8676708936691284,16.601970672607422,NSGA-II,132
P063_3_S18_C05,7915.0,2.071696,15.905776,1.7855839729309082,16.723094940185547,NSGA-II,132
P063_3_S18_C05,8572.0,2.025095,15.905776,1.6992356777191162,16.877918243408203,NSGA-II,132
P068_3_S08_C03,11370.0,2.187058,19.151333,2.165431022644043,19.15863609313965,NSGA-II,132
P068_3_S08_C03,11972.0,2.173376,19.151333,2.113046884536743,19.124774932861328,NSGA-II,132
P068_3_S08_C03,12578.0,2.16034,19.151333,2.0231316089630127,19.087339401245117,NSGA-II,132
P068_3_S08_C03,13173.0,2.142762,19.151333,1.8833649158477783,19.097410202026367,NSGA-II,132
P068_3_S08_C03,13760.0,2.07971,19.151333,1.6796783208847046,19.13404083251953,NSGA-II,132
P068_3_S08_C03,14355.0,1.946286,19.151333,1.4156700372695923,19.177988052368164,NSGA-II,132
P068_3_S08_C03,14946.0,1.726823,19.151333,1.1241917610168457,19.26614761352539,NSGA-II,132
P075_3_S19_C02,11570.0,2.370704,15.847142,2.355463743209839,15.80337142944336,NSGA-II,132
P075_3_S19_C02,12177.0,2.368679,15.847142,2.337374687194824,15.789912223815918,NSGA-II,132
P075_3_S19_C02,12805.0,2.352887,15.847142,2.32114839553833,15.779753684997559,NSGA-II,132
P075_3_S19_C02,13422.0,2.34346,15.847142,2.306642770767212,15.770879745483398,NSGA-II,132
P075_3_S19_C02,14029.0,2.321794,15.847142,2.2933847904205322,15.763236045837402,NSGA-II,132
P075_3_S19_C02,14646.0,2.31095,15.847142,2.2816572189331055,15.755571365356445,NSGA-II,132
P075_3_S19_C02,15265.0,2.299708,15.847142,2.2711479663848877,15.747842788696289,NSGA-II,132
P075_3_S19_C02,15885.0,2.292115,15.847142,2.261571168899536,15.740257263183594,NSGA-II,132
P075_3_S19_C02,17085.0,2.266778,15.847142,2.2527365684509277,15.73263168334961,NSGA-II,132
P004_2_S04_C11,0.0,2.713909,16.717924,2.6945958137512207,16.867008209228516,NSGA-III,42
P004_2_S04_C11,0.0,2.70661,16.717924,2.6916518211364746,16.887819290161133,NSGA-III,42
P004_2_S04_C11,0.0,2.701574,16.717924,2.6890769004821777,16.904844284057617,NSGA-III,42
P004_2_S04_C11,0.0,2.696484,16.717924,2.687063455581665,16.919099807739258,NSGA-III,42
P004_2_S04_C11,0.0,2.692177,16.717924,2.6854913234710693,16.931011199951172,NSGA-III,42
P004_2_S04_C11,0.0,2.687612,16.717924,2.684264659881592,16.940998077392578,NSGA-III,42
P004_2_S04_C11,0.0,2.683562,16.717924,2.683309316635132,16.949399948120117,NSGA-III,42
P004_2_S04_C11,0.0,2.675552,16.717924,2.6825735569000244,16.956295013427734,NSGA-III,42
P004_2_S04_C11,0.0,2.673724,16.717924,2.6819908618927,16.962095260620117,NSGA-III,42
P007_2_S09_C10,0.0,2.697726,17.456173,2.688312530517578,17.527341842651367,NSGA-III,42
P007_2_S09_C10,0.0,2.691619,17.456173,2.685235023498535,17.54375648498535,NSGA-III,42
P007_2_S09_C10,0.0,2.685932,17.456173,2.6827328205108643,17.557010650634766,NSGA-III,42
P007_2_S09_C10,0.0,2.680738,17.456173,2.6807260513305664,17.569690704345703,NSGA-III,42
P007_2_S09_C10,0.0,2.675793,17.456173,2.6791281700134277,17.58180809020996,NSGA-III,42
P007_2_S09_C10,0.0,2.670531,17.456173,2.6778721809387207,17.59331512451172,NSGA-III,42
P007_2_S09_C10,0.0,2.665572,17.456173,2.6769094467163086,17.604066848754883,NSGA-III,42
P007_2_S09_C10,0.0,2.65702,17.456173,2.676180601119995,17.61419677734375,NSGA-III,42
P007_2_S09_C10,0.0,2.655033,17.456173,2.6756391525268555,17.623807907104492,NSGA-III,42
P011_1_S10_C11,0.0,2.674842,17.597092,2.666839599609375,17.735233306884766,NSGA-III,42
P011_1_S10_C11,0.0,2.668472,17.597092,2.6632046699523926,17.771080017089844,NSGA-III,42
P011_1_S10_C11,0.0,2.662688,17.597092,2.6598246097564697,17.803598403930664,NSGA-III,42
P011_1_S10_C11,0.0,2.657059,17.597092,2.6568870544433594,17.834510803222656,NSGA-III,42
P011_1_S10_C11,0.0,2.651241,17.597092,2.654449701309204,17.863571166992188,NSGA-III,42
P011_1_S10_C11,0.0,2.645928,17.597092,2.6524064540863037,17.890417098999023,NSGA-III,42
P011_1_S10_C11,0.0,2.640874,17.597092,2.650714635848999,17.915637969970703,NSGA-III,42
P011_1_S10_C11,0.0,2.632689,17.597092,2.6492409706115723,17.94019889831543,NSGA-III,42
P011_1_S10_C11,0.0,2.628682,17.597092,2.647995710372925,17.9637508392334,NSGA-III,42
P015_3_S17_C11,0.0,2.438477,16.595,2.532074451446533,16.388025283813477,NSGA-III,42
P015_3_S17_C11,0.0,2.410527,16.595,2.530217170715332,16.338144302368164,NSGA-III,42
P015_3_S17_C11,0.0,2.372511,16.595,2.5288279056549072,16.294044494628906,NSGA-III,42
P037_2_S06_C09,2249.0,2.303873,16.04656,2.3157124519348145,16.036659240722656,NSGA-III,42
P037_2_S06_C09,2379.0,2.287498,16.04656,2.296281576156616,16.02372932434082,NSGA-III,42
P037_2_S06_C09,2515.0,2.269198,16.04656,2.2735533714294434,16.012714385986328,NSGA-III,42
P037_2_S06_C09,2650.0,2.253785,16.04656,2.247201919555664,16.005332946777344,NSGA-III,42
P037_2_S06_C09,2784.0,2.2342,16.04656,2.215876817703247,16.00295639038086,NSGA-III,42
P037_2_S06_C09,2920.0,2.205066,16.04656,2.176933765411377,16.009010314941406,NSGA-III,42
P037_2_S06_C09,3060.0,2.170108,16.04656,2.1283633708953857,16.024248123168945,NSGA-III,42
P037_2_S06_C09,3202.0,2.116586,16.04656,2.0676302909851074,16.050195693969727,NSGA-III,42
P037_2_S06_C09,3488.0,1.997463,16.04656,1.9940303564071655,16.08536148071289,NSGA-III,42
P049_3_S15_C02,2152.0,2.500887,14.869667,2.5006117820739746,14.807250022888184,NSGA-III,42
P049_3_S15_C02,2271.0,2.493731,14.869667,2.493584632873535,14.801578521728516,NSGA-III,42
P049_3_S15_C02,2395.0,2.485354,14.869667,2.4871890544891357,14.796765327453613,NSGA-III,42
P049_3_S15_C02,2517.0,2.480364,14.869667,2.4817490577697754,14.794255256652832,NSGA-III,42
P049_3_S15_C02,2637.0,2.471771,14.869667,2.4768786430358887,14.7923002243042,NSGA-III,42
P049_3_S15_C02,2758.0,2.464056,14.869667,2.472524404525757,14.790785789489746,NSGA-III,42
P049_3_S15_C02,2881.0,2.456818,14.869667,2.4685606956481934,14.789628982543945,NSGA-III,42
P049_3_S15_C02,3004.0,2.445937,14.869667,2.4649198055267334,14.788772583007812,NSGA-III,42
P049_3_S15_C02,3240.0,2.434579,14.869667,2.461570978164673,14.788116455078125,NSGA-III,42
P051_2_S11_C05,5504.0,1.854337,23.062,1.9138970375061035,23.243085861206055,NSGA-III,42
P051_2_S11_C05,5858.0,1.706588,23.062,1.8210680484771729,23.198129653930664,NSGA-III,42
P051_2_S11_C05,6237.0,1.598978,23.062,1.6951606273651123,23.096363067626953,NSGA-III,42
P063_3_S18_C05,5600.0,2.248487,15.905776,2.2800443172454834,15.8726806640625,NSGA-III,42
P063_3_S18_C05,5918.0,2.201492,15.905776,2.271019458770752,15.858816146850586,NSGA-III,42
P063_3_S18_C05,6251.0,2.170797,15.905776,2.2620739936828613,15.84555435180664,NSGA-III,42
P063_3_S18_C05,6580.0,2.14893,15.905776,2.2533252239227295,15.833526611328125,NSGA-III,42
P063_3_S18_C05,6907.0,2.123314,15.905776,2.2446911334991455,15.822917938232422,NSGA-III,42
P063_3_S18_C05,7239.0,2.100496,15.905776,2.2357285022735596,15.81433391571045,NSGA-III,42
P063_3_S18_C05,7576.0,2.076689,15.905776,2.226472854614258,15.807110786437988,NSGA-III,42
P063_3_S18_C05,7915.0,2.071696,15.905776,2.216648817062378,15.801280975341797,NSGA-III,42
P063_3_S18_C05,8572.0,2.025095,15.905776,2.2060811519622803,15.796581268310547,NSGA-III,42
P068_3_S08_C03,11370.0,2.187058,19.151333,2.105759859085083,18.898176193237305,NSGA-III,42
P068_3_S08_C03,11972.0,2.173376,19.151333,2.011664867401123,18.811948776245117,NSGA-III,42
P068_3_S08_C03,12578.0,2.16034,19.151333,1.874684453010559,18.725500106811523,NSGA-III,42
P068_3_S08_C03,13173.0,2.142762,19.151333,1.7043448686599731,18.695837020874023,NSGA-III,42
P068_3_S08_C03,13760.0,2.07971,19.151333,1.5029188394546509,18.674047470092773,NSGA-III,42
P068_3_S08_C03,14355.0,1.946286,19.151333,1.278417706489563,18.64352035522461,NSGA-III,42
P068_3_S08_C03,14946.0,1.726823,19.151333,1.0625700950622559,18.57330322265625,NSGA-III,42
P075_3_S19_C02,11570.0,2.370704,15.847142,2.3860607147216797,15.862540245056152,NSGA-III,42
P075_3_S19_C02,12177.0,2.368679,15.847142,2.3783531188964844,15.86209774017334,NSGA-III,42
P075_3_S19_C02,12805.0,2.352887,15.847142,2.370558738708496,15.861945152282715,NSGA-III,42
P075_3_S19_C02,13422.0,2.34346,15.847142,2.362639904022217,15.862374305725098,NSGA-III,42
P075_3_S19_C02,14029.0,2.321794,15.847142,2.35465145111084,15.862985610961914,NSGA-III,42
P075_3_S19_C02,14646.0,2.31095,15.847142,2.346601724624634,15.864249229431152,NSGA-III,42
P075_3_S19_C02,15265.0,2.299708,15.847142,2.338409900665283,15.86579418182373,NSGA-III,42
P075_3_S19_C02,15885.0,2.292115,15.847142,2.3300817012786865,15.867532730102539,NSGA-III,42
P075_3_S19_C02,17085.0,2.266778,15.847142,2.3220505714416504,15.867927551269531,NSGA-III,42
P004_2_S04_C11,0.0,2.713909,16.717924,2.705122470855713,16.874576568603516,NSGA-III,52
P004_2_S04_C11,0.0,2.70661,16.717924,2.7012522220611572,16.889163970947266,NSGA-III,52
P004_2_S04_C11,0.0,2.701574,16.717924,2.698127031326294,16.899181365966797,NSGA-III,52
P004_2_S04_C11,0.0,2.696484,16.717924,2.6956019401550293,16.906410217285156,NSGA-III,52
P004_2_S04_C11,0.0,2.692177,16.717924,2.6935410499572754,16.911529541015625,NSGA-III,52
P004_2_S04_C11,0.0,2.687612,16.717924,2.691854476928711,16.914989471435547,NSGA-III,52
P004_2_S04_C11,0.0,2.683562,16.717924,2.6904847621917725,16.9172420501709,NSGA-III,52
P004_2_S04_C11,0.0,2.675552,16.717924,2.689361572265625,16.91850471496582,NSGA-III,52
P004_2_S04_C11,0.0,2.673724,16.717924,2.6884260177612305,16.91905403137207,NSGA-III,52
P007_2_S09_C10,0.0,2.697726,17.456173,2.6990182399749756,17.503217697143555,NSGA-III,52
P007_2_S09_C10,0.0,2.691619,17.456173,2.695056438446045,17.51144027709961,NSGA-III,52
P007_2_S09_C10,0.0,2.685932,17.456173,2.6915688514709473,17.51814079284668,NSGA-III,52
P007_2_S09_C10,0.0,2.680738,17.456173,2.6885271072387695,17.52396011352539,NSGA-III,52
P007_2_S09_C10,0.0,2.675793,17.456173,2.6858749389648438,17.528995513916016,NSGA-III,52
P007_2_S09_C10,0.0,2.670531,17.456173,2.683562755584717,17.533342361450195,NSGA-III,52
P007_2_S09_C10,0.0,2.665572,17.456173,2.681511878967285,17.53719139099121,NSGA-III,52
P007_2_S09_C10,0.0,2.65702,17.456173,2.679680824279785,17.54065704345703,NSGA-III,52
P007_2_S09_C10,0.0,2.655033,17.456173,2.6780717372894287,17.543712615966797,NSGA-III,52
P011_1_S10_C11,0.0,2.674842,17.597092,2.6798524856567383,17.71755027770996,NSGA-III,52
P011_1_S10_C11,0.0,2.668472,17.597092,2.6756675243377686,17.743364334106445,NSGA-III,52
P011_1_S10_C11,0.0,2.662688,17.597092,2.6718063354492188,17.76755142211914,NSGA-III,52
P011_1_S10_C11,0.0,2.657059,17.597092,2.6682002544403076,17.791793823242188,NSGA-III,52
P011_1_S10_C11,0.0,2.651241,17.597092,2.665006637573242,17.81452751159668,NSGA-III,52
P011_1_S10_C11,0.0,2.645928,17.597092,2.6621718406677246,17.835979461669922,NSGA-III,52
P011_1_S10_C11,0.0,2.640874,17.597092,2.659635066986084,17.85637664794922,NSGA-III,52
P011_1_S10_C11,0.0,2.632689,17.597092,2.6573679447174072,17.875732421875,NSGA-III,52
P011_1_S10_C11,0.0,2.628682,17.597092,2.6553432941436768,17.894073486328125,NSGA-III,52
P015_3_S17_C11,0.0,2.438477,16.595,2.4834952354431152,16.4254150390625,NSGA-III,52
P015_3_S17_C11,0.0,2.410527,16.595,2.467298984527588,16.3919677734375,NSGA-III,52
P015_3_S17_C11,0.0,2.372511,16.595,2.4520316123962402,16.377500534057617,NSGA-III,52
P037_2_S06_C09,2249.0,2.303873,16.04656,2.3191628456115723,16.071243286132812,NSGA-III,52
P037_2_S06_C09,2379.0,2.287498,16.04656,2.299161672592163,16.05754280090332,NSGA-III,52
P037_2_S06_C09,2515.0,2.269198,16.04656,2.275404691696167,16.045984268188477,NSGA-III,52
P037_2_S06_C09,2650.0,2.253785,16.04656,2.2468857765197754,16.03862762451172,NSGA-III,52
P037_2_S06_C09,2784.0,2.2342,16.04656,2.2089102268218994,16.03375816345215,NSGA-III,52
P037_2_S06_C09,2920.0,2.205066,16.04656,2.1596407890319824,16.031919479370117,NSGA-III,52
P037_2_S06_C09,3060.0,2.170108,16.04656,2.0953896045684814,16.036489486694336,NSGA-III,52
P037_2_S06_C09,3202.0,2.116586,16.04656,2.012225389480591,16.049476623535156,NSGA-III,52
P037_2_S06_C09,3488.0,1.997463,16.04656,1.9101794958114624,16.0623779296875,NSGA-III,52
P049_3_S15_C02,2152.0,2.500887,14.869667,2.5015227794647217,14.627854347229004,NSGA-III,52
P049_3_S15_C02,2271.0,2.493731,14.869667,2.494323968887329,14.612260818481445,NSGA-III,52
P049_3_S15_C02,2395.0,2.485354,14.869667,2.4876227378845215,14.600131034851074,NSGA-III,52
P049_3_S15_C02,2517.0,2.480364,14.869667,2.4808216094970703,14.591708183288574,NSGA-III,52
P049_3_S15_C02,2637.0,2.471771,14.869667,2.474144458770752,14.585793495178223,NSGA-III,52
P049_3_S15_C02,2758.0,2.464056,14.869667,2.467608690261841,14.582517623901367,NSGA-III,52
P049_3_S15_C02,2881.0,2.456818,14.869667,2.4611868858337402,14.58049488067627,NSGA-III,52
P049_3_S15_C02,3004.0,2.445937,14.869667,2.455052614212036,14.579815864562988,NSGA-III,52
P049_3_S15_C02,3240.0,2.434579,14.869667,2.449093818664551,14.580048561096191,NSGA-III,52
P051_2_S11_C05,5504.0,1.854337,23.062,1.9667876958847046,23.43551254272461,NSGA-III,52
P051_2_S11_C05,5858.0,1.706588,23.062,1.8879002332687378,23.507448196411133,NSGA-III,52
P051_2_S11_C05,6237.0,1.598978,23.062,1.7841579914093018,23.539901733398438,NSGA-III,52
P063_3_S18_C05,5600.0,2.248487,15.905776,2.259502410888672,15.823562622070312,NSGA-III,52
P063_3_S18_C05,5918.0,2.201492,15.905776,2.240046739578247,15.813712120056152,NSGA-III,52
P063_3_S18_C05,6251.0,2.170797,15.905776,2.2189042568206787,15.806723594665527,NSGA-III,52
P063_3_S18_C05,6580.0,2.14893,15.905776,2.196092367172241,15.799583435058594,NSGA-III,52
P063_3_S18_C05,6907.0,2.123314,15.905776,2.171010732650757,15.793092727661133,NSGA-III,52
P063_3_S18_C05,7239.0,2.100496,15.905776,2.143221616744995,15.784408569335938,NSGA-III,52
P063_3_S18_C05,7576.0,2.076689,15.905776,2.112844228744507,15.776006698608398,NSGA-III,52
P063_3_S18_C05,7915.0,2.071696,15.905776,2.0789260864257812,15.767298698425293,NSGA-III,52
P063_3_S18_C05,8572.0,2.025095,15.905776,2.0418543815612793,15.755879402160645,NSGA-III,52
P068_3_S08_C03,11370.0,2.187058,19.151333,2.1302545070648193,18.564359664916992,NSGA-III,52
P068_3_S08_C03,11972.0,2.173376,19.151333,2.047858238220215,18.345699310302734,NSGA-III,52
P068_3_S08_C03,12578.0,2.16034,19.151333,1.9378833770751953,18.197301864624023,NSGA-III,52
P068_3_S08_C03,13173.0,2.142762,19.151333,1.798884391784668,18.102779388427734,NSGA-III,52
P068_3_S08_C03,13760.0,2.07971,19.151333,1.6362669467926025,18.058971405029297,NSGA-III,52
P068_3_S08_C03,14355.0,1.946286,19.151333,1.46622633934021,18.052288055419922,NSGA-III,52
P068_3_S08_C03,14946.0,1.726823,19.151333,1.3107218742370605,18.043426513671875,NSGA-III,52
P075_3_S19_C02,11570.0,2.370704,15.847142,2.368248701095581,15.832327842712402,NSGA-III,52
P075_3_S19_C02,12177.0,2.368679,15.847142,2.356675624847412,15.830585479736328,NSGA-III,52
P075_3_S19_C02,12805.0,2.352887,15.847142,2.3461148738861084,15.828082084655762,NSGA-III,52
P075_3_S19_C02,13422.0,2.34346,15.847142,2.3368260860443115,15.82483959197998,NSGA-III,52
P075_3_S19_C02,14029.0,2.321794,15.847142,2.328300952911377,15.821515083312988,NSGA-III,52
P075_3_S19_C02,14646.0,2.31095,15.847142,2.3206887245178223,15.817558288574219,NSGA-III,52
P075_3_S19_C02,15265.0,2.299708,15.847142,2.313779592514038,15.813139915466309,NSGA-III,52
P075_3_S19_C02,15885.0,2.292115,15.847142,2.3076090812683105,15.807364463806152,NSGA-III,52
P075_3_S19_C02,17085.0,2.266778,15.847142,2.3019180297851562,15.802291870117188,NSGA-III,52
P004_2_S04_C11,0.0,2.713909,16.717924,2.716543197631836,16.86701774597168,NSGA-III,62
P004_2_S04_C11,0.0,2.70661,16.717924,2.7146494388580322,16.884737014770508,NSGA-III,62
P004_2_S04_C11,0.0,2.701574,16.717924,2.7131285667419434,16.897701263427734,NSGA-III,62
P004_2_S04_C11,0.0,2.696484,16.717924,2.711958646774292,16.9082088470459,NSGA-III,62
P004_2_S04_C11,0.0,2.692177,16.717924,2.71105694770813,16.916841506958008,NSGA-III,62
P004_2_S04_C11,0.0,2.687612,16.717924,2.710365056991577,16.924007415771484,NSGA-III,62
P004_2_S04_C11,0.0,2.683562,16.717924,2.709836483001709,16.929994583129883,NSGA-III,62
P004_2_S04_C11,0.0,2.675552,16.717924,2.7094359397888184,16.935047149658203,NSGA-III,62
P004_2_S04_C11,0.0,2.673724,16.717924,2.7091286182403564,16.939453125,NSGA-III,62
P007_2_S09_C10,0.0,2.697726,17.456173,2.6936564445495605,17.504697799682617,NSGA-III,62
P007_2_S09_C10,0.0,2.691619,17.456173,2.690133571624756,17.521982192993164,NSGA-III,62
P007_2_S09_C10,0.0,2.685932,17.456173,2.6872620582580566,17.536561965942383,NSGA-III,62
P007_2_S09_C10,0.0,2.680738,17.456173,2.684966802597046,17.54941749572754,NSGA-III,62
P007_2_S09_C10,0.0,2.675793,17.456173,2.6831257343292236,17.56084632873535,NSGA-III,62
P007_2_S09_C10,0.0,2.670531,17.456173,2.6816487312316895,17.571081161499023,NSGA-III,62
P007_2_S09_C10,0.0,2.665572,17.456173,2.6804637908935547,17.58030891418457,NSGA-III,62
P007_2_S09_C10,0.0,2.65702,17.456173,2.679513692855835,17.58869171142578,NSGA-III,62
P007_2_S09_C10,0.0,2.655033,17.456173,2.6787521839141846,17.59636116027832,NSGA-III,62
P011_1_S10_C11,0.0,2.674842,17.597092,2.6643664836883545,17.703800201416016,NSGA-III,62
P011_1_S10_C11,0.0,2.668472,17.597092,2.6581170558929443,17.744352340698242,NSGA-III,62
P011_1_S10_C11,0.0,2.662688,17.597092,2.6526920795440674,17.781274795532227,NSGA-III,62
P011_1_S10_C11,0.0,2.657059,17.597092,2.6480610370635986,17.81505584716797,NSGA-III,62
P011_1_S10_C11,0.0,2.651241,17.597092,2.6439855098724365,17.847686767578125,NSGA-III,62
P011_1_S10_C11,0.0,2.645928,17.597092,2.640444040298462,17.878250122070312,NSGA-III,62
P011_1_S10_C11,0.0,2.640874,17.597092,2.6374223232269287,17.905513763427734,NSGA-III,62
P011_1_S10_C11,0.0,2.632689,17.597092,2.634763717651367,17.931554794311523,NSGA-III,62
P011_1_S10_C11,0.0,2.628682,17.597092,2.632516384124756,17.954517364501953,NSGA-III,62
P015_3_S17_C11,0.0,2.438477,16.595,2.525757312774658,16.358627319335938,NSGA-III,62
P015_3_S17_C11,0.0,2.410527,16.595,2.5250942707061768,16.3062686920166,NSGA-III,62
P015_3_S17_C11,0.0,2.372511,16.595,2.5244741439819336,16.26698875427246,NSGA-III,62
P037_2_S06_C09,2249.0,2.303873,16.04656,2.3201160430908203,16.018999099731445,NSGA-III,62
P037_2_S06_C09,2379.0,2.287498,16.04656,2.2964255809783936,16.002166748046875,NSGA-III,62
P037_2_S06_C09,2515.0,2.269198,16.04656,2.2690863609313965,15.99092960357666,NSGA-III,62
P037_2_S06_C09,2650.0,2.253785,16.04656,2.2367613315582275,15.981071472167969,NSGA-III,62
P037_2_S06_C09,2784.0,2.2342,16.04656,2.1973133087158203,15.97461986541748,NSGA-III,62
P037_2_S06_C09,2920.0,2.205066,16.04656,2.1460254192352295,15.977495193481445,NSGA-III,62
P037_2_S06_C09,3060.0,2.170108,16.04656,2.078852415084839,15.994139671325684,NSGA-III,62
P037_2_S06_C09,3202.0,2.116586,16.04656,1.9941344261169434,16.024564743041992,NSGA-III,62
P037_2_S06_C09,3488.0,1.997463,16.04656,1.8953843116760254,16.064678192138672,NSGA-III,62
P049_3_S15_C02,2152.0,2.500887,14.869667,2.488197088241577,14.710410118103027,NSGA-III,62
P049_3_S15_C02,2271.0,2.493731,14.869667,2.476557731628418,14.706241607666016,NSGA-III,62
P049_3_S15_C02,2395.0,2.485354,14.869667,2.4653470516204834,14.70455551147461,NSGA-III,62
P049_3_S15_C02,2517.0,2.480364,14.869667,2.4552042484283447,14.70372200012207,NSGA-III,62
P049_3_S15_C02,2637.0,2.471771,14.869667,2.4456846714019775,14.704981803894043,NSGA-III,62
P049_3_S15_C02,2758.0,2.464056,14.869667,2.4364895820617676,14.706978797912598,NSGA-III,62
P049_3_S15_C02,2881.0,2.456818,14.869667,2.42759370803833,14.709245681762695,NSGA-III,62
P049_3_S15_C02,3004.0,2.445937,14.869667,2.4189510345458984,14.712226867675781,NSGA-III,62
P049_3_S15_C02,3240.0,2.434579,14.869667,2.410545825958252,14.715841293334961,NSGA-III,62
P051_2_S11_C05,5504.0,1.854337,23.062,1.9571421146392822,23.294065475463867,NSGA-III,62
P051_2_S11_C05,5858.0,1.706588,23.062,1.8879061937332153,23.339523315429688,NSGA-III,62
P051_2_S11_C05,6237.0,1.598978,23.062,1.794477939605713,23.349498748779297,NSGA-III,62
P063_3_S18_C05,5600.0,2.248487,15.905776,2.2417526245117188,16.084291458129883,NSGA-III,62
P063_3_S18_C05,5918.0,2.201492,15.905776,2.212603807449341,16.107898712158203,NSGA-III,62
P063_3_S18_C05,6251.0,2.170797,15.905776,2.181377649307251,16.125085830688477,NSGA-III,62
P063_3_S18_C05,6580.0,2.14893,15.905776,2.1479973793029785,16.13719367980957,NSGA-III,62
P063_3_S18_C05,6907.0,2.123314,15.905776,2.1117770671844482,16.144563674926758,NSGA-III,62
P063_3_S18_C05,7239.0,2.100496,15.905776,2.071439027786255,16.14706802368164,NSGA-III,62
P063_3_S18_C05,7576.0,2.076689,15.905776,2.0252151489257812,16.153207778930664,NSGA-III,62
P063_3_S18_C05,7915.0,2.071696,15.905776,1.9714570045471191,16.159578323364258,NSGA-III,62
P063_3_S18_C05,8572.0,2.025095,15.905776,1.908638834953308,16.15471076965332,NSGA-III,62
P068_3_S08_C03,11370.0,2.187058,19.151333,2.125037431716919,19.098220825195312,NSGA-III,62
P068_3_S08_C03,11972.0,2.173376,19.151333,2.046708345413208,19.065784454345703,NSGA-III,62
P068_3_S08_C03,12578.0,2.16034,19.151333,1.9463059902191162,19.03651237487793,NSGA-III,62
P068_3_S08_C03,13173.0,2.142762,19.151333,1.8222297430038452,19.013774871826172,NSGA-III,62
P068_3_S08_C03,13760.0,2.07971,19.151333,1.6739686727523804,18.98578643798828,NSGA-III,62
P068_3_S08_C03,14355.0,1.946286,19.151333,1.5088292360305786,18.952667236328125,NSGA-III,62
P068_3_S08_C03,14946.0,1.726823,19.151333,1.348548173904419,18.932865142822266,NSGA-III,62
P075_3_S19_C02,11570.0,2.370704,15.847142,2.3939120769500732,15.862288475036621,NSGA-III,62
P075_3_S19_C02,12177.0,2.368679,15.847142,2.3886265754699707,15.856720924377441,NSGA-III,62
P075_3_S19_C02,12805.0,2.352887,15.847142,2.3828513622283936,15.85189437866211,NSGA-III,62
P075_3_S19_C02,13422.0,2.34346,15.847142,2.3766703605651855,15.847963333129883,NSGA-III,62
P075_3_S19_C02,14029.0,2.321794,15.847142,2.3702104091644287,15.844483375549316,NSGA-III,62
P075_3_S19_C02,14646.0,2.31095,15.847142,2.363574743270874,15.841160774230957,NSGA-III,62
P075_3_S19_C02,15265.0,2.299708,15.847142,2.356848955154419,15.837621688842773,NSGA-III,62
P075_3_S19_C02,15885.0,2.292115,15.847142,2.3500030040740967,15.834096908569336,NSGA-III,62
P075_3_S19_C02,17085.0,2.266778,15.847142,2.3431143760681152,15.830290794372559,NSGA-III,62
P004_2_S04_C11,0.0,2.713909,16.717924,2.7009880542755127,16.950035095214844,NSGA-III,72
P004_2_S04_C11,0.0,2.70661,16.717924,2.6984360218048096,16.976327896118164,NSGA-III,72
P004_2_S04_C11,0.0,2.701574,16.717924,2.6963772773742676,16.99932289123535,NSGA-III,72
P004_2_S04_C11,0.0,2.696484,16.717924,2.694697380065918,17.021240234375,NSGA-III,72
P004_2_S04_C11,0.0,2.692177,16.717924,2.6933932304382324,17.041217803955078,NSGA-III,72
P004_2_S04_C11,0.0,2.687612,16.717924,2.6923904418945312,17.059162139892578,NSGA-III,72
P004_2_S04_C11,0.0,2.683562,16.717924,2.6916260719299316,17.075645446777344,NSGA-III,72
P004_2_S04_C11,0.0,2.675552,16.717924,2.691102981567383,17.090417861938477,NSGA-III,72
P004_2_S04_C11,0.0,2.673724,16.717924,2.690751552581787,17.10429573059082,NSGA-III,72
P007_2_S09_C10,0.0,2.697726,17.456173,2.6958322525024414,17.429906845092773,NSGA-III,72
P007_2_S09_C10,0.0,2.691619,17.456173,2.6923487186431885,17.439071655273438,NSGA-III,72
P007_2_S09_C10,0.0,2.685932,17.456173,2.68947434425354,17.44586753845215,NSGA-III,72
P007_2_S09_C10,0.0,2.680738,17.456173,2.687105894088745,17.453336715698242,NSGA-III,72
P007_2_S09_C10,0.0,2.675793,17.456173,2.6851465702056885,17.461393356323242,NSGA-III,72
P007_2_S09_C10,0.0,2.670531,17.456173,2.683527708053589,17.469932556152344,NSGA-III,72
P007_2_S09_C10,0.0,2.665572,17.456173,2.682191848754883,17.478864669799805,NSGA-III,72
P007_2_S09_C10,0.0,2.65702,17.456173,2.6810925006866455,17.488100051879883,NSGA-III,72
P007_2_S09_C10,0.0,2.655033,17.456173,2.680190086364746,17.497570037841797,NSGA-III,72
P011_1_S10_C11,0.0,2.674842,17.597092,2.666987180709839,17.624584197998047,NSGA-III,72
P011_1_S10_C11,0.0,2.668472,17.597092,2.661794424057007,17.641103744506836,NSGA-III,72
P011_1_S10_C11,0.0,2.662688,17.597092,2.657266855239868,17.655210494995117,NSGA-III,72
P011_1_S10_C11,0.0,2.657059,17.597092,2.6533548831939697,17.669382095336914,NSGA-III,72
P011_1_S10_C11,0.0,2.651241,17.597092,2.6499783992767334,17.68366241455078,NSGA-III,72
P011_1_S10_C11,0.0,2.645928,17.597092,2.647066593170166,17.698028564453125,NSGA-III,72
P011_1_S10_C11,0.0,2.640874,17.597092,2.644557237625122,17.712438583374023,NSGA-III,72
P011_1_S10_C11,0.0,2.632689,17.597092,2.6423983573913574,17.726842880249023,NSGA-III,72
P011_1_S10_C11,0.0,2.628682,17.597092,2.640545129776001,17.741180419921875,NSGA-III,72
P015_3_S17_C11,0.0,2.438477,16.595,2.5312304496765137,16.562335968017578,NSGA-III,72
P015_3_S17_C11,0.0,2.410527,16.595,2.523702383041382,16.5771484375,NSGA-III,72
P015_3_S17_C11,0.0,2.372511,16.595,2.5169029235839844,16.58985137939453,NSGA-III,72
P037_2_S06_C09,2249.0,2.303873,16.04656,2.3272762298583984,16.03152084350586,NSGA-III,72
P037_2_S06_C09,2379.0,2.287498,16.04656,2.309175491333008,16.029911041259766,NSGA-III,72
P037_2_S06_C09,2515.0,2.269198,16.04656,2.288445472717285,16.0281982421875,NSGA-III,72
P037_2_S06_C09,2650.0,2.253785,16.04656,2.26487398147583,16.024822235107422,NSGA-III,72
P037_2_S06_C09,2784.0,2.2342,16.04656,2.235581636428833,16.024898529052734,NSGA-III,72
P037_2_S06_C09,2920.0,2.205066,16.04656,2.1959421634674072,16.035587310791016,NSGA-III,72
P037_2_S06_C09,3060.0,2.170108,16.04656,2.14665150642395,16.05546760559082,NSGA-III,72
P037_2_S06_C09,3202.0,2.116586,16.04656,2.0833635330200195,16.08740234375,NSGA-III,72
P037_2_S06_C09,3488.0,1.997463,16.04656,2.003480911254883,16.132410049438477,NSGA-III,72
P049_3_S15_C02,2152.0,2.500887,14.869667,2.4755680561065674,14.659228324890137,NSGA-III,72
P049_3_S15_C02,2271.0,2.493731,14.869667,2.4637391567230225,14.64474868774414,NSGA-III,72
P049_3_S15_C02,2395.0,2.485354,14.869667,2.453526020050049,14.636857986450195,NSGA-III,72
P049_3_S15_C02,2517.0,2.480364,14.869667,2.4447407722473145,14.632577896118164,NSGA-III,72
P049_3_S15_C02,2637.0,2.471771,14.869667,2.437176465988159,14.630066871643066,NSGA-III,72
P049_3_S15_C02,2758.0,2.464056,14.869667,2.430626630783081,14.629862785339355,NSGA-III,72
P049_3_S15_C02,2881.0,2.456818,14.869667,2.4247992038726807,14.63159465789795,NSGA-III,72
P049_3_S15_C02,3004.0,2.445937,14.869667,2.419764518737793,14.633252143859863,NSGA-III,72
P049_3_S15_C02,3240.0,2.434579,14.869667,2.4149856567382812,14.634716033935547,NSGA-III,72
P051_2_S11_C05,5504.0,1.854337,23.062,1.8838512897491455,24.5462703704834,NSGA-III,72
P051_2_S11_C05,5858.0,1.706588,23.062,1.7597073316574097,24.57857894897461,NSGA-III,72
P051_2_S11_C05,6237.0,1.598978,23.062,1.5989279747009277,24.4642333984375,NSGA-III,72
P063_3_S18_C05,5600.0,2.248487,15.905776,2.2337052822113037,15.774951934814453,NSGA-III,72
P063_3_S18_C05,5918.0,2.201492,15.905776,2.207937479019165,15.752076148986816,NSGA-III,72
P063_3_S18_C05,6251.0,2.170797,15.905776,2.1829750537872314,15.732359886169434,NSGA-III,72
P063_3_S18_C05,6580.0,2.14893,15.905776,2.156656503677368,15.714709281921387,NSGA-III,72
P063_3_S18_C05,6907.0,2.123314,15.905776,2.1276028156280518,15.6986083984375,NSGA-III,72
P063_3_S18_C05,7239.0,2.100496,15.905776,2.0966269969940186,15.684820175170898,NSGA-III,72
P063_3_S18_C05,7576.0,2.076689,15.905776,2.0637614727020264,15.665614128112793,NSGA-III,72
P063_3_S18_C05,7915.0,2.071696,15.905776,2.0266425609588623,15.64854621887207,NSGA-III,72
P063_3_S18_C05,8572.0,2.025095,15.905776,1.9848800897598267,15.631851196289062,NSGA-III,72
P068_3_S08_C03,11370.0,2.187058,19.151333,2.0554709434509277,19.203405380249023,NSGA-III,72
P068_3_S08_C03,11972.0,2.173376,19.151333,1.947554349899292,19.2736759185791,NSGA-III,72
P068_3_S08_C03,12578.0,2.16034,19.151333,1.835463047027588,19.385692596435547,NSGA-III,72
P068_3_S08_C03,13173.0,2.142762,19.151333,1.7101603746414185,19.474716186523438,NSGA-III,72
P068_3_S08_C03,13760.0,2.07971,19.151333,1.5808801651000977,19.518049240112305,NSGA-III,72
P068_3_S08_C03,14355.0,1.946286,19.151333,1.4649299383163452,19.49919319152832,NSGA-III,72
P068_3_S08_C03,14946.0,1.726823,19.151333,1.3750674724578857,19.42974090576172,NSGA-III,72
P075_3_S19_C02,11570.0,2.370704,15.847142,2.3665242195129395,15.833673477172852,NSGA-III,72
P075_3_S19_C02,12177.0,2.368679,15.847142,2.3565547466278076,15.834606170654297,NSGA-III,72
P075_3_S19_C02,12805.0,2.352887,15.847142,2.3482933044433594,15.833781242370605,NSGA-III,72
P075_3_S19_C02,13422.0,2.34346,15.847142,2.3418192863464355,15.833379745483398,NSGA-III,72
P075_3_S19_C02,14029.0,2.321794,15.847142,2.336268424987793,15.832332611083984,NSGA-III,72
P075_3_S19_C02,14646.0,2.31095,15.847142,2.3308093547821045,15.831183433532715,NSGA-III,72
P075_3_S19_C02,15265.0,2.299708,15.847142,2.3257575035095215,15.829322814941406,NSGA-III,72
P075_3_S19_C02,15885.0,2.292115,15.847142,2.321075916290283,15.82667350769043,NSGA-III,72
P075_3_S19_C02,17085.0,2.266778,15.847142,2.3167312145233154,15.823288917541504,NSGA-III,72
P004_2_S04_C11,0.0,2.713909,16.717924,2.7042887210845947,16.854904174804688,NSGA-III,82
P004_2_S04_C11,0.0,2.70661,16.717924,2.7014262676239014,16.877222061157227,NSGA-III,82
P004_2_S04_C11,0.0,2.701574,16.717924,2.699035167694092,16.894508361816406,NSGA-III,82
P004_2_S04_C11,0.0,2.696484,16.717924,2.6971206665039062,16.90948486328125,NSGA-III,82
P004_2_S04_C11,0.0,2.692177,16.717924,2.6955718994140625,16.922727584838867,NSGA-III,82
P004_2_S04_C11,0.0,2.687612,16.717924,2.6943278312683105,16.93485450744629,NSGA-III,82
P004_2_S04_C11,0.0,2.683562,16.717924,2.693270683288574,16.946060180664062,NSGA-III,82
P004_2_S04_C11,0.0,2.675552,16.717924,2.692387580871582,16.956388473510742,NSGA-III,82
P004_2_S04_C11,0.0,2.673724,16.717924,2.691650152206421,16.965923309326172,NSGA-III,82
P007_2_S09_C10,0.0,2.697726,17.456173,2.698424816131592,17.521320343017578,NSGA-III,82
P007_2_S09_C10,0.0,2.691619,17.456173,2.6966240406036377,17.537071228027344,NSGA-III,82
P007_2_S09_C10,0.0,2.685932,17.456173,2.6952054500579834,17.55016326904297,NSGA-III,82
P007_2_S09_C10,0.0,2.680738,17.456173,2.694011688232422,17.56276512145996,NSGA-III,82
P007_2_S09_C10,0.0,2.675793,17.456173,2.6930882930755615,17.574575424194336,NSGA-III,82
P007_2_S09_C10,0.0,2.670531,17.456173,2.6923749446868896,17.58572769165039,NSGA-III,82
P007_2_S09_C10,0.0,2.665572,17.456173,2.691818952560425,17.596492767333984,NSGA-III,82
P007_2_S09_C10,0.0,2.65702,17.456173,2.691392421722412,17.6068115234375,NSGA-III,82
P007_2_S09_C10,0.0,2.655033,17.456173,2.691068410873413,17.61672019958496,NSGA-III,82
P011_1_S10_C11,0.0,2.674842,17.597092,2.681514263153076,17.70850944519043,NSGA-III,82
P011_1_S10_C11,0.0,2.668472,17.597092,2.679292917251587,17.732751846313477,NSGA-III,82
P011_1_S10_C11,0.0,2.662688,17.597092,2.677340030670166,17.75442123413086,NSGA-III,82
P011_1_S10_C11,0.0,2.657059,17.597092,2.6755690574645996,17.77623176574707,NSGA-III,82
P011_1_S10_C11,0.0,2.651241,17.597092,2.6739919185638428,17.798152923583984,NSGA-III,82
P011_1_S10_C11,0.0,2.645928,17.597092,2.67240047454834,17.82053565979004,NSGA-III,82
P011_1_S10_C11,0.0,2.640874,17.597092,2.6708927154541016,17.843006134033203,NSGA-III,82
P011_1_S10_C11,0.0,2.632689,17.597092,2.6695220470428467,17.865379333496094,NSGA-III,82
P011_1_S10_C11,0.0,2.628682,17.597092,2.668275833129883,17.887651443481445,NSGA-III,82
P015_3_S17_C11,0.0,2.438477,16.595,2.5162949562072754,16.148828506469727,NSGA-III,82
P015_3_S17_C11,0.0,2.410527,16.595,2.5091700553894043,16.073774337768555,NSGA-III,82
P015_3_S17_C11,0.0,2.372511,16.595,2.503401517868042,16.014732360839844,NSGA-III,82
P037_2_S06_C09,2249.0,2.303873,16.04656,2.3233015537261963,15.9839506149292,NSGA-III,82
P037_2_S06_C09,2379.0,2.287498,16.04656,2.3066422939300537,15.97714614868164,NSGA-III,82
P037_2_S06_C09,2515.0,2.269198,16.04656,2.2876269817352295,15.978541374206543,NSGA-III,82
P037_2_S06_C09,2650.0,2.253785,16.04656,2.2653212547302246,15.987190246582031,NSGA-III,82
P037_2_S06_C09,2784.0,2.2342,16.04656,2.2377219200134277,16.008039474487305,NSGA-III,82
P037_2_S06_C09,2920.0,2.205066,16.04656,2.204019546508789,16.034198760986328,NSGA-III,82
P037_2_S06_C09,3060.0,2.170108,16.04656,2.1602282524108887,16.048368453979492,NSGA-III,82
P037_2_S06_C09,3202.0,2.116586,16.04656,2.1031248569488525,16.0719051361084,NSGA-III,82
P037_2_S06_C09,3488.0,1.997463,16.04656,2.028836965560913,16.106962203979492,NSGA-III,82
P049_3_S15_C02,2152.0,2.500887,14.869667,2.4828994274139404,14.731669425964355,NSGA-III,82
P049_3_S15_C02,2271.0,2.493731,14.869667,2.4690182209014893,14.732547760009766,NSGA-III,82
P049_3_S15_C02,2395.0,2.485354,14.869667,2.4559032917022705,14.738999366760254,NSGA-III,82
P049_3_S15_C02,2517.0,2.480364,14.869667,2.442790985107422,14.74765396118164,NSGA-III,82
P049_3_S15_C02,2637.0,2.471771,14.869667,2.42996883392334,14.757891654968262,NSGA-III,82
P049_3_S15_C02,2758.0,2.464056,14.869667,2.417417287826538,14.769676208496094,NSGA-III,82
P049_3_S15_C02,2881.0,2.456818,14.869667,2.404472827911377,14.783864974975586,NSGA-III,82
P049_3_S15_C02,3004.0,2.445937,14.869667,2.391692876815796,14.799516677856445,NSGA-III,82
P049_3_S15_C02,3240.0,2.434579,14.869667,2.379180431365967,14.816431999206543,NSGA-III,82
P051_2_S11_C05,5504.0,1.854337,23.062,1.9476083517074585,23.601131439208984,NSGA-III,82
P051_2_S11_C05,5858.0,1.706588,23.062,1.8976666927337646,23.66667938232422,NSGA-III,82
P051_2_S11_C05,6237.0,1.598978,23.062,1.842125415802002,23.64098358154297,NSGA-III,82
P063_3_S18_C05,5600.0,2.248487,15.905776,2.233424663543701,16.171260833740234,NSGA-III,82
P063_3_S18_C05,5918.0,2.201492,15.905776,2.204515218734741,16.221078872680664,NSGA-III,82
P063_3_S18_C05,6251.0,2.170797,15.905776,2.174777030944824,16.26141929626465,NSGA-III,82
P063_3_S18_C05,6580.0,2.14893,15.905776,2.141866445541382,16.283411026000977,NSGA-III,82
P063_3_S18_C05,6907.0,2.123314,15.905776,2.1075868606567383,16.29752540588379,NSGA-III,82
P063_3_S18_C05,7239.0,2.100496,15.905776,2.0702321529388428,16.303071975708008,NSGA-III,82
P063_3_S18_C05,7576.0,2.076689,15.905776,2.027193546295166,16.310359954833984,NSGA-III,82
P063_3_S18_C05,7915.0,2.071696,15.905776,1.9773353338241577,16.31950569152832,NSGA-III,82
P063_3_S18_C05,8572.0,2.025095,15.905776,1.9207472801208496,16.327455520629883,NSGA-III,82
P068_3_S08_C03,11370.0,2.187058,19.151333,2.083465814590454,18.932525634765625,NSGA-III,82
P068_3_S08_C03,11972.0,2.173376,19.151333,1.9936177730560303,18.839527130126953,NSGA-III,82
P068_3_S08_C03,12578.0,2.16034,19.151333,1.8862041234970093,18.717823028564453,NSGA-III,82
P068_3_S08_C03,13173.0,2.142762,19.151333,1.7653599977493286,18.582700729370117,NSGA-III,82
P068_3_S08_C03,13760.0,2.07971,19.151333,1.6353113651275635,18.402828216552734,NSGA-III,82
P068_3_S08_C03,14355.0,1.946286,19.151333,1.5117850303649902,18.2195987701416,NSGA-III,82
P068_3_S08_C03,14946.0,1.726823,19.151333,1.4041938781738281,18.041568756103516,NSGA-III,82
P075_3_S19_C02,11570.0,2.370704,15.847142,2.3888626098632812,15.829242706298828,NSGA-III,82
P075_3_S19_C02,12177.0,2.368679,15.847142,2.381202459335327,15.826412200927734,NSGA-III,82
P075_3_S19_C02,12805.0,2.352887,15.847142,2.3728692531585693,15.826173782348633,NSGA-III,82
P075_3_S19_C02,13422.0,2.34346,15.847142,2.3637278079986572,15.828691482543945,NSGA-III,82
P075_3_S19_C02,14029.0,2.321794,15.847142,2.3538832664489746,15.833459854125977,NSGA-III,82
P075_3_S19_C02,14646.0,2.31095,15.847142,2.343881130218506,15.838767051696777,NSGA-III,82
P075_3_S19_C02,15265.0,2.299708,15.847142,2.3336682319641113,15.843535423278809,NSGA-III,82
P075_3_S19_C02,15885.0,2.292115,15.847142,2.3233470916748047,15.847675323486328,NSGA-III,82
P075_3_S19_C02,17085.0,2.266778,15.847142,2.3130147457122803,15.851531028747559,NSGA-III,82
P004_2_S04_C11,0.0,2.713909,16.717924,2.70927095413208,16.985506057739258,NSGA-III,92
P004_2_S04_C11,0.0,2.70661,16.717924,2.706866502761841,17.02329444885254,NSGA-III,92
P004_2_S04_C11,0.0,2.701574,16.717924,2.704555034637451,17.05729103088379,NSGA-III,92
P004_2_S04_C11,0.0,2.696484,16.717924,2.7027785778045654,17.087770462036133,NSGA-III,92
P004_2_S04_C11,0.0,2.692177,16.717924,2.701713800430298,17.111988067626953,NSGA-III,92
P004_2_S04_C11,0.0,2.687612,16.717924,2.7010233402252197,17.132583618164062,NSGA-III,92
P004_2_S04_C11,0.0,2.683562,16.717924,2.7005510330200195,17.150955200195312,NSGA-III,92
P004_2_S04_C11,0.0,2.675552,16.717924,2.7003135681152344,17.167564392089844,NSGA-III,92
P004_2_S04_C11,0.0,2.673724,16.717924,2.7002615928649902,17.182697296142578,NSGA-III,92
P007_2_S09_C10,0.0,2.697726,17.456173,2.693063497543335,17.50777244567871,NSGA-III,92
P007_2_S09_C10,0.0,2.691619,17.456173,2.688856601715088,17.522293090820312,NSGA-III,92
P007_2_S09_C10,0.0,2.685932,17.456173,2.6852071285247803,17.536956787109375,NSGA-III,92
P007_2_S09_C10,0.0,2.680738,17.456173,2.682163715362549,17.550521850585938,NSGA-III,92
P007_2_S09_C10,0.0,2.675793,17.456173,2.679633378982544,17.563154220581055,NSGA-III,92
P007_2_S09_C10,0.0,2.670531,17.456173,2.677549123764038,17.57499885559082,NSGA-III,92
P007_2_S09_C10,0.0,2.665572,17.456173,2.6758830547332764,17.58622169494629,NSGA-III,92
P007_2_S09_C10,0.0,2.65702,17.456173,2.6745259761810303,17.596826553344727,NSGA-III,92
P007_2_S09_C10,0.0,2.655033,17.456173,2.673426628112793,17.606901168823242,NSGA-III,92
P011_1_S10_C11,0.0,2.674842,17.597092,2.6733248233795166,17.681215286254883,NSGA-III,92
P011_1_S10_C11,0.0,2.668472,17.597092,2.6686878204345703,17.70444679260254,NSGA-III,92
P011_1_S10_C11,0.0,2.662688,17.597092,2.6644527912139893,17.726411819458008,NSGA-III,92
P011_1_S10_C11,0.0,2.657059,17.597092,2.6605679988861084,17.747974395751953,NSGA-III,92
P011_1_S10_C11,0.0,2.651241,17.597092,2.6571342945098877,17.76848602294922,NSGA-III,92
P011_1_S10_C11,0.0,2.645928,17.597092,2.6540889739990234,17.788105010986328,NSGA-III,92
P011_1_S10_C11,0.0,2.640874,17.597092,2.651458740234375,17.80683135986328,NSGA-III,92
P011_1_S10_C11,0.0,2.632689,17.597092,2.6491968631744385,17.82451820373535,NSGA-III,92
P011_1_S10_C11,0.0,2.628682,17.597092,2.6472840309143066,17.841053009033203,NSGA-III,92
P015_3_S17_C11,0.0,2.438477,16.595,2.481187105178833,16.3489933013916,NSGA-III,92
P015_3_S17_C11,0.0,2.410527,16.595,2.4659039974212646,16.290903091430664,NSGA-III,92
P015_3_S17_C11,0.0,2.372511,16.595,2.450960636138916,16.239517211914062,NSGA-III,92
P037_2_S06_C09,2249.0,2.303873,16.04656,2.335207462310791,16.092283248901367,NSGA-III,92
P037_2_S06_C09,2379.0,2.287498,16.04656,2.3183906078338623,16.082244873046875,NSGA-III,92
P037_2_S06_C09,2515.0,2.269198,16.04656,2.2988178730010986,16.069923400878906,NSGA-III,92
P037_2_S06_C09,2650.0,2.253785,16.04656,2.276247501373291,16.05545425415039,NSGA-III,92
P037_2_S06_C09,2784.0,2.2342,16.04656,2.2497031688690186,16.03614044189453,NSGA-III,92
P037_2_S06_C09,2920.0,2.205066,16.04656,2.2166943550109863,16.017805099487305,NSGA-III,92
P037_2_S06_C09,3060.0,2.170108,16.04656,2.173753499984741,16.011016845703125,NSGA-III,92
P037_2_S06_C09,3202.0,2.116586,16.04656,2.116219997406006,16.026187896728516,NSGA-III,92
P037_2_S06_C09,3488.0,1.997463,16.04656,2.0425379276275635,16.053659439086914,NSGA-III,92
P049_3_S15_C02,2152.0,2.500887,14.869667,2.513035297393799,14.74792194366455,NSGA-III,92
P049_3_S15_C02,2271.0,2.493731,14.869667,2.5091545581817627,14.733941078186035,NSGA-III,92
P049_3_S15_C02,2395.0,2.485354,14.869667,2.5055108070373535,14.721349716186523,NSGA-III,92
P049_3_S15_C02,2517.0,2.480364,14.869667,2.5022692680358887,14.711403846740723,NSGA-III,92
P049_3_S15_C02,2637.0,2.471771,14.869667,2.499164581298828,14.703046798706055,NSGA-III,92
P049_3_S15_C02,2758.0,2.464056,14.869667,2.4961156845092773,14.69597339630127,NSGA-III,92
P049_3_S15_C02,2881.0,2.456818,14.869667,2.4930949211120605,14.689882278442383,NSGA-III,92
P049_3_S15_C02,3004.0,2.445937,14.869667,2.490063190460205,14.684563636779785,NSGA-III,92
P049_3_S15_C02,3240.0,2.434579,14.869667,2.4868743419647217,14.679815292358398,NSGA-III,92
P051_2_S11_C05,5504.0,1.854337,23.062,1.8923205137252808,22.97486686706543,NSGA-III,92
P051_2_S11_C05,5858.0,1.706588,23.062,1.7767411470413208,22.91744041442871,NSGA-III,92
P051_2_S11_C05,6237.0,1.598978,23.062,1.6516902446746826,22.836360931396484,NSGA-III,92
P063_3_S18_C05,5600.0,2.248487,15.905776,2.244971513748169,15.956686973571777,NSGA-III,92
P063_3_S18_C05,5918.0,2.201492,15.905776,2.2265868186950684,15.95973014831543,NSGA-III,92
P063_3_S18_C05,6251.0,2.170797,15.905776,2.208888530731201,15.954258918762207,NSGA-III,92
P063_3_S18_C05,6580.0,2.14893,15.905776,2.1912662982940674,15.93696117401123,NSGA-III,92
P063_3_S18_C05,6907.0,2.123314,15.905776,2.174118757247925,15.913911819458008,NSGA-III,92
P063_3_S18_C05,7239.0,2.100496,15.905776,2.1567914485931396,15.890381813049316,NSGA-III,92
P063_3_S18_C05,7576.0,2.076689,15.905776,2.1390187740325928,15.866369247436523,NSGA-III,92
P063_3_S18_C05,7915.0,2.071696,15.905776,2.1208293437957764,15.841691017150879,NSGA-III,92
P063_3_S18_C05,8572.0,2.025095,15.905776,2.1011202335357666,15.821615219116211,NSGA-III,92
P068_3_S08_C03,11370.0,2.187058,19.151333,2.106276035308838,18.74950408935547,NSGA-III,92
P068_3_S08_C03,11972.0,2.173376,19.151333,2.0238571166992188,18.57857894897461,NSGA-III,92
P068_3_S08_C03,12578.0,2.16034,19.151333,1.9241180419921875,18.44367790222168,NSGA-III,92
P068_3_S08_C03,13173.0,2.142762,19.151333,1.8002822399139404,18.312984466552734,NSGA-III,92
P068_3_S08_C03,13760.0,2.07971,19.151333,1.6550949811935425,18.179353713989258,NSGA-III,92
P068_3_S08_C03,14355.0,1.946286,19.151333,1.5073392391204834,18.051563262939453,NSGA-III,92
P068_3_S08_C03,14946.0,1.726823,19.151333,1.3814642429351807,17.926265716552734,NSGA-III,92
P075_3_S19_C02,11570.0,2.370704,15.847142,2.3667333126068115,15.815591812133789,NSGA-III,92
P075_3_S19_C02,12177.0,2.368679,15.847142,2.3575496673583984,15.817340850830078,NSGA-III,92
P075_3_S19_C02,12805.0,2.352887,15.847142,2.3495981693267822,15.818267822265625,NSGA-III,92
P075_3_S19_C02,13422.0,2.34346,15.847142,2.3424341678619385,15.818989753723145,NSGA-III,92
P075_3_S19_C02,14029.0,2.321794,15.847142,2.335824728012085,15.81974983215332,NSGA-III,92
P075_3_S19_C02,14646.0,2.31095,15.847142,2.329652786254883,15.82054615020752,NSGA-III,92
P075_3_S19_C02,15265.0,2.299708,15.847142,2.3237969875335693,15.821401596069336,NSGA-III,92
P075_3_S19_C02,15885.0,2.292115,15.847142,2.318164825439453,15.821840286254883,NSGA-III,92
P075_3_S19_C02,17085.0,2.266778,15.847142,2.3128745555877686,15.821869850158691,NSGA-III,92
P004_2_S04_C11,0.0,2.713909,16.717924,2.7005887031555176,16.987579345703125,NSGA-III,102
P004_2_S04_C11,0.0,2.70661,16.717924,2.69751238822937,17.025915145874023,NSGA-III,102
P004_2_S04_C11,0.0,2.701574,16.717924,2.695046901702881,17.062030792236328,NSGA-III,102
P004_2_S04_C11,0.0,2.696484,16.717924,2.6933538913726807,17.092248916625977,NSGA-III,102
P004_2_S04_C11,0.0,2.692177,16.717924,2.692319393157959,17.1192626953125,NSGA-III,102
P004_2_S04_C11,0.0,2.687612,16.717924,2.6916956901550293,17.14144515991211,NSGA-III,102
P004_2_S04_C11,0.0,2.683562,16.717924,2.691282033920288,17.159902572631836,NSGA-III,102
P004_2_S04_C11,0.0,2.675552,16.717924,2.6910436153411865,17.17574691772461,NSGA-III,102
P004_2_S04_C11,0.0,2.673724,16.717924,2.6909852027893066,17.189191818237305,NSGA-III,102
P007_2_S09_C10,0.0,2.697726,17.456173,2.6874845027923584,17.47445297241211,NSGA-III,102
P007_2_S09_C10,0.0,2.691619,17.456173,2.683044195175171,17.48091697692871,NSGA-III,102
P007_2_S09_C10,0.0,2.685932,17.456173,2.679457902908325,17.48533058166504,NSGA-III,102
P007_2_S09_C10,0.0,2.680738,17.456173,2.6765997409820557,17.48821449279785,NSGA-III,102
P007_2_S09_C10,0.0,2.675793,17.456173,2.674346685409546,17.48985481262207,NSGA-III,102
P007_2_S09_C10,0.0,2.670531,17.456173,2.6725964546203613,17.490467071533203,NSGA-III,102
P007_2_S09_C10,0.0,2.665572,17.456173,2.671210765838623,17.490434646606445,NSGA-III,102
P007_2_S09_C10,0.0,2.65702,17.456173,2.6701128482818604,17.489927291870117,NSGA-III,102
P007_2_S09_C10,0.0,2.655033,17.456173,2.669240951538086,17.489072799682617,NSGA-III,102
P011_1_S10_C11,0.0,2.674842,17.597092,2.665161609649658,17.64543914794922,NSGA-III,102
P011_1_S10_C11,0.0,2.668472,17.597092,2.6604504585266113,17.658544540405273,NSGA-III,102
P011_1_S10_C11,0.0,2.662688,17.597092,2.656620979309082,17.668869018554688,NSGA-III,102
P011_1_S10_C11,0.0,2.657059,17.597092,2.6535658836364746,17.67721939086914,NSGA-III,102
P011_1_S10_C11,0.0,2.651241,17.597092,2.6509969234466553,17.68423080444336,NSGA-III,102
P011_1_S10_C11,0.0,2.645928,17.597092,2.648874282836914,17.690370559692383,NSGA-III,102
P011_1_S10_C11,0.0,2.640874,17.597092,2.6471219062805176,17.69594383239746,NSGA-III,102
P011_1_S10_C11,0.0,2.632689,17.597092,2.6455726623535156,17.70067024230957,NSGA-III,102
P011_1_S10_C11,0.0,2.628682,17.597092,2.6442906856536865,17.704872131347656,NSGA-III,102
P015_3_S17_C11,0.0,2.438477,16.595,2.504378080368042,16.35181999206543,NSGA-III,102
P015_3_S17_C11,0.0,2.410527,16.595,2.494846820831299,16.28486442565918,NSGA-III,102
P015_3_S17_C11,0.0,2.372511,16.595,2.485637664794922,16.225656509399414,NSGA-III,102
P037_2_S06_C09,2249.0,2.303873,16.04656,2.3297061920166016,16.01380729675293,NSGA-III,102
P037_2_S06_C09,2379.0,2.287498,16.04656,2.31609845161438,16.002172470092773,NSGA-III,102
P037_2_S06_C09,2515.0,2.269198,16.04656,2.3011274337768555,15.992941856384277,NSGA-III,102
P037_2_S06_C09,2650.0,2.253785,16.04656,2.2842471599578857,15.983319282531738,NSGA-III,102
P037_2_S06_C09,2784.0,2.2342,16.04656,2.2642385959625244,15.974956512451172,NSGA-III,102
P037_2_S06_C09,2920.0,2.205066,16.04656,2.241502046585083,15.9667387008667,NSGA-III,102
P037_2_S06_C09,3060.0,2.170108,16.04656,2.2137813568115234,15.956911087036133,NSGA-III,102
P037_2_S06_C09,3202.0,2.116586,16.04656,2.178434371948242,15.953598022460938,NSGA-III,102
P037_2_S06_C09,3488.0,1.997463,16.04656,2.127451181411743,15.967775344848633,NSGA-III,102
P049_3_S15_C02,2152.0,2.500887,14.869667,2.5050222873687744,14.774686813354492,NSGA-III,102
P049_3_S15_C02,2271.0,2.493731,14.869667,2.4979851245880127,14.770539283752441,NSGA-III,102
P049_3_S15_C02,2395.0,2.485354,14.869667,2.4912545680999756,14.76801586151123,NSGA-III,102
P049_3_S15_C02,2517.0,2.480364,14.869667,2.4847240447998047,14.766815185546875,NSGA-III,102
P049_3_S15_C02,2637.0,2.471771,14.869667,2.478370189666748,14.76659107208252,NSGA-III,102
P049_3_S15_C02,2758.0,2.464056,14.869667,2.472071647644043,14.766263961791992,NSGA-III,102
P049_3_S15_C02,2881.0,2.456818,14.869667,2.465804100036621,14.766599655151367,NSGA-III,102
P049_3_S15_C02,3004.0,2.445937,14.869667,2.45941424369812,14.767645835876465,NSGA-III,102
P049_3_S15_C02,3240.0,2.434579,14.869667,2.452927350997925,14.768980026245117,NSGA-III,102
P051_2_S11_C05,5504.0,1.854337,23.062,1.8695217370986938,23.551488876342773,NSGA-III,102
P051_2_S11_C05,5858.0,1.706588,23.062,1.7600022554397583,23.67460823059082,NSGA-III,102
P051_2_S11_C05,6237.0,1.598978,23.062,1.6367281675338745,23.752826690673828,NSGA-III,102
P063_3_S18_C05,5600.0,2.248487,15.905776,2.2232584953308105,15.911904335021973,NSGA-III,102
P063_3_S18_C05,5918.0,2.201492,15.905776,2.1991734504699707,15.888113975524902,NSGA-III,102
P063_3_S18_C05,6251.0,2.170797,15.905776,2.177682399749756,15.86060619354248,NSGA-III,102
P063_3_S18_C05,6580.0,2.14893,15.905776,2.1568715572357178,15.83902359008789,NSGA-III,102
P063_3_S18_C05,6907.0,2.123314,15.905776,2.137261152267456,15.820000648498535,NSGA-III,102
P063_3_S18_C05,7239.0,2.100496,15.905776,2.1183342933654785,15.80377197265625,NSGA-III,102
P063_3_S18_C05,7576.0,2.076689,15.905776,2.0999717712402344,15.788491249084473,NSGA-III,102
P063_3_S18_C05,7915.0,2.071696,15.905776,2.081465005874634,15.775522232055664,NSGA-III,102
P063_3_S18_C05,8572.0,2.025095,15.905776,2.0629985332489014,15.76317310333252,NSGA-III,102
P068_3_S08_C03,11370.0,2.187058,19.151333,2.200342893600464,18.861343383789062,NSGA-III,102
P068_3_S08_C03,11972.0,2.173376,19.151333,2.1781222820281982,18.74445915222168,NSGA-III,102
P068_3_S08_C03,12578.0,2.16034,19.151333,2.1431429386138916,18.6015567779541,NSGA-III,102
P068_3_S08_C03,13173.0,2.142762,19.151333,2.0920302867889404,18.44927406311035,NSGA-III,102
P068_3_S08_C03,13760.0,2.07971,19.151333,2.010042667388916,18.299060821533203,NSGA-III,102
P068_3_S08_C03,14355.0,1.946286,19.151333,1.8665467500686646,18.18283462524414,NSGA-III,102
P068_3_S08_C03,14946.0,1.726823,19.151333,1.6306565999984741,18.135868072509766,NSGA-III,102
P075_3_S19_C02,11570.0,2.370704,15.847142,2.3720109462738037,15.841324806213379,NSGA-III,102
P075_3_S19_C02,12177.0,2.368679,15.847142,2.362696647644043,15.843915939331055,NSGA-III,102
P075_3_S19_C02,12805.0,2.352887,15.847142,2.353538751602173,15.848115921020508,NSGA-III,102
P075_3_S19_C02,13422.0,2.34346,15.847142,2.3444135189056396,15.851652145385742,NSGA-III,102
P075_3_S19_C02,14029.0,2.321794,15.847142,2.3355722427368164,15.855281829833984,NSGA-III,102
P075_3_S19_C02,14646.0,2.31095,15.847142,2.3269312381744385,15.859228134155273,NSGA-III,102
P075_3_S19_C02,15265.0,2.299708,15.847142,2.3185536861419678,15.863041877746582,NSGA-III,102
P075_3_S19_C02,15885.0,2.292115,15.847142,2.3109018802642822,15.866659164428711,NSGA-III,102
P075_3_S19_C02,17085.0,2.266778,15.847142,2.30367112159729,15.869424819946289,NSGA-III,102
P004_2_S04_C11,0.0,2.713909,16.717924,2.693812608718872,16.771150588989258,NSGA-III,112
P004_2_S04_C11,0.0,2.70661,16.717924,2.688638925552368,16.77843475341797,NSGA-III,112
P004_2_S04_C11,0.0,2.701574,16.717924,2.684450626373291,16.782264709472656,NSGA-III,112
P004_2_S04_C11,0.0,2.696484,16.717924,2.6811370849609375,16.784208297729492,NSGA-III,112
P004_2_S04_C11,0.0,2.692177,16.717924,2.67848539352417,16.784757614135742,NSGA-III,112
P004_2_S04_C11,0.0,2.687612,16.717924,2.676368474960327,16.784351348876953,NSGA-III,112
P004_2_S04_C11,0.0,2.683562,16.717924,2.674687385559082,16.78341293334961,NSGA-III,112
P004_2_S04_C11,0.0,2.675552,16.717924,2.6733486652374268,16.782161712646484,NSGA-III,112
P004_2_S04_C11,0.0,2.673724,16.717924,2.6722798347473145,16.78074073791504,NSGA-III,112
P007_2_S09_C10,0.0,2.697726,17.456173,2.688821792602539,17.519075393676758,NSGA-III,112
P007_2_S09_C10,0.0,2.691619,17.456173,2.6842801570892334,17.54681968688965,NSGA-III,112
P007_2_S09_C10,0.0,2.685932,17.456173,2.680711507797241,17.57171058654785,NSGA-III,112
P007_2_S09_C10,0.0,2.680738,17.456173,2.6779825687408447,17.593896865844727,NSGA-III,112
P007_2_S09_C10,0.0,2.675793,17.456173,2.675884246826172,17.614093780517578,NSGA-III,112
P007_2_S09_C10,0.0,2.670531,17.456173,2.6742749214172363,17.632675170898438,NSGA-III,112
P007_2_S09_C10,0.0,2.665572,17.456173,2.673062562942505,17.649837493896484,NSGA-III,112
P007_2_S09_C10,0.0,2.65702,17.456173,2.6721482276916504,17.665842056274414,NSGA-III,112
P007_2_S09_C10,0.0,2.655033,17.456173,2.6714165210723877,17.6812801361084,NSGA-III,112
P011_1_S10_C11,0.0,2.674842,17.597092,2.665769338607788,17.71723747253418,NSGA-III,112
P011_1_S10_C11,0.0,2.668472,17.597092,2.6603150367736816,17.75883674621582,NSGA-III,112
P011_1_S10_C11,0.0,2.662688,17.597092,2.6555590629577637,17.797964096069336,NSGA-III,112
P011_1_S10_C11,0.0,2.657059,17.597092,2.6516852378845215,17.835390090942383,NSGA-III,112
P011_1_S10_C11,0.0,2.651241,17.597092,2.648380756378174,17.87257194519043,NSGA-III,112
P011_1_S10_C11,0.0,2.645928,17.597092,2.6457910537719727,17.90784454345703,NSGA-III,112
P011_1_S10_C11,0.0,2.640874,17.597092,2.643712282180786,17.94222640991211,NSGA-III,112
P011_1_S10_C11,0.0,2.632689,17.597092,2.6420748233795166,17.975414276123047,NSGA-III,112
P011_1_S10_C11,0.0,2.628682,17.597092,2.64079213142395,18.007484436035156,NSGA-III,112
P015_3_S17_C11,0.0,2.438477,16.595,2.523867130279541,16.285741806030273,NSGA-III,112
P015_3_S17_C11,0.0,2.410527,16.595,2.5229573249816895,16.21087646484375,NSGA-III,112
P015_3_S17_C11,0.0,2.372511,16.595,2.522268772125244,16.14467430114746,NSGA-III,112
P037_2_S06_C09,2249.0,2.303873,16.04656,2.3287179470062256,16.064382553100586,NSGA-III,112
P037_2_S06_C09,2379.0,2.287498,16.04656,2.309234380722046,16.06260108947754,NSGA-III,112
P037_2_S06_C09,2515.0,2.269198,16.04656,2.2868919372558594,16.058544158935547,NSGA-III,112
P037_2_S06_C09,2650.0,2.253785,16.04656,2.261187791824341,16.051774978637695,NSGA-III,112
P037_2_S06_C09,2784.0,2.2342,16.04656,2.2285449504852295,16.045164108276367,NSGA-III,112
P037_2_S06_C09,2920.0,2.205066,16.04656,2.18668532371521,16.051902770996094,NSGA-III,112
P037_2_S06_C09,3060.0,2.170108,16.04656,2.135531187057495,16.070938110351562,NSGA-III,112
P037_2_S06_C09,3202.0,2.116586,16.04656,2.0749685764312744,16.096233367919922,NSGA-III,112
P037_2_S06_C09,3488.0,1.997463,16.04656,2.0055453777313232,16.131439208984375,NSGA-III,112
P049_3_S15_C02,2152.0,2.500887,14.869667,2.5041568279266357,14.7617826461792,NSGA-III,112
P049_3_S15_C02,2271.0,2.493731,14.869667,2.4967117309570312,14.7552490234375,NSGA-III,112
P049_3_S15_C02,2395.0,2.485354,14.869667,2.4893083572387695,14.750577926635742,NSGA-III,112
P049_3_S15_C02,2517.0,2.480364,14.869667,2.481832504272461,14.747262954711914,NSGA-III,112
P049_3_S15_C02,2637.0,2.471771,14.869667,2.474085807800293,14.745107650756836,NSGA-III,112
P049_3_S15_C02,2758.0,2.464056,14.869667,2.4661595821380615,14.744453430175781,NSGA-III,112
P049_3_S15_C02,2881.0,2.456818,14.869667,2.458176612854004,14.744407653808594,NSGA-III,112
P049_3_S15_C02,3004.0,2.445937,14.869667,2.450039863586426,14.74508285522461,NSGA-III,112
P049_3_S15_C02,3240.0,2.434579,14.869667,2.4421164989471436,14.74741268157959,NSGA-III,112
P051_2_S11_C05,5504.0,1.854337,23.062,1.9395521879196167,22.76003646850586,NSGA-III,112
P051_2_S11_C05,5858.0,1.706588,23.062,1.852258324623108,22.634788513183594,NSGA-III,112
P051_2_S11_C05,6237.0,1.598978,23.062,1.74880051612854,22.495990753173828,NSGA-III,112
P063_3_S18_C05,5600.0,2.248487,15.905776,2.2283453941345215,16.187660217285156,NSGA-III,112
P063_3_S18_C05,5918.0,2.201492,15.905776,2.1910130977630615,16.254539489746094,NSGA-III,112
P063_3_S18_C05,6251.0,2.170797,15.905776,2.1490445137023926,16.30381202697754,NSGA-III,112
P063_3_S18_C05,6580.0,2.14893,15.905776,2.1019911766052246,16.342727661132812,NSGA-III,112
P063_3_S18_C05,6907.0,2.123314,15.905776,2.0521233081817627,16.371965408325195,NSGA-III,112
P063_3_S18_C05,7239.0,2.100496,15.905776,1.9995970726013184,16.40117645263672,NSGA-III,112
P063_3_S18_C05,7576.0,2.076689,15.905776,1.945413589477539,16.430849075317383,NSGA-III,112
P063_3_S18_C05,7915.0,2.071696,15.905776,1.8902361392974854,16.452556610107422,NSGA-III,112
P063_3_S18_C05,8572.0,2.025095,15.905776,1.8348259925842285,16.472023010253906,NSGA-III,112
P068_3_S08_C03,11370.0,2.187058,19.151333,2.0851595401763916,18.84762191772461,NSGA-III,112
P068_3_S08_C03,11972.0,2.173376,19.151333,2.001209020614624,18.74856185913086,NSGA-III,112
P068_3_S08_C03,12578.0,2.16034,19.151333,1.89970064163208,18.62816619873047,NSGA-III,112
P068_3_S08_C03,13173.0,2.142762,19.151333,1.7873272895812988,18.517230987548828,NSGA-III,112
P068_3_S08_C03,13760.0,2.07971,19.151333,1.673496961593628,18.406177520751953,NSGA-III,112
P068_3_S08_C03,14355.0,1.946286,19.151333,1.57042396068573,18.309194564819336,NSGA-III,112
P068_3_S08_C03,14946.0,1.726823,19.151333,1.4827237129211426,18.211406707763672,NSGA-III,112
P075_3_S19_C02,11570.0,2.370704,15.847142,2.3942501544952393,15.895424842834473,NSGA-III,112
P075_3_S19_C02,12177.0,2.368679,15.847142,2.389251232147217,15.894381523132324,NSGA-III,112
P075_3_S19_C02,12805.0,2.352887,15.847142,2.384031295776367,15.894392967224121,NSGA-III,112
P075_3_S19_C02,13422.0,2.34346,15.847142,2.378614902496338,15.895008087158203,NSGA-III,112
P075_3_S19_C02,14029.0,2.321794,15.847142,2.3731157779693604,15.89541244506836,NSGA-III,112
P075_3_S19_C02,14646.0,2.31095,15.847142,2.367797374725342,15.895173072814941,NSGA-III,112
P075_3_S19_C02,15265.0,2.299708,15.847142,2.36322021484375,15.89280891418457,NSGA-III,112
P075_3_S19_C02,15885.0,2.292115,15.847142,2.3587615489959717,15.889989852905273,NSGA-III,112
P075_3_S19_C02,17085.0,2.266778,15.847142,2.354398012161255,15.886820793151855,NSGA-III,112
P004_2_S04_C11,0.0,2.713909,16.717924,2.6991305351257324,16.85945701599121,NSGA-III,122
P004_2_S04_C11,0.0,2.70661,16.717924,2.6957311630249023,16.87403678894043,NSGA-III,122
P004_2_S04_C11,0.0,2.701574,16.717924,2.692798137664795,16.887874603271484,NSGA-III,122
P004_2_S04_C11,0.0,2.696484,16.717924,2.6903958320617676,16.900489807128906,NSGA-III,122
P004_2_S04_C11,0.0,2.692177,16.717924,2.6884427070617676,16.912038803100586,NSGA-III,122
P004_2_S04_C11,0.0,2.687612,16.717924,2.686814785003662,16.9224910736084,NSGA-III,122
P004_2_S04_C11,0.0,2.683562,16.717924,2.6854658126831055,16.931961059570312,NSGA-III,122
P004_2_S04_C11,0.0,2.675552,16.717924,2.684368371963501,16.940593719482422,NSGA-III,122
P004_2_S04_C11,0.0,2.673724,16.717924,2.6834776401519775,16.948469161987305,NSGA-III,122
P007_2_S09_C10,0.0,2.697726,17.456173,2.683661937713623,17.522266387939453,NSGA-III,122
P007_2_S09_C10,0.0,2.691619,17.456173,2.679872751235962,17.53156852722168,NSGA-III,122
P007_2_S09_C10,0.0,2.685932,17.456173,2.676696538925171,17.54277801513672,NSGA-III,122
P007_2_S09_C10,0.0,2.680738,17.456173,2.674210786819458,17.55510139465332,NSGA-III,122
P007_2_S09_C10,0.0,2.675793,17.456173,2.6722779273986816,17.567628860473633,NSGA-III,122
P007_2_S09_C10,0.0,2.670531,17.456173,2.6707923412323,17.58022689819336,NSGA-III,122
P007_2_S09_C10,0.0,2.665572,17.456173,2.6696670055389404,17.592811584472656,NSGA-III,122
P007_2_S09_C10,0.0,2.65702,17.456173,2.6688313484191895,17.605314254760742,NSGA-III,122
P007_2_S09_C10,0.0,2.655033,17.456173,2.6682281494140625,17.617677688598633,NSGA-III,122
P011_1_S10_C11,0.0,2.674842,17.597092,2.6598682403564453,17.711711883544922,NSGA-III,122
P011_1_S10_C11,0.0,2.668472,17.597092,2.6549761295318604,17.736600875854492,NSGA-III,122
P011_1_S10_C11,0.0,2.662688,17.597092,2.651005268096924,17.761825561523438,NSGA-III,122
P011_1_S10_C11,0.0,2.657059,17.597092,2.6477932929992676,17.78824806213379,NSGA-III,122
P011_1_S10_C11,0.0,2.651241,17.597092,2.645198345184326,17.816852569580078,NSGA-III,122
P011_1_S10_C11,0.0,2.645928,17.597092,2.6433069705963135,17.844520568847656,NSGA-III,122
P011_1_S10_C11,0.0,2.640874,17.597092,2.6419456005096436,17.872398376464844,NSGA-III,122
P011_1_S10_C11,0.0,2.632689,17.597092,2.6410281658172607,17.900394439697266,NSGA-III,122
P011_1_S10_C11,0.0,2.628682,17.597092,2.6404519081115723,17.928993225097656,NSGA-III,122
P015_3_S17_C11,0.0,2.438477,16.595,2.509922504425049,16.257892608642578,NSGA-III,122
P015_3_S17_C11,0.0,2.410527,16.595,2.499440908432007,16.2209415435791,NSGA-III,122
P015_3_S17_C11,0.0,2.372511,16.595,2.489565134048462,16.182825088500977,NSGA-III,122
P037_2_S06_C09,2249.0,2.303873,16.04656,2.3328871726989746,16.054088592529297,NSGA-III,122
P037_2_S06_C09,2379.0,2.287498,16.04656,2.319680690765381,16.0604190826416,NSGA-III,122
P037_2_S06_C09,2515.0,2.269198,16.04656,2.304922103881836,16.063199996948242,NSGA-III,122
P037_2_S06_C09,2650.0,2.253785,16.04656,2.2886722087860107,16.064472198486328,NSGA-III,122
P037_2_S06_C09,2784.0,2.2342,16.04656,2.2700228691101074,16.065771102905273,NSGA-III,122
P037_2_S06_C09,2920.0,2.205066,16.04656,2.2450428009033203,16.06612205505371,NSGA-III,122
P037_2_S06_C09,3060.0,2.170108,16.04656,2.2132060527801514,16.06548309326172,NSGA-III,122
P037_2_S06_C09,3202.0,2.116586,16.04656,2.1675477027893066,16.07014274597168,NSGA-III,122
P037_2_S06_C09,3488.0,1.997463,16.04656,2.097714900970459,16.08096694946289,NSGA-III,122
P049_3_S15_C02,2152.0,2.500887,14.869667,2.4973092079162598,14.802655220031738,NSGA-III,122
P049_3_S15_C02,2271.0,2.493731,14.869667,2.4886178970336914,14.79518985748291,NSGA-III,122
P049_3_S15_C02,2395.0,2.485354,14.869667,2.4803903102874756,14.789198875427246,NSGA-III,122
P049_3_S15_C02,2517.0,2.480364,14.869667,2.4725189208984375,14.784587860107422,NSGA-III,122
P049_3_S15_C02,2637.0,2.471771,14.869667,2.464731216430664,14.780988693237305,NSGA-III,122
P049_3_S15_C02,2758.0,2.464056,14.869667,2.4572014808654785,14.777716636657715,NSGA-III,122
P049_3_S15_C02,2881.0,2.456818,14.869667,2.4497687816619873,14.774697303771973,NSGA-III,122
P049_3_S15_C02,3004.0,2.445937,14.869667,2.442249059677124,14.771710395812988,NSGA-III,122
P049_3_S15_C02,3240.0,2.434579,14.869667,2.4348413944244385,14.76867961883545,NSGA-III,122
P051_2_S11_C05,5504.0,1.854337,23.062,1.972814917564392,23.628950119018555,NSGA-III,122
P051_2_S11_C05,5858.0,1.706588,23.062,1.928777813911438,23.807451248168945,NSGA-III,122
P051_2_S11_C05,6237.0,1.598978,23.062,1.868345022201538,23.97710418701172,NSGA-III,122
P063_3_S18_C05,5600.0,2.248487,15.905776,2.309394598007202,15.750781059265137,NSGA-III,122
P063_3_S18_C05,5918.0,2.201492,15.905776,2.310020923614502,15.742323875427246,NSGA-III,122
P063_3_S18_C05,6251.0,2.170797,15.905776,2.3088302612304688,15.734907150268555,NSGA-III,122
P063_3_S18_C05,6580.0,2.14893,15.905776,2.306972026824951,15.729220390319824,NSGA-III,122
P063_3_S18_C05,6907.0,2.123314,15.905776,2.304743766784668,15.724703788757324,NSGA-III,122
P063_3_S18_C05,7239.0,2.100496,15.905776,2.3022444248199463,15.72098445892334,NSGA-III,122
P063_3_S18_C05,7576.0,2.076689,15.905776,2.299501895904541,15.717795372009277,NSGA-III,122
P063_3_S18_C05,7915.0,2.071696,15.905776,2.296485424041748,15.714919090270996,NSGA-III,122
P063_3_S18_C05,8572.0,2.025095,15.905776,2.2932255268096924,15.712279319763184,NSGA-III,122
P068_3_S08_C03,11370.0,2.187058,19.151333,2.1327762603759766,19.028684616088867,NSGA-III,122
P068_3_S08_C03,11972.0,2.173376,19.151333,2.0561959743499756,18.949291229248047,NSGA-III,122
P068_3_S08_C03,12578.0,2.16034,19.151333,1.9414327144622803,18.862035751342773,NSGA-III,122
P068_3_S08_C03,13173.0,2.142762,19.151333,1.7817907333374023,18.821897506713867,NSGA-III,122
P068_3_S08_C03,13760.0,2.07971,19.151333,1.578239917755127,18.787734985351562,NSGA-III,122
P068_3_S08_C03,14355.0,1.946286,19.151333,1.3709006309509277,18.740598678588867,NSGA-III,122
P068_3_S08_C03,14946.0,1.726823,19.151333,1.2079554796218872,18.71843910217285,NSGA-III,122
P075_3_S19_C02,11570.0,2.370704,15.847142,2.365391492843628,15.898106575012207,NSGA-III,122
P075_3_S19_C02,12177.0,2.368679,15.847142,2.3547706604003906,15.903449058532715,NSGA-III,122
P075_3_S19_C02,12805.0,2.352887,15.847142,2.3448121547698975,15.907416343688965,NSGA-III,122
P075_3_S19_C02,13422.0,2.34346,15.847142,2.3353331089019775,15.909478187561035,NSGA-III,122
P075_3_S19_C02,14029.0,2.321794,15.847142,2.326331853866577,15.910516738891602,NSGA-III,122
P075_3_S19_C02,14646.0,2.31095,15.847142,2.3175783157348633,15.91087532043457,NSGA-III,122
P075_3_S19_C02,15265.0,2.299708,15.847142,2.30944561958313,15.909542083740234,NSGA-III,122
P075_3_S19_C02,15885.0,2.292115,15.847142,2.3020453453063965,15.90661334991455,NSGA-III,122
P075_3_S19_C02,17085.0,2.266778,15.847142,2.2951228618621826,15.902775764465332,NSGA-III,122
P004_2_S04_C11,0.0,2.713909,16.717924,2.707566022872925,16.898414611816406,NSGA-III,132
P004_2_S04_C11,0.0,2.70661,16.717924,2.704296350479126,16.920473098754883,NSGA-III,132
P004_2_S04_C11,0.0,2.701574,16.717924,2.7016327381134033,16.93928337097168,NSGA-III,132
P004_2_S04_C11,0.0,2.696484,16.717924,2.6993680000305176,16.955385208129883,NSGA-III,132
P004_2_S04_C11,0.0,2.692177,16.717924,2.697460412979126,16.970495223999023,NSGA-III,132
P004_2_S04_C11,0.0,2.687612,16.717924,2.695871353149414,16.984121322631836,NSGA-III,132
P004_2_S04_C11,0.0,2.683562,16.717924,2.6945323944091797,16.996505737304688,NSGA-III,132
P004_2_S04_C11,0.0,2.675552,16.717924,2.6934051513671875,17.008176803588867,NSGA-III,132
P004_2_S04_C11,0.0,2.673724,16.717924,2.6924495697021484,17.01894187927246,NSGA-III,132
P007_2_S09_C10,0.0,2.697726,17.456173,2.6986236572265625,17.484752655029297,NSGA-III,132
P007_2_S09_C10,0.0,2.691619,17.456173,2.6955108642578125,17.49663734436035,NSGA-III,132
P007_2_S09_C10,0.0,2.685932,17.456173,2.69295597076416,17.507177352905273,NSGA-III,132
P007_2_S09_C10,0.0,2.680738,17.456173,2.690859317779541,17.517438888549805,NSGA-III,132
P007_2_S09_C10,0.0,2.675793,17.456173,2.689237356185913,17.528804779052734,NSGA-III,132
P007_2_S09_C10,0.0,2.670531,17.456173,2.6879405975341797,17.540157318115234,NSGA-III,132
P007_2_S09_C10,0.0,2.665572,17.456173,2.6869046688079834,17.551578521728516,NSGA-III,132
P007_2_S09_C10,0.0,2.65702,17.456173,2.6860809326171875,17.563316345214844,NSGA-III,132
P007_2_S09_C10,0.0,2.655033,17.456173,2.6854333877563477,17.575315475463867,NSGA-III,132
P011_1_S10_C11,0.0,2.674842,17.597092,2.679409980773926,17.70186424255371,NSGA-III,132
P011_1_S10_C11,0.0,2.668472,17.597092,2.6762547492980957,17.733200073242188,NSGA-III,132
P011_1_S10_C11,0.0,2.662688,17.597092,2.6736514568328857,17.76303482055664,NSGA-III,132
P011_1_S10_C11,0.0,2.657059,17.597092,2.6714577674865723,17.791976928710938,NSGA-III,132
P011_1_S10_C11,0.0,2.651241,17.597092,2.6695919036865234,17.82062339782715,NSGA-III,132
P011_1_S10_C11,0.0,2.645928,17.597092,2.66802978515625,17.848495483398438,NSGA-III,132
P011_1_S10_C11,0.0,2.640874,17.597092,2.6667277812957764,17.875463485717773,NSGA-III,132
P011_1_S10_C11,0.0,2.632689,17.597092,2.6657416820526123,17.90153694152832,NSGA-III,132
P011_1_S10_C11,0.0,2.628682,17.597092,2.6648967266082764,17.92691993713379,NSGA-III,132
P015_3_S17_C11,0.0,2.438477,16.595,2.4840128421783447,16.458295822143555,NSGA-III,132
P015_3_S17_C11,0.0,2.410527,16.595,2.467106580734253,16.425540924072266,NSGA-III,132
P015_3_S17_C11,0.0,2.372511,16.595,2.4500503540039062,16.400707244873047,NSGA-III,132
P037_2_S06_C09,2249.0,2.303873,16.04656,2.3134992122650146,16.040756225585938,NSGA-III,132
P037_2_S06_C09,2379.0,2.287498,16.04656,2.291433811187744,16.04428482055664,NSGA-III,132
P037_2_S06_C09,2515.0,2.269198,16.04656,2.265336751937866,16.04804039001465,NSGA-III,132
P037_2_S06_C09,2650.0,2.253785,16.04656,2.2330384254455566,16.05875587463379,NSGA-III,132
P037_2_S06_C09,2784.0,2.2342,16.04656,2.192105770111084,16.07611656188965,NSGA-III,132
P037_2_S06_C09,2920.0,2.205066,16.04656,2.1396591663360596,16.09467124938965,NSGA-III,132
P037_2_S06_C09,3060.0,2.170108,16.04656,2.0724854469299316,16.11402702331543,NSGA-III,132
P037_2_S06_C09,3202.0,2.116586,16.04656,1.986815333366394,16.133888244628906,NSGA-III,132
P037_2_S06_C09,3488.0,1.997463,16.04656,1.8804646730422974,16.152021408081055,NSGA-III,132
P049_3_S15_C02,2152.0,2.500887,14.869667,2.4867212772369385,14.717573165893555,NSGA-III,132
P049_3_S15_C02,2271.0,2.493731,14.869667,2.475386619567871,14.701608657836914,NSGA-III,132
P049_3_S15_C02,2395.0,2.485354,14.869667,2.4648818969726562,14.689967155456543,NSGA-III,132
P049_3_S15_C02,2517.0,2.480364,14.869667,2.454753875732422,14.680692672729492,NSGA-III,132
P049_3_S15_C02,2637.0,2.471771,14.869667,2.4450266361236572,14.673507690429688,NSGA-III,132
P049_3_S15_C02,2758.0,2.464056,14.869667,2.436105966567993,14.669761657714844,NSGA-III,132
P049_3_S15_C02,2881.0,2.456818,14.869667,2.4276480674743652,14.667841911315918,NSGA-III,132
P049_3_S15_C02,3004.0,2.445937,14.869667,2.419358491897583,14.667536735534668,NSGA-III,132
P049_3_S15_C02,3240.0,2.434579,14.869667,2.411214590072632,14.668551445007324,NSGA-III,132
P051_2_S11_C05,5504.0,1.854337,23.062,1.9366097450256348,23.314838409423828,NSGA-III,132
P051_2_S11_C05,5858.0,1.706588,23.062,1.8637715578079224,23.35844612121582,NSGA-III,132
P051_2_S11_C05,6237.0,1.598978,23.062,1.7690707445144653,23.352052688598633,NSGA-III,132
P063_3_S18_C05,5600.0,2.248487,15.905776,2.2585268020629883,15.969788551330566,NSGA-III,132
P063_3_S18_C05,5918.0,2.201492,15.905776,2.2421720027923584,15.964532852172852,NSGA-III,132
P063_3_S18_C05,6251.0,2.170797,15.905776,2.2254862785339355,15.9536771774292,NSGA-III,132
P063_3_S18_C05,6580.0,2.14893,15.905776,2.208953380584717,15.9398832321167,NSGA-III,132
P063_3_S18_C05,6907.0,2.123314,15.905776,2.1925597190856934,15.924616813659668,NSGA-III,132
P063_3_S18_C05,7239.0,2.100496,15.905776,2.1761748790740967,15.908380508422852,NSGA-III,132
P063_3_S18_C05,7576.0,2.076689,15.905776,2.159501552581787,15.89198112487793,NSGA-III,132
P063_3_S18_C05,7915.0,2.071696,15.905776,2.1419689655303955,15.876473426818848,NSGA-III,132
P063_3_S18_C05,8572.0,2.025095,15.905776,2.123521089553833,15.861517906188965,NSGA-III,132
P068_3_S08_C03,11370.0,2.187058,19.151333,2.1196467876434326,19.14000701904297,NSGA-III,132
P068_3_S08_C03,11972.0,2.173376,19.151333,2.028543472290039,19.1302547454834,NSGA-III,132
P068_3_S08_C03,12578.0,2.16034,19.151333,1.8829869031906128,19.089101791381836,NSGA-III,132
P068_3_S08_C03,13173.0,2.142762,19.151333,1.6809284687042236,19.064172744750977,NSGA-III,132
P068_3_S08_C03,13760.0,2.07971,19.151333,1.435455322265625,18.964231491088867,NSGA-III,132
P068_3_S08_C03,14355.0,1.946286,19.151333,1.1994394063949585,18.87008285522461,NSGA-III,132
P068_3_S08_C03,14946.0,1.726823,19.151333,1.008488416671753,18.764455795288086,NSGA-III,132
P075_3_S19_C02,11570.0,2.370704,15.847142,2.3689792156219482,15.865001678466797,NSGA-III,132
P075_3_S19_C02,12177.0,2.368679,15.847142,2.3574724197387695,15.867277145385742,NSGA-III,132
P075_3_S19_C02,12805.0,2.352887,15.847142,2.3471546173095703,15.867897987365723,NSGA-III,132
P075_3_S19_C02,13422.0,2.34346,15.847142,2.337557792663574,15.867820739746094,NSGA-III,132
P075_3_S19_C02,14029.0,2.321794,15.847142,2.328307867050171,15.867412567138672,NSGA-III,132
P075_3_S19_C02,14646.0,2.31095,15.847142,2.3195555210113525,15.866338729858398,NSGA-III,132
P075_3_S19_C02,15265.0,2.299708,15.847142,2.3112311363220215,15.864843368530273,NSGA-III,132
P075_3_S19_C02,15885.0,2.292115,15.847142,2.3032705783843994,15.863258361816406,NSGA-III,132
P075_3_S19_C02,17085.0,2.266778,15.847142,2.2956111431121826,15.861221313476562,NSGA-III,132
P004_2_S04_C11,0.0,2.713909,16.717924,2.7100913524627686,16.947458267211914,Random,42
P004_2_S04_C11,0.0,2.70661,16.717924,2.7042829990386963,16.99479103088379,Random,42
P004_2_S04_C11,0.0,2.701574,16.717924,2.698378086090088,17.039987564086914,Random,42
P004_2_S04_C11,0.0,2.696484,16.717924,2.6925747394561768,17.085378646850586,Random,42
P004_2_S04_C11,0.0,2.692177,16.717924,2.6869657039642334,17.129985809326172,Random,42
P004_2_S04_C11,0.0,2.687612,16.717924,2.6815006732940674,17.172889709472656,Random,42
P004_2_S04_C11,0.0,2.683562,16.717924,2.676280975341797,17.216272354125977,Random,42
P004_2_S04_C11,0.0,2.675552,16.717924,2.6712610721588135,17.259552001953125,Random,42
P004_2_S04_C11,0.0,2.673724,16.717924,2.667100429534912,17.302173614501953,Random,42
P007_2_S09_C10,0.0,2.697726,17.456173,2.704327344894409,17.511486053466797,Random,42
P007_2_S09_C10,0.0,2.691619,17.456173,2.7006044387817383,17.521846771240234,Random,42
P007_2_S09_C10,0.0,2.685932,17.456173,2.697082757949829,17.531536102294922,Random,42
P007_2_S09_C10,0.0,2.680738,17.456173,2.693782329559326,17.540849685668945,Random,42
P007_2_S09_C10,0.0,2.675793,17.456173,2.690699815750122,17.549640655517578,Random,42
P007_2_S09_C10,0.0,2.670531,17.456173,2.687824249267578,17.557931900024414,Random,42
P007_2_S09_C10,0.0,2.665572,17.456173,2.6851425170898438,17.565767288208008,Random,42
P007_2_S09_C10,0.0,2.65702,17.456173,2.6826417446136475,17.573158264160156,Random,42
P007_2_S09_C10,0.0,2.655033,17.456173,2.6803085803985596,17.580106735229492,Random,42
P011_1_S10_C11,0.0,2.674842,17.597092,2.677278518676758,17.72677230834961,Random,42
P011_1_S10_C11,0.0,2.668472,17.597092,2.67222261428833,17.75726890563965,Random,42
P011_1_S10_C11,0.0,2.662688,17.597092,2.667335033416748,17.786846160888672,Random,42
P011_1_S10_C11,0.0,2.657059,17.597092,2.6627390384674072,17.81620216369629,Random,42
P011_1_S10_C11,0.0,2.651241,17.597092,2.6587607860565186,17.844207763671875,Random,42
P011_1_S10_C11,0.0,2.645928,17.597092,2.6552672386169434,17.870681762695312,Random,42
P011_1_S10_C11,0.0,2.640874,17.597092,2.6520988941192627,17.896095275878906,Random,42
P011_1_S10_C11,0.0,2.632689,17.597092,2.6492385864257812,17.920455932617188,Random,42
P011_1_S10_C11,0.0,2.628682,17.597092,2.64658522605896,17.94387435913086,Random,42
P015_3_S17_C11,0.0,2.438477,16.595,2.49330735206604,16.674489974975586,Random,42
P015_3_S17_C11,0.0,2.410527,16.595,2.4791259765625,16.687747955322266,Random,42
P015_3_S17_C11,0.0,2.372511,16.595,2.4644875526428223,16.702716827392578,Random,42
P037_2_S06_C09,2249.0,2.303873,16.04656,2.305558919906616,16.063928604125977,Random,42
P037_2_S06_C09,2379.0,2.287498,16.04656,2.2791318893432617,16.068307876586914,Random,42
P037_2_S06_C09,2515.0,2.269198,16.04656,2.24656343460083,16.06875991821289,Random,42
P037_2_S06_C09,2650.0,2.253785,16.04656,2.204514503479004,16.07624626159668,Random,42
P037_2_S06_C09,2784.0,2.2342,16.04656,2.15116810798645,16.09339714050293,Random,42
P037_2_S06_C09,2920.0,2.205066,16.04656,2.0841193199157715,16.114255905151367,Random,42
P037_2_S06_C09,3060.0,2.170108,16.04656,2.0023646354675293,16.14362907409668,Random,42
P037_2_S06_C09,3202.0,2.116586,16.04656,1.9046379327774048,16.189464569091797,Random,42
P037_2_S06_C09,3488.0,1.997463,16.04656,1.7957398891448975,16.24824333190918,Random,42
P049_3_S15_C02,2152.0,2.500887,14.869667,2.507434844970703,14.945106506347656,Random,42
P049_3_S15_C02,2271.0,2.493731,14.869667,2.50107741355896,14.953227996826172,Random,42
P049_3_S15_C02,2395.0,2.485354,14.869667,2.4946558475494385,14.96146297454834,Random,42
P049_3_S15_C02,2517.0,2.480364,14.869667,2.4880523681640625,14.969425201416016,Random,42
P049_3_S15_C02,2637.0,2.471771,14.869667,2.48105525970459,14.977256774902344,Random,42
P049_3_S15_C02,2758.0,2.464056,14.869667,2.4744365215301514,14.984383583068848,Random,42
P049_3_S15_C02,2881.0,2.456818,14.869667,2.4683520793914795,14.990269660949707,Random,42
P049_3_S15_C02,3004.0,2.445937,14.869667,2.462399959564209,14.995532989501953,Random,42
P049_3_S15_C02,3240.0,2.434579,14.869667,2.456700325012207,15.000866889953613,Random,42
P051_2_S11_C05,5504.0,1.854337,23.062,1.9010740518569946,22.837440490722656,Random,42
P051_2_S11_C05,5858.0,1.706588,23.062,1.7870343923568726,22.746126174926758,Random,42
P051_2_S11_C05,6237.0,1.598978,23.062,1.6514540910720825,22.66558837890625,Random,42
P063_3_S18_C05,5600.0,2.248487,15.905776,2.257437229156494,16.038896560668945,Random,42
P063_3_S18_C05,5918.0,2.201492,15.905776,2.235703706741333,16.055681228637695,Random,42
P063_3_S18_C05,6251.0,2.170797,15.905776,2.2123124599456787,16.07122039794922,Random,42
P063_3_S18_C05,6580.0,2.14893,15.905776,2.1871087551116943,16.085763931274414,Random,42
P063_3_S18_C05,6907.0,2.123314,15.905776,2.160738945007324,16.09685516357422,Random,42
P063_3_S18_C05,7239.0,2.100496,15.905776,2.1333231925964355,16.105270385742188,Random,42
P063_3_S18_C05,7576.0,2.076689,15.905776,2.103557825088501,16.112489700317383,Random,42
P063_3_S18_C05,7915.0,2.071696,15.905776,2.071544885635376,16.118318557739258,Random,42
P063_3_S18_C05,8572.0,2.025095,15.905776,2.035252332687378,16.124544143676758,Random,42
P068_3_S08_C03,11370.0,2.187058,19.151333,2.138101816177368,19.00259780883789,Random,42
P068_3_S08_C03,11972.0,2.173376,19.151333,2.0719404220581055,18.968311309814453,Random,42
P068_3_S08_C03,12578.0,2.16034,19.151333,1.9735511541366577,18.980300903320312,Random,42
P068_3_S08_C03,13173.0,2.142762,19.151333,1.8367987871170044,19.037384033203125,Random,42
P068_3_S08_C03,13760.0,2.07971,19.151333,1.6545401811599731,19.16339874267578,Random,42
P068_3_S08_C03,14355.0,1.946286,19.151333,1.4236866235733032,19.34784698486328,Random,42
P068_3_S08_C03,14946.0,1.726823,19.151333,1.164961576461792,19.561166763305664,Random,42
P075_3_S19_C02,11570.0,2.370704,15.847142,2.364901065826416,15.910256385803223,Random,42
P075_3_S19_C02,12177.0,2.368679,15.847142,2.35249400138855,15.922820091247559,Random,42
P075_3_S19_C02,12805.0,2.352887,15.847142,2.3407814502716064,15.932770729064941,Random,42
P075_3_S19_C02,13422.0,2.34346,15.847142,2.3294453620910645,15.93952465057373,Random,42
P075_3_S19_C02,14029.0,2.321794,15.847142,2.3190362453460693,15.942133903503418,Random,42
P075_3_S19_C02,14646.0,2.31095,15.847142,2.3093698024749756,15.942394256591797,Random,42
P075_3_S19_C02,15265.0,2.299708,15.847142,2.3004515171051025,15.940031051635742,Random,42
P075_3_S19_C02,15885.0,2.292115,15.847142,2.2925240993499756,15.935083389282227,Random,42
P075_3_S19_C02,17085.0,2.266778,15.847142,2.2853615283966064,15.928804397583008,Random,42
P004_2_S04_C11,0.0,2.713909,16.717924,2.7118704319000244,16.806522369384766,Random,52
P004_2_S04_C11,0.0,2.70661,16.717924,2.706813097000122,16.820816040039062,Random,52
P004_2_S04_C11,0.0,2.701574,16.717924,2.702181100845337,16.83270263671875,Random,52
P004_2_S04_C11,0.0,2.696484,16.717924,2.6979596614837646,16.842872619628906,Random,52
P004_2_S04_C11,0.0,2.692177,16.717924,2.6941168308258057,16.851579666137695,Random,52
P004_2_S04_C11,0.0,2.687612,16.717924,2.6906213760375977,16.859031677246094,Random,52
P004_2_S04_C11,0.0,2.683562,16.717924,2.687464714050293,16.866029739379883,Random,52
P004_2_S04_C11,0.0,2.675552,16.717924,2.6844823360443115,16.87173080444336,Random,52
P004_2_S04_C11,0.0,2.673724,16.717924,2.6817164421081543,16.876571655273438,Random,52
P007_2_S09_C10,0.0,2.697726,17.456173,2.6998355388641357,17.456417083740234,Random,52
P007_2_S09_C10,0.0,2.691619,17.456173,2.694924831390381,17.457151412963867,Random,52
P007_2_S09_C10,0.0,2.685932,17.456173,2.6903915405273438,17.458572387695312,Random,52
P007_2_S09_C10,0.0,2.680738,17.456173,2.6860945224761963,17.4613037109375,Random,52
P007_2_S09_C10,0.0,2.675793,17.456173,2.6820619106292725,17.46434211730957,Random,52
P007_2_S09_C10,0.0,2.670531,17.456173,2.678280830383301,17.467897415161133,Random,52
P007_2_S09_C10,0.0,2.665572,17.456173,2.674713373184204,17.472007751464844,Random,52
P007_2_S09_C10,0.0,2.65702,17.456173,2.6713778972625732,17.47658348083496,Random,52
P007_2_S09_C10,0.0,2.655033,17.456173,2.668259382247925,17.481966018676758,Random,52
P011_1_S10_C11,0.0,2.674842,17.597092,2.680063247680664,17.66596031188965,Random,52
P011_1_S10_C11,0.0,2.668472,17.597092,2.6757125854492188,17.681289672851562,Random,52
P011_1_S10_C11,0.0,2.662688,17.597092,2.6718063354492188,17.696720123291016,Random,52
P011_1_S10_C11,0.0,2.657059,17.597092,2.668248176574707,17.712175369262695,Random,52
P011_1_S10_C11,0.0,2.651241,17.597092,2.665052652359009,17.727378845214844,Random,52
P011_1_S10_C11,0.0,2.645928,17.597092,2.6621885299682617,17.742191314697266,Random,52
P011_1_S10_C11,0.0,2.640874,17.597092,2.6596248149871826,17.75653648376465,Random,52
P011_1_S10_C11,0.0,2.632689,17.597092,2.6572861671447754,17.771032333374023,Random,52
P011_1_S10_C11,0.0,2.628682,17.597092,2.6551220417022705,17.785680770874023,Random,52
P015_3_S17_C11,0.0,2.438477,16.595,2.460252046585083,16.66712188720703,Random,52
P015_3_S17_C11,0.0,2.410527,16.595,2.434340715408325,16.713125228881836,Random,52
P015_3_S17_C11,0.0,2.372511,16.595,2.408212423324585,16.772926330566406,Random,52
P037_2_S06_C09,2249.0,2.303873,16.04656,2.319209098815918,16.069461822509766,Random,52
P037_2_S06_C09,2379.0,2.287498,16.04656,2.304133415222168,16.05002784729004,Random,52
P037_2_S06_C09,2515.0,2.269198,16.04656,2.2875359058380127,16.0303955078125,Random,52
P037_2_S06_C09,2650.0,2.253785,16.04656,2.2656216621398926,16.017059326171875,Random,52
P037_2_S06_C09,2784.0,2.2342,16.04656,2.236629009246826,16.014135360717773,Random,52
P037_2_S06_C09,2920.0,2.205066,16.04656,2.1961183547973633,16.02659034729004,Random,52
P037_2_S06_C09,3060.0,2.170108,16.04656,2.1366212368011475,16.047758102416992,Random,52
P037_2_S06_C09,3202.0,2.116586,16.04656,2.0486350059509277,16.078529357910156,Random,52
P037_2_S06_C09,3488.0,1.997463,16.04656,1.9279255867004395,16.12501335144043,Random,52
P049_3_S15_C02,2152.0,2.500887,14.869667,2.525411605834961,14.75230598449707,Random,52
P049_3_S15_C02,2271.0,2.493731,14.869667,2.526604652404785,14.734565734863281,Random,52
P049_3_S15_C02,2395.0,2.485354,14.869667,2.5276684761047363,14.720213890075684,Random,52
P049_3_S15_C02,2517.0,2.480364,14.869667,2.528728485107422,14.707619667053223,Random,52
P049_3_S15_C02,2637.0,2.471771,14.869667,2.529747247695923,14.696419715881348,Random,52
P049_3_S15_C02,2758.0,2.464056,14.869667,2.530679941177368,14.686381340026855,Random,52
P049_3_S15_C02,2881.0,2.456818,14.869667,2.5314831733703613,14.677313804626465,Random,52
P049_3_S15_C02,3004.0,2.445937,14.869667,2.5321156978607178,14.669076919555664,Random,52
P049_3_S15_C02,3240.0,2.434579,14.869667,2.5325515270233154,14.661582946777344,Random,52
P051_2_S11_C05,5504.0,1.854337,23.062,1.9568592309951782,23.52625846862793,Random,52
P051_2_S11_C05,5858.0,1.706588,23.062,1.8657479286193848,23.604616165161133,Random,52
P051_2_S11_C05,6237.0,1.598978,23.062,1.730819582939148,23.60708999633789,Random,52
P063_3_S18_C05,5600.0,2.248487,15.905776,2.2290632724761963,15.962505340576172,Random,52
P063_3_S18_C05,5918.0,2.201492,15.905776,2.190973997116089,15.979100227355957,Random,52
P063_3_S18_C05,6251.0,2.170797,15.905776,2.1499266624450684,15.999165534973145,Random,52
P063_3_S18_C05,6580.0,2.14893,15.905776,2.1054794788360596,16.0166015625,Random,52
P063_3_S18_C05,6907.0,2.123314,15.905776,2.0531861782073975,16.0357723236084,Random,52
P063_3_S18_C05,7239.0,2.100496,15.905776,1.9914942979812622,16.072355270385742,Random,52
P063_3_S18_C05,7576.0,2.076689,15.905776,1.9157730340957642,16.127721786499023,Random,52
P063_3_S18_C05,7915.0,2.071696,15.905776,1.8269619941711426,16.184951782226562,Random,52
P063_3_S18_C05,8572.0,2.025095,15.905776,1.7352871894836426,16.24932098388672,Random,52
P068_3_S08_C03,11370.0,2.187058,19.151333,2.149285078048706,19.047443389892578,Random,52
P068_3_S08_C03,11972.0,2.173376,19.151333,2.0851926803588867,19.03009033203125,Random,52
P068_3_S08_C03,12578.0,2.16034,19.151333,1.9695930480957031,19.08107566833496,Random,52
P068_3_S08_C03,13173.0,2.142762,19.151333,1.7833112478256226,19.236024856567383,Random,52
P068_3_S08_C03,13760.0,2.07971,19.151333,1.5407465696334839,19.52935028076172,Random,52
P068_3_S08_C03,14355.0,1.946286,19.151333,1.2760899066925049,19.841453552246094,Random,52
P068_3_S08_C03,14946.0,1.726823,19.151333,1.0561918020248413,20.138338088989258,Random,52
P075_3_S19_C02,11570.0,2.370704,15.847142,2.355159282684326,15.861305236816406,Random,52
P075_3_S19_C02,12177.0,2.368679,15.847142,2.3392598628997803,15.868877410888672,Random,52
P075_3_S19_C02,12805.0,2.352887,15.847142,2.326169013977051,15.875022888183594,Random,52
P075_3_S19_C02,13422.0,2.34346,15.847142,2.3158693313598633,15.87952995300293,Random,52
P075_3_S19_C02,14029.0,2.321794,15.847142,2.3068647384643555,15.885687828063965,Random,52
P075_3_S19_C02,14646.0,2.31095,15.847142,2.299246072769165,15.891383171081543,Random,52
P075_3_S19_C02,15265.0,2.299708,15.847142,2.292828321456909,15.89615535736084,Random,52
P075_3_S19_C02,15885.0,2.292115,15.847142,2.2871150970458984,15.899778366088867,Random,52
P075_3_S19_C02,17085.0,2.266778,15.847142,2.2822368144989014,15.901653289794922,Random,52
P004_2_S04_C11,0.0,2.713909,16.717924,2.7107062339782715,16.896209716796875,Random,62
P004_2_S04_C11,0.0,2.70661,16.717924,2.7046711444854736,16.92652702331543,Random,62
P004_2_S04_C11,0.0,2.701574,16.717924,2.6988062858581543,16.955385208129883,Random,62
P004_2_S04_C11,0.0,2.696484,16.717924,2.693136215209961,16.983646392822266,Random,62
P004_2_S04_C11,0.0,2.692177,16.717924,2.687574863433838,17.01276206970215,Random,62
P004_2_S04_C11,0.0,2.687612,16.717924,2.682093620300293,17.04304313659668,Random,62
P004_2_S04_C11,0.0,2.683562,16.717924,2.676687240600586,17.07283592224121,Random,62
P004_2_S04_C11,0.0,2.675552,16.717924,2.6712512969970703,17.102602005004883,Random,62
P004_2_S04_C11,0.0,2.673724,16.717924,2.66581392288208,17.131868362426758,Random,62
P007_2_S09_C10,0.0,2.697726,17.456173,2.7046353816986084,17.49140167236328,Random,62
P007_2_S09_C10,0.0,2.691619,17.456173,2.70108699798584,17.49338150024414,Random,62
P007_2_S09_C10,0.0,2.685932,17.456173,2.697770595550537,17.49555206298828,Random,62
P007_2_S09_C10,0.0,2.680738,17.456173,2.6946144104003906,17.497892379760742,Random,62
P007_2_S09_C10,0.0,2.675793,17.456173,2.6916184425354004,17.50019645690918,Random,62
P007_2_S09_C10,0.0,2.670531,17.456173,2.6887760162353516,17.502538681030273,Random,62
P007_2_S09_C10,0.0,2.665572,17.456173,2.6860854625701904,17.50473403930664,Random,62
P007_2_S09_C10,0.0,2.65702,17.456173,2.683537721633911,17.50674819946289,Random,62
P007_2_S09_C10,0.0,2.655033,17.456173,2.6811234951019287,17.508583068847656,Random,62
P011_1_S10_C11,0.0,2.674842,17.597092,2.6819145679473877,17.61884117126465,Random,62
P011_1_S10_C11,0.0,2.668472,17.597092,2.677548885345459,17.618803024291992,Random,62
P011_1_S10_C11,0.0,2.662688,17.597092,2.6734085083007812,17.61941909790039,Random,62
P011_1_S10_C11,0.0,2.657059,17.597092,2.6694247722625732,17.620376586914062,Random,62
P011_1_S10_C11,0.0,2.651241,17.597092,2.665611743927002,17.621362686157227,Random,62
P011_1_S10_C11,0.0,2.645928,17.597092,2.6619625091552734,17.6224422454834,Random,62
P011_1_S10_C11,0.0,2.640874,17.597092,2.6584420204162598,17.624004364013672,Random,62
P011_1_S10_C11,0.0,2.632689,17.597092,2.6550605297088623,17.62567901611328,Random,62
P011_1_S10_C11,0.0,2.628682,17.597092,2.6518099308013916,17.62746810913086,Random,62
P015_3_S17_C11,0.0,2.438477,16.595,2.5024051666259766,16.68920135498047,Random,62
P015_3_S17_C11,0.0,2.410527,16.595,2.4910051822662354,16.697725296020508,Random,62
P015_3_S17_C11,0.0,2.372511,16.595,2.4786458015441895,16.717079162597656,Random,62
P037_2_S06_C09,2249.0,2.303873,16.04656,2.3092544078826904,16.0378475189209,Random,62
P037_2_S06_C09,2379.0,2.287498,16.04656,2.292546033859253,16.024906158447266,Random,62
P037_2_S06_C09,2515.0,2.269198,16.04656,2.2752277851104736,16.00875473022461,Random,62
P037_2_S06_C09,2650.0,2.253785,16.04656,2.2551915645599365,15.990273475646973,Random,62
P037_2_S06_C09,2784.0,2.2342,16.04656,2.228438138961792,15.971446990966797,Random,62
P037_2_S06_C09,2920.0,2.205066,16.04656,2.1881701946258545,15.952482223510742,Random,62
P037_2_S06_C09,3060.0,2.170108,16.04656,2.11952805519104,15.94343376159668,Random,62
P037_2_S06_C09,3202.0,2.116586,16.04656,1.995055913925171,15.997601509094238,Random,62
P037_2_S06_C09,3488.0,1.997463,16.04656,1.8399384021759033,16.077220916748047,Random,62
P049_3_S15_C02,2152.0,2.500887,14.869667,2.496817111968994,14.878429412841797,Random,62
P049_3_S15_C02,2271.0,2.493731,14.869667,2.485574960708618,14.884786605834961,Random,62
P049_3_S15_C02,2395.0,2.485354,14.869667,2.475311279296875,14.889540672302246,Random,62
P049_3_S15_C02,2517.0,2.480364,14.869667,2.465049982070923,14.894497871398926,Random,62
P049_3_S15_C02,2637.0,2.471771,14.869667,2.4548113346099854,14.899706840515137,Random,62
P049_3_S15_C02,2758.0,2.464056,14.869667,2.4445931911468506,14.905163764953613,Random,62
P049_3_S15_C02,2881.0,2.456818,14.869667,2.4342827796936035,14.911248207092285,Random,62
P049_3_S15_C02,3004.0,2.445937,14.869667,2.4240589141845703,14.918844223022461,Random,62
P049_3_S15_C02,3240.0,2.434579,14.869667,2.413698434829712,14.927013397216797,Random,62
P051_2_S11_C05,5504.0,1.854337,23.062,2.015458106994629,23.08694839477539,Random,62
P051_2_S11_C05,5858.0,1.706588,23.062,1.9693785905838013,23.087125778198242,Random,62
P051_2_S11_C05,6237.0,1.598978,23.062,1.9125988483428955,23.105209350585938,Random,62
P063_3_S18_C05,5600.0,2.248487,15.905776,2.2119381427764893,16.053354263305664,Random,62
P063_3_S18_C05,5918.0,2.201492,15.905776,2.170260190963745,16.103445053100586,Random,62
P063_3_S18_C05,6251.0,2.170797,15.905776,2.126527786254883,16.148006439208984,Random,62
P063_3_S18_C05,6580.0,2.14893,15.905776,2.0807535648345947,16.194259643554688,Random,62
P063_3_S18_C05,6907.0,2.123314,15.905776,2.03039288520813,16.256200790405273,Random,62
P063_3_S18_C05,7239.0,2.100496,15.905776,1.9748151302337646,16.32888412475586,Random,62
P063_3_S18_C05,7576.0,2.076689,15.905776,1.9162113666534424,16.400909423828125,Random,62
P063_3_S18_C05,7915.0,2.071696,15.905776,1.8529325723648071,16.473176956176758,Random,62
P063_3_S18_C05,8572.0,2.025095,15.905776,1.7824783325195312,16.547731399536133,Random,62
P068_3_S08_C03,11370.0,2.187058,19.151333,2.147352457046509,19.20874786376953,Random,62
P068_3_S08_C03,11972.0,2.173376,19.151333,2.0988945960998535,19.234102249145508,Random,62
P068_3_S08_C03,12578.0,2.16034,19.151333,2.0242180824279785,19.277536392211914,Random,62
P068_3_S08_C03,13173.0,2.142762,19.151333,1.8975839614868164,19.32782745361328,Random,62
P068_3_S08_C03,13760.0,2.07971,19.151333,1.6835075616836548,19.3354434967041,Random,62
P068_3_S08_C03,14355.0,1.946286,19.151333,1.396596074104309,19.366455078125,Random,62
P068_3_S08_C03,14946.0,1.726823,19.151333,1.1463983058929443,19.517215728759766,Random,62
P075_3_S19_C02,11570.0,2.370704,15.847142,2.3615925312042236,15.857348442077637,Random,62
P075_3_S19_C02,12177.0,2.368679,15.847142,2.3469228744506836,15.862567901611328,Random,62
P075_3_S19_C02,12805.0,2.352887,15.847142,2.334256887435913,15.866996765136719,Random,62
P075_3_S19_C02,13422.0,2.34346,15.847142,2.323775053024292,15.871676445007324,Random,62
P075_3_S19_C02,14029.0,2.321794,15.847142,2.314906358718872,15.875282287597656,Random,62
P075_3_S19_C02,14646.0,2.31095,15.847142,2.3070478439331055,15.877988815307617,Random,62
P075_3_S19_C02,15265.0,2.299708,15.847142,2.2999892234802246,15.880865097045898,Random,62
P075_3_S19_C02,15885.0,2.292115,15.847142,2.293483018875122,15.882624626159668,Random,62
P075_3_S19_C02,17085.0,2.266778,15.847142,2.287381887435913,15.883281707763672,Random,62
P004_2_S04_C11,0.0,2.713909,16.717924,2.7251529693603516,16.884057998657227,Random,72
P004_2_S04_C11,0.0,2.70661,16.717924,2.7229864597320557,16.916719436645508,Random,72
P004_2_S04_C11,0.0,2.701574,16.717924,2.7210283279418945,16.947111129760742,Random,72
P004_2_S04_C11,0.0,2.696484,16.717924,2.719212532043457,16.976064682006836,Random,72
P004_2_S04_C11,0.0,2.692177,16.717924,2.717543601989746,17.003463745117188,Random,72
P004_2_S04_C11,0.0,2.687612,16.717924,2.7160212993621826,17.029285430908203,Random,72
P004_2_S04_C11,0.0,2.683562,16.717924,2.7146406173706055,17.053571701049805,Random,72
P004_2_S04_C11,0.0,2.675552,16.717924,2.713395118713379,17.076383590698242,Random,72
P004_2_S04_C11,0.0,2.673724,16.717924,2.712275743484497,17.097795486450195,Random,72
P007_2_S09_C10,0.0,2.697726,17.456173,2.70365571975708,17.44475555419922,Random,72
P007_2_S09_C10,0.0,2.691619,17.456173,2.69952130317688,17.444726943969727,Random,72
P007_2_S09_C10,0.0,2.685932,17.456173,2.695699691772461,17.445158004760742,Random,72
P007_2_S09_C10,0.0,2.680738,17.456173,2.692148447036743,17.446231842041016,Random,72
P007_2_S09_C10,0.0,2.675793,17.456173,2.6888344287872314,17.447628021240234,Random,72
P007_2_S09_C10,0.0,2.670531,17.456173,2.6857388019561768,17.449296951293945,Random,72
P007_2_S09_C10,0.0,2.665572,17.456173,2.682845115661621,17.451187133789062,Random,72
P007_2_S09_C10,0.0,2.65702,17.456173,2.680137872695923,17.453262329101562,Random,72
P007_2_S09_C10,0.0,2.655033,17.456173,2.6776013374328613,17.455537796020508,Random,72
P011_1_S10_C11,0.0,2.674842,17.597092,2.676414728164673,17.607858657836914,Random,72
P011_1_S10_C11,0.0,2.668472,17.597092,2.670659303665161,17.61122703552246,Random,72
P011_1_S10_C11,0.0,2.662688,17.597092,2.665278911590576,17.614591598510742,Random,72
P011_1_S10_C11,0.0,2.657059,17.597092,2.6602368354797363,17.618043899536133,Random,72
P011_1_S10_C11,0.0,2.651241,17.597092,2.6555044651031494,17.622148513793945,Random,72
P011_1_S10_C11,0.0,2.645928,17.597092,2.6510722637176514,17.626615524291992,Random,72
P011_1_S10_C11,0.0,2.640874,17.597092,2.6469223499298096,17.63151741027832,Random,72
P011_1_S10_C11,0.0,2.632689,17.597092,2.643002510070801,17.637495040893555,Random,72
P011_1_S10_C11,0.0,2.628682,17.597092,2.6393208503723145,17.643810272216797,Random,72
P015_3_S17_C11,0.0,2.438477,16.595,2.4907774925231934,16.701923370361328,Random,72
P015_3_S17_C11,0.0,2.410527,16.595,2.472716808319092,16.76401710510254,Random,72
P015_3_S17_C11,0.0,2.372511,16.595,2.454023838043213,16.832015991210938,Random,72
P037_2_S06_C09,2249.0,2.303873,16.04656,2.325808525085449,16.047679901123047,Random,72
P037_2_S06_C09,2379.0,2.287498,16.04656,2.31465220451355,16.034988403320312,Random,72
P037_2_S06_C09,2515.0,2.269198,16.04656,2.3032515048980713,16.023679733276367,Random,72
P037_2_S06_C09,2650.0,2.253785,16.04656,2.2913858890533447,16.010971069335938,Random,72
P037_2_S06_C09,2784.0,2.2342,16.04656,2.277395725250244,16.000139236450195,Random,72
P037_2_S06_C09,2920.0,2.205066,16.04656,2.261047840118408,15.993178367614746,Random,72
P037_2_S06_C09,3060.0,2.170108,16.04656,2.240485906600952,15.985647201538086,Random,72
P037_2_S06_C09,3202.0,2.116586,16.04656,2.21272873878479,15.97683334350586,Random,72
P037_2_S06_C09,3488.0,1.997463,16.04656,2.171546220779419,15.984413146972656,Random,72
P049_3_S15_C02,2152.0,2.500887,14.869667,2.5079729557037354,14.784324645996094,Random,72
P049_3_S15_C02,2271.0,2.493731,14.869667,2.5014185905456543,14.780230522155762,Random,72
P049_3_S15_C02,2395.0,2.485354,14.869667,2.495131492614746,14.776025772094727,Random,72
P049_3_S15_C02,2517.0,2.480364,14.869667,2.4891409873962402,14.772339820861816,Random,72
P049_3_S15_C02,2637.0,2.471771,14.869667,2.483494758605957,14.769186019897461,Random,72
P049_3_S15_C02,2758.0,2.464056,14.869667,2.47817325592041,14.766548156738281,Random,72
P049_3_S15_C02,2881.0,2.456818,14.869667,2.4729175567626953,14.763958930969238,Random,72
P049_3_S15_C02,3004.0,2.445937,14.869667,2.4677622318267822,14.761667251586914,Random,72
P049_3_S15_C02,3240.0,2.434579,14.869667,2.4626879692077637,14.759638786315918,Random,72
P051_2_S11_C05,5504.0,1.854337,23.062,1.9309531450271606,23.376720428466797,Random,72
P051_2_S11_C05,5858.0,1.706588,23.062,1.8217053413391113,23.354080200195312,Random,72
P051_2_S11_C05,6237.0,1.598978,23.062,1.6707302331924438,23.264921188354492,Random,72
P063_3_S18_C05,5600.0,2.248487,15.905776,2.2444090843200684,15.88181209564209,Random,72
P063_3_S18_C05,5918.0,2.201492,15.905776,2.226325750350952,15.848983764648438,Random,72
P063_3_S18_C05,6251.0,2.170797,15.905776,2.209791421890259,15.812525749206543,Random,72
P063_3_S18_C05,6580.0,2.14893,15.905776,2.1948609352111816,15.77599811553955,Random,72
P063_3_S18_C05,6907.0,2.123314,15.905776,2.181450605392456,15.739588737487793,Random,72
P063_3_S18_C05,7239.0,2.100496,15.905776,2.1689445972442627,15.703492164611816,Random,72
P063_3_S18_C05,7576.0,2.076689,15.905776,2.157397985458374,15.66917610168457,Random,72
P063_3_S18_C05,7915.0,2.071696,15.905776,2.145630359649658,15.638082504272461,Random,72
P063_3_S18_C05,8572.0,2.025095,15.905776,2.134256601333618,15.609671592712402,Random,72
P068_3_S08_C03,11370.0,2.187058,19.151333,2.1498777866363525,19.187986373901367,Random,72
P068_3_S08_C03,11972.0,2.173376,19.151333,2.077036142349243,19.14307975769043,Random,72
P068_3_S08_C03,12578.0,2.16034,19.151333,1.9613546133041382,19.11629867553711,Random,72
P068_3_S08_C03,13173.0,2.142762,19.151333,1.7950843572616577,19.19283676147461,Random,72
P068_3_S08_C03,13760.0,2.07971,19.151333,1.5667461156845093,19.35196304321289,Random,72
P068_3_S08_C03,14355.0,1.946286,19.151333,1.2954137325286865,19.524049758911133,Random,72
P068_3_S08_C03,14946.0,1.726823,19.151333,1.0495644807815552,19.652938842773438,Random,72
P075_3_S19_C02,11570.0,2.370704,15.847142,2.3528034687042236,15.757245063781738,Random,72
P075_3_S19_C02,12177.0,2.368679,15.847142,2.340074300765991,15.750310897827148,Random,72
P075_3_S19_C02,12805.0,2.352887,15.847142,2.32887601852417,15.744194984436035,Random,72
P075_3_S19_C02,13422.0,2.34346,15.847142,2.3194851875305176,15.740486145019531,Random,72
P075_3_S19_C02,14029.0,2.321794,15.847142,2.312725067138672,15.738581657409668,Random,72
P075_3_S19_C02,14646.0,2.31095,15.847142,2.3074870109558105,15.7346830368042,Random,72
P075_3_S19_C02,15265.0,2.299708,15.847142,2.303307294845581,15.729265213012695,Random,72
P075_3_S19_C02,15885.0,2.292115,15.847142,2.299938440322876,15.722631454467773,Random,72
P075_3_S19_C02,17085.0,2.266778,15.847142,2.2971951961517334,15.715035438537598,Random,72
P004_2_S04_C11,0.0,2.713909,16.717924,2.702893018722534,16.869836807250977,Random,82
P004_2_S04_C11,0.0,2.70661,16.717924,2.6968228816986084,16.887386322021484,Random,82
P004_2_S04_C11,0.0,2.701574,16.717924,2.6912693977355957,16.90228271484375,Random,82
P004_2_S04_C11,0.0,2.696484,16.717924,2.6861467361450195,16.915668487548828,Random,82
P004_2_S04_C11,0.0,2.692177,16.717924,2.6814472675323486,16.927526473999023,Random,82
P004_2_S04_C11,0.0,2.687612,16.717924,2.677205801010132,16.937833786010742,Random,82
P004_2_S04_C11,0.0,2.683562,16.717924,2.6734495162963867,16.946441650390625,Random,82
P004_2_S04_C11,0.0,2.675552,16.717924,2.670034885406494,16.953746795654297,Random,82
P004_2_S04_C11,0.0,2.673724,16.717924,2.6668949127197266,16.960556030273438,Random,82
P007_2_S09_C10,0.0,2.697726,17.456173,2.7013354301452637,17.50221061706543,Random,82
P007_2_S09_C10,0.0,2.691619,17.456173,2.698096752166748,17.510934829711914,Random,82
P007_2_S09_C10,0.0,2.685932,17.456173,2.695270299911499,17.519376754760742,Random,82
P007_2_S09_C10,0.0,2.680738,17.456173,2.6928138732910156,17.52737045288086,Random,82
P007_2_S09_C10,0.0,2.675793,17.456173,2.690681219100952,17.534969329833984,Random,82
P007_2_S09_C10,0.0,2.670531,17.456173,2.6888370513916016,17.542295455932617,Random,82
P007_2_S09_C10,0.0,2.665572,17.456173,2.687241554260254,17.549348831176758,Random,82
P007_2_S09_C10,0.0,2.65702,17.456173,2.6858599185943604,17.556127548217773,Random,82
P007_2_S09_C10,0.0,2.655033,17.456173,2.684663772583008,17.56266212463379,Random,82
P011_1_S10_C11,0.0,2.674842,17.597092,2.6810295581817627,17.684009552001953,Random,82
P011_1_S10_C11,0.0,2.668472,17.597092,2.6769962310791016,17.700115203857422,Random,82
P011_1_S10_C11,0.0,2.662688,17.597092,2.673265218734741,17.715808868408203,Random,82
P011_1_S10_C11,0.0,2.657059,17.597092,2.669804096221924,17.731618881225586,Random,82
P011_1_S10_C11,0.0,2.651241,17.597092,2.6665854454040527,17.74740982055664,Random,82
P011_1_S10_C11,0.0,2.645928,17.597092,2.663605213165283,17.763381958007812,Random,82
P011_1_S10_C11,0.0,2.640874,17.597092,2.66080641746521,17.779455184936523,Random,82
P011_1_S10_C11,0.0,2.632689,17.597092,2.6582183837890625,17.795455932617188,Random,82
P011_1_S10_C11,0.0,2.628682,17.597092,2.655827760696411,17.811368942260742,Random,82
P015_3_S17_C11,0.0,2.438477,16.595,2.4564099311828613,16.327869415283203,Random,82
P015_3_S17_C11,0.0,2.410527,16.595,2.4316046237945557,16.30241584777832,Random,82
P015_3_S17_C11,0.0,2.372511,16.595,2.411057710647583,16.290184020996094,Random,82
P037_2_S06_C09,2249.0,2.303873,16.04656,2.3013315200805664,15.962934494018555,Random,82
P037_2_S06_C09,2379.0,2.287498,16.04656,2.276895046234131,15.948273658752441,Random,82
P037_2_S06_C09,2515.0,2.269198,16.04656,2.2504656314849854,15.935439109802246,Random,82
P037_2_S06_C09,2650.0,2.253785,16.04656,2.217927932739258,15.934147834777832,Random,82
P037_2_S06_C09,2784.0,2.2342,16.04656,2.1780989170074463,15.939952850341797,Random,82
P037_2_S06_C09,2920.0,2.205066,16.04656,2.129561424255371,15.95496940612793,Random,82
P037_2_S06_C09,3060.0,2.170108,16.04656,2.0699803829193115,15.979422569274902,Random,82
P037_2_S06_C09,3202.0,2.116586,16.04656,1.9957623481750488,16.022029876708984,Random,82
P037_2_S06_C09,3488.0,1.997463,16.04656,1.90958571434021,16.05640983581543,Random,82
P049_3_S15_C02,2152.0,2.500887,14.869667,2.4892711639404297,14.713961601257324,Random,82
P049_3_S15_C02,2271.0,2.493731,14.869667,2.474482536315918,14.709948539733887,Random,82
P049_3_S15_C02,2395.0,2.485354,14.869667,2.4613213539123535,14.710786819458008,Random,82
P049_3_S15_C02,2517.0,2.480364,14.869667,2.448509693145752,14.714033126831055,Random,82
P049_3_S15_C02,2637.0,2.471771,14.869667,2.4358270168304443,14.719533920288086,Random,82
P049_3_S15_C02,2758.0,2.464056,14.869667,2.4240190982818604,14.72176742553711,Random,82
P049_3_S15_C02,2881.0,2.456818,14.869667,2.4127495288848877,14.725127220153809,Random,82
P049_3_S15_C02,3004.0,2.445937,14.869667,2.4014530181884766,14.729939460754395,Random,82
P049_3_S15_C02,3240.0,2.434579,14.869667,2.390594720840454,14.736445426940918,Random,82
P051_2_S11_C05,5504.0,1.854337,23.062,1.9454268217086792,23.14189910888672,Random,82
P051_2_S11_C05,5858.0,1.706588,23.062,1.8704497814178467,23.070974349975586,Random,82
P051_2_S11_C05,6237.0,1.598978,23.062,1.7788914442062378,23.007234573364258,Random,82
P063_3_S18_C05,5600.0,2.248487,15.905776,2.228710412979126,15.965011596679688,Random,82
P063_3_S18_C05,5918.0,2.201492,15.905776,2.195659637451172,15.96859073638916,Random,82
P063_3_S18_C05,6251.0,2.170797,15.905776,2.1605224609375,15.960917472839355,Random,82
P063_3_S18_C05,6580.0,2.14893,15.905776,2.122982978820801,15.950865745544434,Random,82
P063_3_S18_C05,6907.0,2.123314,15.905776,2.0812430381774902,15.943180084228516,Random,82
P063_3_S18_C05,7239.0,2.100496,15.905776,2.0345544815063477,15.93825912475586,Random,82
P063_3_S18_C05,7576.0,2.076689,15.905776,1.9820473194122314,15.93790054321289,Random,82
P063_3_S18_C05,7915.0,2.071696,15.905776,1.9237782955169678,15.940390586853027,Random,82
P063_3_S18_C05,8572.0,2.025095,15.905776,1.8613970279693604,15.9334135055542,Random,82
P068_3_S08_C03,11370.0,2.187058,19.151333,2.1146504878997803,19.110031127929688,Random,82
P068_3_S08_C03,11972.0,2.173376,19.151333,2.0331785678863525,19.106033325195312,Random,82
P068_3_S08_C03,12578.0,2.16034,19.151333,1.9264200925827026,19.0977783203125,Random,82
P068_3_S08_C03,13173.0,2.142762,19.151333,1.7940442562103271,19.09854507446289,Random,82
P068_3_S08_C03,13760.0,2.07971,19.151333,1.635710597038269,19.08296012878418,Random,82
P068_3_S08_C03,14355.0,1.946286,19.151333,1.455323576927185,19.09798812866211,Random,82
P068_3_S08_C03,14946.0,1.726823,19.151333,1.267147183418274,19.113929748535156,Random,82
P075_3_S19_C02,11570.0,2.370704,15.847142,2.381787061691284,15.81381607055664,Random,82
P075_3_S19_C02,12177.0,2.368679,15.847142,2.375831365585327,15.803484916687012,Random,82
P075_3_S19_C02,12805.0,2.352887,15.847142,2.3701353073120117,15.793172836303711,Random,82
P075_3_S19_C02,13422.0,2.34346,15.847142,2.3646225929260254,15.783042907714844,Random,82
P075_3_S19_C02,14029.0,2.321794,15.847142,2.35927414894104,15.7730131149292,Random,82
P075_3_S19_C02,14646.0,2.31095,15.847142,2.3540732860565186,15.76304817199707,Random,82
P075_3_S19_C02,15265.0,2.299708,15.847142,2.348965644836426,15.753212928771973,Random,82
P075_3_S19_C02,15885.0,2.292115,15.847142,2.343946933746338,15.743468284606934,Random,82
P075_3_S19_C02,17085.0,2.266778,15.847142,2.339008331298828,15.733781814575195,Random,82
P004_2_S04_C11,0.0,2.713909,16.717924,2.721421957015991,17.0268497467041,Random,92
P004_2_S04_C11,0.0,2.70661,16.717924,2.717763662338257,17.08344268798828,Random,92
P004_2_S04_C11,0.0,2.701574,16.717924,2.7140438556671143,17.142086029052734,Random,92
P004_2_S04_C11,0.0,2.696484,16.717924,2.7105281352996826,17.200355529785156,Random,92
P004_2_S04_C11,0.0,2.692177,16.717924,2.7074007987976074,17.259187698364258,Random,92
P004_2_S04_C11,0.0,2.687612,16.717924,2.7050023078918457,17.314619064331055,Random,92
P004_2_S04_C11,0.0,2.683562,16.717924,2.703108072280884,17.3659725189209,Random,92
P004_2_S04_C11,0.0,2.675552,16.717924,2.701528310775757,17.415250778198242,Random,92
P004_2_S04_C11,0.0,2.673724,16.717924,2.7002522945404053,17.463363647460938,Random,92
P007_2_S09_C10,0.0,2.697726,17.456173,2.696842908859253,17.48408317565918,Random,92
P007_2_S09_C10,0.0,2.691619,17.456173,2.690581798553467,17.488603591918945,Random,92
P007_2_S09_C10,0.0,2.685932,17.456173,2.6845831871032715,17.49245834350586,Random,92
P007_2_S09_C10,0.0,2.680738,17.456173,2.67885160446167,17.49566650390625,Random,92
P007_2_S09_C10,0.0,2.675793,17.456173,2.6733574867248535,17.49835205078125,Random,92
P007_2_S09_C10,0.0,2.670531,17.456173,2.6680023670196533,17.500642776489258,Random,92
P007_2_S09_C10,0.0,2.665572,17.456173,2.66263484954834,17.50131607055664,Random,92
P007_2_S09_C10,0.0,2.65702,17.456173,2.6572678089141846,17.500507354736328,Random,92
P007_2_S09_C10,0.0,2.655033,17.456173,2.652003765106201,17.499923706054688,Random,92
P011_1_S10_C11,0.0,2.674842,17.597092,2.674074649810791,17.634557723999023,Random,92
P011_1_S10_C11,0.0,2.668472,17.597092,2.6668145656585693,17.645952224731445,Random,92
P011_1_S10_C11,0.0,2.662688,17.597092,2.660252571105957,17.653409957885742,Random,92
P011_1_S10_C11,0.0,2.657059,17.597092,2.6538658142089844,17.659395217895508,Random,92
P011_1_S10_C11,0.0,2.651241,17.597092,2.647692918777466,17.664016723632812,Random,92
P011_1_S10_C11,0.0,2.645928,17.597092,2.6418776512145996,17.668720245361328,Random,92
P011_1_S10_C11,0.0,2.640874,17.597092,2.6361846923828125,17.673858642578125,Random,92
P011_1_S10_C11,0.0,2.632689,17.597092,2.630448818206787,17.67828369140625,Random,92
P011_1_S10_C11,0.0,2.628682,17.597092,2.6244349479675293,17.683242797851562,Random,92
P015_3_S17_C11,0.0,2.438477,16.595,2.490138292312622,16.672378540039062,Random,92
P015_3_S17_C11,0.0,2.410527,16.595,2.476438045501709,16.700345993041992,Random,92
P015_3_S17_C11,0.0,2.372511,16.595,2.461759567260742,16.72806739807129,Random,92
P037_2_S06_C09,2249.0,2.303873,16.04656,2.3276779651641846,16.006275177001953,Random,92
P037_2_S06_C09,2379.0,2.287498,16.04656,2.3180952072143555,15.977553367614746,Random,92
P037_2_S06_C09,2515.0,2.269198,16.04656,2.307162046432495,15.949376106262207,Random,92
P037_2_S06_C09,2650.0,2.253785,16.04656,2.293579578399658,15.92552661895752,Random,92
P037_2_S06_C09,2784.0,2.2342,16.04656,2.2761785984039307,15.904928207397461,Random,92
P037_2_S06_C09,2920.0,2.205066,16.04656,2.253061532974243,15.886187553405762,Random,92
P037_2_S06_C09,3060.0,2.170108,16.04656,2.221003293991089,15.864665031433105,Random,92
P037_2_S06_C09,3202.0,2.116586,16.04656,2.174950122833252,15.848821640014648,Random,92
P037_2_S06_C09,3488.0,1.997463,16.04656,2.0991687774658203,15.894272804260254,Random,92
P049_3_S15_C02,2152.0,2.500887,14.869667,2.5407052040100098,14.97374153137207,Random,92
P049_3_S15_C02,2271.0,2.493731,14.869667,2.548444986343384,14.97331714630127,Random,92
P049_3_S15_C02,2395.0,2.485354,14.869667,2.5553390979766846,14.973146438598633,Random,92
P049_3_S15_C02,2517.0,2.480364,14.869667,2.561891794204712,14.973257064819336,Random,92
P049_3_S15_C02,2637.0,2.471771,14.869667,2.567988157272339,14.973435401916504,Random,92
P049_3_S15_C02,2758.0,2.464056,14.869667,2.573533058166504,14.9735107421875,Random,92
P049_3_S15_C02,2881.0,2.456818,14.869667,2.5784778594970703,14.973137855529785,Random,92
P049_3_S15_C02,3004.0,2.445937,14.869667,2.5827999114990234,14.97227668762207,Random,92
P049_3_S15_C02,3240.0,2.434579,14.869667,2.5864856243133545,14.970900535583496,Random,92
P051_2_S11_C05,5504.0,1.854337,23.062,1.9782109260559082,23.300048828125,Random,92
P051_2_S11_C05,5858.0,1.706588,23.062,1.911322832107544,23.317312240600586,Random,92
P051_2_S11_C05,6237.0,1.598978,23.062,1.814243197441101,23.337753295898438,Random,92
P063_3_S18_C05,5600.0,2.248487,15.905776,2.2363712787628174,16.02817726135254,Random,92
P063_3_S18_C05,5918.0,2.201492,15.905776,2.2138671875,16.055294036865234,Random,92
P063_3_S18_C05,6251.0,2.170797,15.905776,2.192432403564453,16.076303482055664,Random,92
P063_3_S18_C05,6580.0,2.14893,15.905776,2.1695966720581055,16.097246170043945,Random,92
P063_3_S18_C05,6907.0,2.123314,15.905776,2.1448540687561035,16.11301040649414,Random,92
P063_3_S18_C05,7239.0,2.100496,15.905776,2.1181509494781494,16.128421783447266,Random,92
P063_3_S18_C05,7576.0,2.076689,15.905776,2.0890352725982666,16.14279556274414,Random,92
P063_3_S18_C05,7915.0,2.071696,15.905776,2.0557162761688232,16.159629821777344,Random,92
P063_3_S18_C05,8572.0,2.025095,15.905776,2.017725944519043,16.181331634521484,Random,92
P068_3_S08_C03,11370.0,2.187058,19.151333,2.137206792831421,18.976634979248047,Random,92
P068_3_S08_C03,11972.0,2.173376,19.151333,2.0707616806030273,18.92517852783203,Random,92
P068_3_S08_C03,12578.0,2.16034,19.151333,1.977905035018921,18.925762176513672,Random,92
P068_3_S08_C03,13173.0,2.142762,19.151333,1.8345437049865723,18.98978042602539,Random,92
P068_3_S08_C03,13760.0,2.07971,19.151333,1.6100683212280273,19.12380599975586,Random,92
P068_3_S08_C03,14355.0,1.946286,19.151333,1.3260090351104736,19.39605712890625,Random,92
P068_3_S08_C03,14946.0,1.726823,19.151333,1.0805449485778809,19.76591682434082,Random,92
P075_3_S19_C02,11570.0,2.370704,15.847142,2.368351936340332,15.847389221191406,Random,92
P075_3_S19_C02,12177.0,2.368679,15.847142,2.3575727939605713,15.855981826782227,Random,92
P075_3_S19_C02,12805.0,2.352887,15.847142,2.348332166671753,15.865815162658691,Random,92
P075_3_S19_C02,13422.0,2.34346,15.847142,2.3398807048797607,15.874675750732422,Random,92
P075_3_S19_C02,14029.0,2.321794,15.847142,2.331907272338867,15.882708549499512,Random,92
P075_3_S19_C02,14646.0,2.31095,15.847142,2.3244357109069824,15.890737533569336,Random,92
P075_3_S19_C02,15265.0,2.299708,15.847142,2.3173017501831055,15.89806842803955,Random,92
P075_3_S19_C02,15885.0,2.292115,15.847142,2.3103487491607666,15.905179977416992,Random,92
P075_3_S19_C02,17085.0,2.266778,15.847142,2.3034980297088623,15.91253662109375,Random,92
P004_2_S04_C11,0.0,2.713909,16.717924,2.711235284805298,16.89706802368164,Random,102
P004_2_S04_C11,0.0,2.70661,16.717924,2.7068233489990234,16.9248046875,Random,102
P004_2_S04_C11,0.0,2.701574,16.717924,2.7028419971466064,16.9482421875,Random,102
P004_2_S04_C11,0.0,2.696484,16.717924,2.699320077896118,16.968082427978516,Random,102
P004_2_S04_C11,0.0,2.692177,16.717924,2.696207046508789,16.984888076782227,Random,102
P004_2_S04_C11,0.0,2.687612,16.717924,2.693448781967163,16.99905014038086,Random,102
P004_2_S04_C11,0.0,2.683562,16.717924,2.690979480743408,17.01116943359375,Random,102
P004_2_S04_C11,0.0,2.675552,16.717924,2.6887478828430176,17.021636962890625,Random,102
P004_2_S04_C11,0.0,2.673724,16.717924,2.686753988265991,17.03050994873047,Random,102
P007_2_S09_C10,0.0,2.697726,17.456173,2.6982781887054443,17.489316940307617,Random,102
P007_2_S09_C10,0.0,2.691619,17.456173,2.693796157836914,17.496685028076172,Random,102
P007_2_S09_C10,0.0,2.685932,17.456173,2.6897573471069336,17.503719329833984,Random,102
P007_2_S09_C10,0.0,2.680738,17.456173,2.6861512660980225,17.51093292236328,Random,102
P007_2_S09_C10,0.0,2.675793,17.456173,2.6829440593719482,17.517786026000977,Random,102
P007_2_S09_C10,0.0,2.670531,17.456173,2.6800920963287354,17.524293899536133,Random,102
P007_2_S09_C10,0.0,2.665572,17.456173,2.6775503158569336,17.5303955078125,Random,102
P007_2_S09_C10,0.0,2.65702,17.456173,2.675281047821045,17.53606605529785,Random,102
P007_2_S09_C10,0.0,2.655033,17.456173,2.6733250617980957,17.54082489013672,Random,102
P011_1_S10_C11,0.0,2.674842,17.597092,2.6757709980010986,17.675609588623047,Random,102
P011_1_S10_C11,0.0,2.668472,17.597092,2.670839309692383,17.693740844726562,Random,102
P011_1_S10_C11,0.0,2.662688,17.597092,2.666465997695923,17.711090087890625,Random,102
P011_1_S10_C11,0.0,2.657059,17.597092,2.6626086235046387,17.727497100830078,Random,102
P011_1_S10_C11,0.0,2.651241,17.597092,2.6592133045196533,17.742998123168945,Random,102
P011_1_S10_C11,0.0,2.645928,17.597092,2.656130313873291,17.757566452026367,Random,102
P011_1_S10_C11,0.0,2.640874,17.597092,2.653404712677002,17.77124786376953,Random,102
P011_1_S10_C11,0.0,2.632689,17.597092,2.650764226913452,17.784156799316406,Random,102
P011_1_S10_C11,0.0,2.628682,17.597092,2.6481993198394775,17.796810150146484,Random,102
P015_3_S17_C11,0.0,2.438477,16.595,2.4827067852020264,16.39427375793457,Random,102
P015_3_S17_C11,0.0,2.410527,16.595,2.469651699066162,16.348581314086914,Random,102
P015_3_S17_C11,0.0,2.372511,16.595,2.4577088356018066,16.308401107788086,Random,102
P037_2_S06_C09,2249.0,2.303873,16.04656,2.3274030685424805,16.022451400756836,Random,102
P037_2_S06_C09,2379.0,2.287498,16.04656,2.3150389194488525,16.018564224243164,Random,102
P037_2_S06_C09,2515.0,2.269198,16.04656,2.3023486137390137,16.015390396118164,Random,102
P037_2_S06_C09,2650.0,2.253785,16.04656,2.288573980331421,16.011384963989258,Random,102
P037_2_S06_C09,2784.0,2.2342,16.04656,2.273080825805664,16.007116317749023,Random,102
P037_2_S06_C09,2920.0,2.205066,16.04656,2.255939245223999,15.999001502990723,Random,102
P037_2_S06_C09,3060.0,2.170108,16.04656,2.236546516418457,15.99239444732666,Random,102
P037_2_S06_C09,3202.0,2.116586,16.04656,2.2114977836608887,15.991823196411133,Random,102
P037_2_S06_C09,3488.0,1.997463,16.04656,2.173424005508423,15.993659019470215,Random,102
P049_3_S15_C02,2152.0,2.500887,14.869667,2.516094923019409,14.812520980834961,Random,102
P049_3_S15_C02,2271.0,2.493731,14.869667,2.513279676437378,14.807474136352539,Random,102
P049_3_S15_C02,2395.0,2.485354,14.869667,2.51051664352417,14.80372428894043,Random,102
P049_3_S15_C02,2517.0,2.480364,14.869667,2.5077993869781494,14.800368309020996,Random,102
P049_3_S15_C02,2637.0,2.471771,14.869667,2.5050292015075684,14.797082901000977,Random,102
P049_3_S15_C02,2758.0,2.464056,14.869667,2.5021634101867676,14.794034957885742,Random,102
P049_3_S15_C02,2881.0,2.456818,14.869667,2.499101161956787,14.79157829284668,Random,102
P049_3_S15_C02,3004.0,2.445937,14.869667,2.49576473236084,14.789512634277344,Random,102
P049_3_S15_C02,3240.0,2.434579,14.869667,2.4921717643737793,14.78773307800293,Random,102
P051_2_S11_C05,5504.0,1.854337,23.062,1.8622618913650513,23.58902931213379,Random,102
P051_2_S11_C05,5858.0,1.706588,23.062,1.7337449789047241,23.698028564453125,Random,102
P051_2_S11_C05,6237.0,1.598978,23.062,1.5643969774246216,23.67791175842285,Random,102
P063_3_S18_C05,5600.0,2.248487,15.905776,2.2230567932128906,16.066997528076172,Random,102
P063_3_S18_C05,5918.0,2.201492,15.905776,2.191376209259033,16.108558654785156,Random,102
P063_3_S18_C05,6251.0,2.170797,15.905776,2.161003828048706,16.142669677734375,Random,102
P063_3_S18_C05,6580.0,2.14893,15.905776,2.1313488483428955,16.172754287719727,Random,102
P063_3_S18_C05,6907.0,2.123314,15.905776,2.101165294647217,16.198575973510742,Random,102
P063_3_S18_C05,7239.0,2.100496,15.905776,2.0700228214263916,16.227380752563477,Random,102
P063_3_S18_C05,7576.0,2.076689,15.905776,2.0368921756744385,16.25249481201172,Random,102
P063_3_S18_C05,7915.0,2.071696,15.905776,2.0001108646392822,16.2799129486084,Random,102
P063_3_S18_C05,8572.0,2.025095,15.905776,1.9591225385665894,16.318161010742188,Random,102
P068_3_S08_C03,11370.0,2.187058,19.151333,2.1663668155670166,19.271102905273438,Random,102
P068_3_S08_C03,11972.0,2.173376,19.151333,2.1203677654266357,19.31229019165039,Random,102
P068_3_S08_C03,12578.0,2.16034,19.151333,2.0495173931121826,19.360973358154297,Random,102
P068_3_S08_C03,13173.0,2.142762,19.151333,1.9398057460784912,19.441268920898438,Random,102
P068_3_S08_C03,13760.0,2.07971,19.151333,1.7726802825927734,19.537452697753906,Random,102
P068_3_S08_C03,14355.0,1.946286,19.151333,1.5384037494659424,19.656768798828125,Random,102
P068_3_S08_C03,14946.0,1.726823,19.151333,1.2552273273468018,19.79804039001465,Random,102
P075_3_S19_C02,11570.0,2.370704,15.847142,2.357325792312622,15.917146682739258,Random,102
P075_3_S19_C02,12177.0,2.368679,15.847142,2.342668056488037,15.93481159210205,Random,102
P075_3_S19_C02,12805.0,2.352887,15.847142,2.329709053039551,15.951164245605469,Random,102
P075_3_S19_C02,13422.0,2.34346,15.847142,2.318514823913574,15.962759971618652,Random,102
P075_3_S19_C02,14029.0,2.321794,15.847142,2.308823347091675,15.972212791442871,Random,102
P075_3_S19_C02,14646.0,2.31095,15.847142,2.3001091480255127,15.980892181396484,Random,102
P075_3_S19_C02,15265.0,2.299708,15.847142,2.2922818660736084,15.987908363342285,Random,102
P075_3_S19_C02,15885.0,2.292115,15.847142,2.2852675914764404,15.993264198303223,Random,102
P075_3_S19_C02,17085.0,2.266778,15.847142,2.278952121734619,15.996994972229004,Random,102
P004_2_S04_C11,0.0,2.713909,16.717924,2.707548141479492,16.7730712890625,Random,112
P004_2_S04_C11,0.0,2.70661,16.717924,2.701397657394409,16.785541534423828,Random,112
P004_2_S04_C11,0.0,2.701574,16.717924,2.6957852840423584,16.797880172729492,Random,112
P004_2_S04_C11,0.0,2.696484,16.717924,2.690645694732666,16.81055450439453,Random,112
P004_2_S04_C11,0.0,2.692177,16.717924,2.6859796047210693,16.82255744934082,Random,112
P004_2_S04_C11,0.0,2.687612,16.717924,2.681816816329956,16.834369659423828,Random,112
P004_2_S04_C11,0.0,2.683562,16.717924,2.6781022548675537,16.845916748046875,Random,112
P004_2_S04_C11,0.0,2.675552,16.717924,2.6747803688049316,16.857093811035156,Random,112
P004_2_S04_C11,0.0,2.673724,16.717924,2.671813488006592,16.867874145507812,Random,112
P007_2_S09_C10,0.0,2.697726,17.456173,2.7019357681274414,17.4857234954834,Random,112
P007_2_S09_C10,0.0,2.691619,17.456173,2.6981329917907715,17.49386215209961,Random,112
P007_2_S09_C10,0.0,2.685932,17.456173,2.694737434387207,17.50244903564453,Random,112
P007_2_S09_C10,0.0,2.680738,17.456173,2.69169545173645,17.511247634887695,Random,112
P007_2_S09_C10,0.0,2.675793,17.456173,2.688967227935791,17.520076751708984,Random,112
P007_2_S09_C10,0.0,2.670531,17.456173,2.686530113220215,17.528974533081055,Random,112
P007_2_S09_C10,0.0,2.665572,17.456173,2.684356451034546,17.537891387939453,Random,112
P007_2_S09_C10,0.0,2.65702,17.456173,2.6824216842651367,17.546794891357422,Random,112
P007_2_S09_C10,0.0,2.655033,17.456173,2.6807024478912354,17.5556640625,Random,112
P011_1_S10_C11,0.0,2.674842,17.597092,2.680725574493408,17.673460006713867,Random,112
P011_1_S10_C11,0.0,2.668472,17.597092,2.676604747772217,17.6943416595459,Random,112
P011_1_S10_C11,0.0,2.662688,17.597092,2.6728367805480957,17.714603424072266,Random,112
P011_1_S10_C11,0.0,2.657059,17.597092,2.6694042682647705,17.734804153442383,Random,112
P011_1_S10_C11,0.0,2.651241,17.597092,2.6662659645080566,17.75557518005371,Random,112
P011_1_S10_C11,0.0,2.645928,17.597092,2.663402795791626,17.776851654052734,Random,112
P011_1_S10_C11,0.0,2.640874,17.597092,2.660724639892578,17.798776626586914,Random,112
P011_1_S10_C11,0.0,2.632689,17.597092,2.6582655906677246,17.82085418701172,Random,112
P011_1_S10_C11,0.0,2.628682,17.597092,2.6559739112854004,17.843963623046875,Random,112
P015_3_S17_C11,0.0,2.438477,16.595,2.4786875247955322,16.34856605529785,Random,112
P015_3_S17_C11,0.0,2.410527,16.595,2.4638571739196777,16.29401969909668,Random,112
P015_3_S17_C11,0.0,2.372511,16.595,2.4496243000030518,16.25127601623535,Random,112
P037_2_S06_C09,2249.0,2.303873,16.04656,2.310732126235962,16.091442108154297,Random,112
P037_2_S06_C09,2379.0,2.287498,16.04656,2.2904152870178223,16.09250831604004,Random,112
P037_2_S06_C09,2515.0,2.269198,16.04656,2.267531394958496,16.094858169555664,Random,112
P037_2_S06_C09,2650.0,2.253785,16.04656,2.2388319969177246,16.105316162109375,Random,112
P037_2_S06_C09,2784.0,2.2342,16.04656,2.201279401779175,16.121681213378906,Random,112
P037_2_S06_C09,2920.0,2.205066,16.04656,2.1505002975463867,16.14763832092285,Random,112
P037_2_S06_C09,3060.0,2.170108,16.04656,2.086921453475952,16.181758880615234,Random,112
P037_2_S06_C09,3202.0,2.116586,16.04656,2.0084269046783447,16.238616943359375,Random,112
P037_2_S06_C09,3488.0,1.997463,16.04656,1.9166876077651978,16.319639205932617,Random,112
P049_3_S15_C02,2152.0,2.500887,14.869667,2.5061211585998535,14.84396743774414,Random,112
P049_3_S15_C02,2271.0,2.493731,14.869667,2.498485803604126,14.842906951904297,Random,112
P049_3_S15_C02,2395.0,2.485354,14.869667,2.490598678588867,14.84316635131836,Random,112
P049_3_S15_C02,2517.0,2.480364,14.869667,2.4824841022491455,14.845261573791504,Random,112
P049_3_S15_C02,2637.0,2.471771,14.869667,2.4739813804626465,14.848471641540527,Random,112
P049_3_S15_C02,2758.0,2.464056,14.869667,2.4650468826293945,14.852771759033203,Random,112
P049_3_S15_C02,2881.0,2.456818,14.869667,2.4552834033966064,14.85808277130127,Random,112
P049_3_S15_C02,3004.0,2.445937,14.869667,2.444629669189453,14.864550590515137,Random,112
P049_3_S15_C02,3240.0,2.434579,14.869667,2.4338178634643555,14.874884605407715,Random,112
P051_2_S11_C05,5504.0,1.854337,23.062,1.8845231533050537,23.309982299804688,Random,112
P051_2_S11_C05,5858.0,1.706588,23.062,1.768710970878601,23.304834365844727,Random,112
P051_2_S11_C05,6237.0,1.598978,23.062,1.6307448148727417,23.275300979614258,Random,112
P063_3_S18_C05,5600.0,2.248487,15.905776,2.235732078552246,16.15934944152832,Random,112
P063_3_S18_C05,5918.0,2.201492,15.905776,2.2036619186401367,16.209484100341797,Random,112
P063_3_S18_C05,6251.0,2.170797,15.905776,2.1678824424743652,16.2481632232666,Random,112
P063_3_S18_C05,6580.0,2.14893,15.905776,2.128513813018799,16.281757354736328,Random,112
P063_3_S18_C05,6907.0,2.123314,15.905776,2.083712339401245,16.305572509765625,Random,112
P063_3_S18_C05,7239.0,2.100496,15.905776,2.03289532661438,16.328495025634766,Random,112
P063_3_S18_C05,7576.0,2.076689,15.905776,1.9767093658447266,16.357858657836914,Random,112
P063_3_S18_C05,7915.0,2.071696,15.905776,1.9162216186523438,16.385976791381836,Random,112
P063_3_S18_C05,8572.0,2.025095,15.905776,1.8521935939788818,16.409976959228516,Random,112
P068_3_S08_C03,11370.0,2.187058,19.151333,2.13921856880188,19.084640502929688,Random,112
P068_3_S08_C03,11972.0,2.173376,19.151333,2.0640945434570312,19.05951690673828,Random,112
P068_3_S08_C03,12578.0,2.16034,19.151333,1.9391711950302124,19.05731964111328,Random,112
P068_3_S08_C03,13173.0,2.142762,19.151333,1.7705867290496826,19.147653579711914,Random,112
P068_3_S08_C03,13760.0,2.07971,19.151333,1.5569841861724854,19.31820297241211,Random,112
P068_3_S08_C03,14355.0,1.946286,19.151333,1.3171875476837158,19.56815528869629,Random,112
P068_3_S08_C03,14946.0,1.726823,19.151333,1.0944994688034058,19.82206916809082,Random,112
P075_3_S19_C02,11570.0,2.370704,15.847142,2.3668458461761475,15.886991500854492,Random,112
P075_3_S19_C02,12177.0,2.368679,15.847142,2.354623556137085,15.906033515930176,Random,112
P075_3_S19_C02,12805.0,2.352887,15.847142,2.343188762664795,15.92473316192627,Random,112
P075_3_S19_C02,13422.0,2.34346,15.847142,2.332628011703491,15.941946983337402,Random,112
P075_3_S19_C02,14029.0,2.321794,15.847142,2.322939872741699,15.95705795288086,Random,112
P075_3_S19_C02,14646.0,2.31095,15.847142,2.314005136489868,15.970992088317871,Random,112
P075_3_S19_C02,15265.0,2.299708,15.847142,2.305694580078125,15.983722686767578,Random,112
P075_3_S19_C02,15885.0,2.292115,15.847142,2.298226833343506,15.9931001663208,Random,112
P075_3_S19_C02,17085.0,2.266778,15.847142,2.291898012161255,15.997312545776367,Random,112
P004_2_S04_C11,0.0,2.713909,16.717924,2.7157278060913086,16.822784423828125,Random,122
P004_2_S04_C11,0.0,2.70661,16.717924,2.711742639541626,16.844844818115234,Random,122
P004_2_S04_C11,0.0,2.701574,16.717924,2.7078945636749268,16.86538314819336,Random,122
P004_2_S04_C11,0.0,2.696484,16.717924,2.7042548656463623,16.884601593017578,Random,122
P004_2_S04_C11,0.0,2.692177,16.717924,2.7008306980133057,16.902585983276367,Random,122
P004_2_S04_C11,0.0,2.687612,16.717924,2.697603225708008,16.919401168823242,Random,122
P004_2_S04_C11,0.0,2.683562,16.717924,2.694556474685669,16.935096740722656,Random,122
P004_2_S04_C11,0.0,2.675552,16.717924,2.6916637420654297,16.949703216552734,Random,122
P004_2_S04_C11,0.0,2.673724,16.717924,2.6889004707336426,16.9632568359375,Random,122
P007_2_S09_C10,0.0,2.697726,17.456173,2.6984689235687256,17.466611862182617,Random,122
P007_2_S09_C10,0.0,2.691619,17.456173,2.6935231685638428,17.470975875854492,Random,122
P007_2_S09_C10,0.0,2.685932,17.456173,2.688978910446167,17.475923538208008,Random,122
P007_2_S09_C10,0.0,2.680738,17.456173,2.6848299503326416,17.481178283691406,Random,122
P007_2_S09_C10,0.0,2.675793,17.456173,2.6810455322265625,17.48668098449707,Random,122
P007_2_S09_C10,0.0,2.670531,17.456173,2.6775963306427,17.492374420166016,Random,122
P007_2_S09_C10,0.0,2.665572,17.456173,2.674455165863037,17.49820327758789,Random,122
P007_2_S09_C10,0.0,2.65702,17.456173,2.671537160873413,17.504331588745117,Random,122
P007_2_S09_C10,0.0,2.655033,17.456173,2.6687726974487305,17.510692596435547,Random,122
P011_1_S10_C11,0.0,2.674842,17.597092,2.675081491470337,17.654644012451172,Random,122
P011_1_S10_C11,0.0,2.668472,17.597092,2.669471502304077,17.66946792602539,Random,122
P011_1_S10_C11,0.0,2.662688,17.597092,2.664266347885132,17.68425941467285,Random,122
P011_1_S10_C11,0.0,2.657059,17.597092,2.6594796180725098,17.69887351989746,Random,122
P011_1_S10_C11,0.0,2.651241,17.597092,2.6550700664520264,17.712921142578125,Random,122
P011_1_S10_C11,0.0,2.645928,17.597092,2.650885820388794,17.725849151611328,Random,122
P011_1_S10_C11,0.0,2.640874,17.597092,2.646926164627075,17.738142013549805,Random,122
P011_1_S10_C11,0.0,2.632689,17.597092,2.643211841583252,17.749855041503906,Random,122
P011_1_S10_C11,0.0,2.628682,17.597092,2.6397407054901123,17.760995864868164,Random,122
P015_3_S17_C11,0.0,2.438477,16.595,2.492659568786621,16.43264389038086,Random,122
P015_3_S17_C11,0.0,2.410527,16.595,2.4808247089385986,16.42243003845215,Random,122
P015_3_S17_C11,0.0,2.372511,16.595,2.469882011413574,16.415327072143555,Random,122
P037_2_S06_C09,2249.0,2.303873,16.04656,2.3145971298217773,16.09214973449707,Random,122
P037_2_S06_C09,2379.0,2.287498,16.04656,2.2995195388793945,16.089214324951172,Random,122
P037_2_S06_C09,2515.0,2.269198,16.04656,2.2829222679138184,16.0858211517334,Random,122
P037_2_S06_C09,2650.0,2.253785,16.04656,2.2648463249206543,16.079835891723633,Random,122
P037_2_S06_C09,2784.0,2.2342,16.04656,2.2438769340515137,16.071176528930664,Random,122
P037_2_S06_C09,2920.0,2.205066,16.04656,2.215608596801758,16.060325622558594,Random,122
P037_2_S06_C09,3060.0,2.170108,16.04656,2.171154260635376,16.05609130859375,Random,122
P037_2_S06_C09,3202.0,2.116586,16.04656,2.0973117351531982,16.06772232055664,Random,122
P037_2_S06_C09,3488.0,1.997463,16.04656,1.9884068965911865,16.09339714050293,Random,122
P049_3_S15_C02,2152.0,2.500887,14.869667,2.5147228240966797,14.981011390686035,Random,122
P049_3_S15_C02,2271.0,2.493731,14.869667,2.5105948448181152,15.004621505737305,Random,122
P049_3_S15_C02,2395.0,2.485354,14.869667,2.506331205368042,15.02501106262207,Random,122
P049_3_S15_C02,2517.0,2.480364,14.869667,2.501891613006592,15.043291091918945,Random,122
P049_3_S15_C02,2637.0,2.471771,14.869667,2.497230291366577,15.059876441955566,Random,122
P049_3_S15_C02,2758.0,2.464056,14.869667,2.4923043251037598,15.075066566467285,Random,122
P049_3_S15_C02,2881.0,2.456818,14.869667,2.4870641231536865,15.089116096496582,Random,122
P049_3_S15_C02,3004.0,2.445937,14.869667,2.4814538955688477,15.10222339630127,Random,122
P049_3_S15_C02,3240.0,2.434579,14.869667,2.475273609161377,15.114274024963379,Random,122
P051_2_S11_C05,5504.0,1.854337,23.062,1.937830924987793,23.295820236206055,Random,122
P051_2_S11_C05,5858.0,1.706588,23.062,1.8428268432617188,23.313037872314453,Random,122
P051_2_S11_C05,6237.0,1.598978,23.062,1.705578327178955,23.3494873046875,Random,122
P063_3_S18_C05,5600.0,2.248487,15.905776,2.214372158050537,15.925498962402344,Random,122
P063_3_S18_C05,5918.0,2.201492,15.905776,2.173778772354126,15.947198867797852,Random,122
P063_3_S18_C05,6251.0,2.170797,15.905776,2.130986213684082,15.967586517333984,Random,122
P063_3_S18_C05,6580.0,2.14893,15.905776,2.085160732269287,15.991660118103027,Random,122
P063_3_S18_C05,6907.0,2.123314,15.905776,2.0301144123077393,16.02384376525879,Random,122
P063_3_S18_C05,7239.0,2.100496,15.905776,1.9605464935302734,16.061386108398438,Random,122
P063_3_S18_C05,7576.0,2.076689,15.905776,1.8818053007125854,16.092729568481445,Random,122
P063_3_S18_C05,7915.0,2.071696,15.905776,1.801148533821106,16.11431121826172,Random,122
P063_3_S18_C05,8572.0,2.025095,15.905776,1.7110064029693604,16.149845123291016,Random,122
P068_3_S08_C03,11370.0,2.187058,19.151333,2.15448260307312,18.964609146118164,Random,122
P068_3_S08_C03,11972.0,2.173376,19.151333,2.092360496520996,18.87823486328125,Random,122
P068_3_S08_C03,12578.0,2.16034,19.151333,1.999772548675537,18.802410125732422,Random,122
P068_3_S08_C03,13173.0,2.142762,19.151333,1.845451831817627,18.76677703857422,Random,122
P068_3_S08_C03,13760.0,2.07971,19.151333,1.6017450094223022,18.85500144958496,Random,122
P068_3_S08_C03,14355.0,1.946286,19.151333,1.2995507717132568,19.181312561035156,Random,122
P068_3_S08_C03,14946.0,1.726823,19.151333,1.0416078567504883,19.625329971313477,Random,122
P075_3_S19_C02,11570.0,2.370704,15.847142,2.3469274044036865,15.904848098754883,Random,122
P075_3_S19_C02,12177.0,2.368679,15.847142,2.3282017707824707,15.905956268310547,Random,122
P075_3_S19_C02,12805.0,2.352887,15.847142,2.3118085861206055,15.90760612487793,Random,122
P075_3_S19_C02,13422.0,2.34346,15.847142,2.2995190620422363,15.906854629516602,Random,122
P075_3_S19_C02,14029.0,2.321794,15.847142,2.2885987758636475,15.90857219696045,Random,122
P075_3_S19_C02,14646.0,2.31095,15.847142,2.2789716720581055,15.909733772277832,Random,122
P075_3_S19_C02,15265.0,2.299708,15.847142,2.270181655883789,15.910003662109375,Random,122
P075_3_S19_C02,15885.0,2.292115,15.847142,2.2622323036193848,15.909928321838379,Random,122
P075_3_S19_C02,17085.0,2.266778,15.847142,2.255101442337036,15.909223556518555,Random,122
P004_2_S04_C11,0.0,2.713909,16.717924,2.7227823734283447,16.872209548950195,Random,132
P004_2_S04_C11,0.0,2.70661,16.717924,2.7203190326690674,16.896474838256836,Random,132
P004_2_S04_C11,0.0,2.701574,16.717924,2.718001365661621,16.918983459472656,Random,132
P004_2_S04_C11,0.0,2.696484,16.717924,2.7157087326049805,16.939783096313477,Random,132
P004_2_S04_C11,0.0,2.692177,16.717924,2.713423013687134,16.959787368774414,Random,132
P004_2_S04_C11,0.0,2.687612,16.717924,2.711237668991089,16.980409622192383,Random,132
P004_2_S04_C11,0.0,2.683562,16.717924,2.7090518474578857,17.000925064086914,Random,132
P004_2_S04_C11,0.0,2.675552,16.717924,2.706876516342163,17.020816802978516,Random,132
P004_2_S04_C11,0.0,2.673724,16.717924,2.7046988010406494,17.040122985839844,Random,132
P007_2_S09_C10,0.0,2.697726,17.456173,2.7004997730255127,17.448883056640625,Random,132
P007_2_S09_C10,0.0,2.691619,17.456173,2.696211099624634,17.451190948486328,Random,132
P007_2_S09_C10,0.0,2.685932,17.456173,2.692355155944824,17.453998565673828,Random,132
P007_2_S09_C10,0.0,2.680738,17.456173,2.6888983249664307,17.45729637145996,Random,132
P007_2_S09_C10,0.0,2.675793,17.456173,2.6857993602752686,17.460805892944336,Random,132
P007_2_S09_C10,0.0,2.670531,17.456173,2.683004140853882,17.464841842651367,Random,132
P007_2_S09_C10,0.0,2.665572,17.456173,2.6804652214050293,17.46965980529785,Random,132
P007_2_S09_C10,0.0,2.65702,17.456173,2.6781609058380127,17.474929809570312,Random,132
P007_2_S09_C10,0.0,2.655033,17.456173,2.6760635375976562,17.480525970458984,Random,132
P011_1_S10_C11,0.0,2.674842,17.597092,2.6786246299743652,17.637121200561523,Random,132
P011_1_S10_C11,0.0,2.668472,17.597092,2.6745643615722656,17.64628028869629,Random,132
P011_1_S10_C11,0.0,2.662688,17.597092,2.6710474491119385,17.65523910522461,Random,132
P011_1_S10_C11,0.0,2.657059,17.597092,2.6680045127868652,17.664030075073242,Random,132
P011_1_S10_C11,0.0,2.651241,17.597092,2.665386915206909,17.672529220581055,Random,132
P011_1_S10_C11,0.0,2.645928,17.597092,2.6631269454956055,17.68082046508789,Random,132
P011_1_S10_C11,0.0,2.640874,17.597092,2.661196231842041,17.688926696777344,Random,132
P011_1_S10_C11,0.0,2.632689,17.597092,2.6595540046691895,17.696840286254883,Random,132
P011_1_S10_C11,0.0,2.628682,17.597092,2.6581621170043945,17.704553604125977,Random,132
P015_3_S17_C11,0.0,2.438477,16.595,2.4391424655914307,16.614784240722656,Random,132
P015_3_S17_C11,0.0,2.410527,16.595,2.3993163108825684,16.629776000976562,Random,132
P015_3_S17_C11,0.0,2.372511,16.595,2.3630142211914062,16.668550491333008,Random,132
P037_2_S06_C09,2249.0,2.303873,16.04656,2.3128881454467773,15.999155044555664,Random,132
P037_2_S06_C09,2379.0,2.287498,16.04656,2.294560670852661,15.986241340637207,Random,132
P037_2_S06_C09,2515.0,2.269198,16.04656,2.2745299339294434,15.975700378417969,Random,132
P037_2_S06_C09,2650.0,2.253785,16.04656,2.2521262168884277,15.96774959564209,Random,132
P037_2_S06_C09,2784.0,2.2342,16.04656,2.222712278366089,15.96521282196045,Random,132
P037_2_S06_C09,2920.0,2.205066,16.04656,2.184174060821533,15.970232963562012,Random,132
P037_2_S06_C09,3060.0,2.170108,16.04656,2.13466215133667,15.983019828796387,Random,132
P037_2_S06_C09,3202.0,2.116586,16.04656,2.0713093280792236,16.005706787109375,Random,132
P037_2_S06_C09,3488.0,1.997463,16.04656,1.990503191947937,16.03909683227539,Random,132
P049_3_S15_C02,2152.0,2.500887,14.869667,2.4971532821655273,14.78278636932373,Random,132
P049_3_S15_C02,2271.0,2.493731,14.869667,2.487172842025757,14.778039932250977,Random,132
P049_3_S15_C02,2395.0,2.485354,14.869667,2.4779856204986572,14.777430534362793,Random,132
P049_3_S15_C02,2517.0,2.480364,14.869667,2.4688994884490967,14.778579711914062,Random,132
P049_3_S15_C02,2637.0,2.471771,14.869667,2.459789276123047,14.781410217285156,Random,132
P049_3_S15_C02,2758.0,2.464056,14.869667,2.4511640071868896,14.785857200622559,Random,132
P049_3_S15_C02,2881.0,2.456818,14.869667,2.44283127784729,14.791278839111328,Random,132
P049_3_S15_C02,3004.0,2.445937,14.869667,2.4349374771118164,14.795754432678223,Random,132
P049_3_S15_C02,3240.0,2.434579,14.869667,2.4273762702941895,14.799722671508789,Random,132
P051_2_S11_C05,5504.0,1.854337,23.062,1.8858006000518799,23.535001754760742,Random,132
P051_2_S11_C05,5858.0,1.706588,23.062,1.743992567062378,23.582988739013672,Random,132
P051_2_S11_C05,6237.0,1.598978,23.062,1.5582305192947388,23.60719108581543,Random,132
P063_3_S18_C05,5600.0,2.248487,15.905776,2.2398390769958496,16.027971267700195,Random,132
P063_3_S18_C05,5918.0,2.201492,15.905776,2.213214159011841,16.028553009033203,Random,132
P063_3_S18_C05,6251.0,2.170797,15.905776,2.1841964721679688,16.01995849609375,Random,132
P063_3_S18_C05,6580.0,2.14893,15.905776,2.151578426361084,16.00775146484375,Random,132
P063_3_S18_C05,6907.0,2.123314,15.905776,2.1166839599609375,15.99227237701416,Random,132
P063_3_S18_C05,7239.0,2.100496,15.905776,2.0795342922210693,15.974348068237305,Random,132
P063_3_S18_C05,7576.0,2.076689,15.905776,2.0402185916900635,15.953605651855469,Random,132
P063_3_S18_C05,7915.0,2.071696,15.905776,1.9991521835327148,15.92648696899414,Random,132
P063_3_S18_C05,8572.0,2.025095,15.905776,1.95587158203125,15.901556015014648,Random,132
P068_3_S08_C03,11370.0,2.187058,19.151333,2.1185007095336914,19.203672409057617,Random,132
P068_3_S08_C03,11972.0,2.173376,19.151333,2.0284600257873535,19.226531982421875,Random,132
P068_3_S08_C03,12578.0,2.16034,19.151333,1.898656964302063,19.294708251953125,Random,132
P068_3_S08_C03,13173.0,2.142762,19.151333,1.7133420705795288,19.40326499938965,Random,132
P068_3_S08_C03,13760.0,2.07971,19.151333,1.4732379913330078,19.558202743530273,Random,132
P068_3_S08_C03,14355.0,1.946286,19.151333,1.1990472078323364,19.719633102416992,Random,132
P068_3_S08_C03,14946.0,1.726823,19.151333,0.938521146774292,19.888206481933594,Random,132
P075_3_S19_C02,11570.0,2.370704,15.847142,2.363585948944092,15.790915489196777,Random,132
P075_3_S19_C02,12177.0,2.368679,15.847142,2.3494765758514404,15.782571792602539,Random,132
P075_3_S19_C02,12805.0,2.352887,15.847142,2.336049795150757,15.775181770324707,Random,132
P075_3_S19_C02,13422.0,2.34346,15.847142,2.323481321334839,15.768634796142578,Random,132
P075_3_S19_C02,14029.0,2.321794,15.847142,2.3120381832122803,15.764487266540527,Random,132
P075_3_S19_C02,14646.0,2.31095,15.847142,2.3019840717315674,15.75957202911377,Random,132
P075_3_S19_C02,15265.0,2.299708,15.847142,2.29292368888855,15.755186080932617,Random,132
P075_3_S19_C02,15885.0,2.292115,15.847142,2.2847795486450195,15.751371383666992,Random,132
P075_3_S19_C02,17085.0,2.266778,15.847142,2.2774434089660645,15.747940063476562,Random,132
