cell_id,k_exp,seed,variant,Q_true,Re_true,Q_pred,Re_pred
P004_2_S04_C11,0.0,42,base4,2.713909,16.717924,2.575587272644043,17.065406799316406
P004_2_S04_C11,0.0,42,base4,2.70661,16.717924,2.5672731399536133,17.031625747680664
P004_2_S04_C11,0.0,42,base4,2.701574,16.717924,2.5563387870788574,16.97593116760254
P004_2_S04_C11,0.0,42,base4,2.696484,16.717924,2.54360032081604,16.901348114013672
P004_2_S04_C11,0.0,42,base4,2.692177,16.717924,2.5288567543029785,16.811132431030273
P004_2_S04_C11,0.0,42,base4,2.687612,16.717924,2.511000394821167,16.693830490112305
P004_2_S04_C11,0.0,42,base4,2.683562,16.717924,2.493223190307617,16.562644958496094
P004_2_S04_C11,0.0,42,base4,2.675552,16.717924,2.4751179218292236,16.429468154907227
P004_2_S04_C11,0.0,42,base4,2.673724,16.717924,2.4612863063812256,16.329547882080078
P007_2_S09_C10,0.0,42,base4,2.697726,17.456173,2.71125864982605,17.630800247192383
P007_2_S09_C10,0.0,42,base4,2.691619,17.456173,2.7086181640625,17.623056411743164
P007_2_S09_C10,0.0,42,base4,2.685932,17.456173,2.7059733867645264,17.615589141845703
P007_2_S09_C10,0.0,42,base4,2.680738,17.456173,2.703578233718872,17.60894775390625
P007_2_S09_C10,0.0,42,base4,2.675793,17.456173,2.7013721466064453,17.6027889251709
P007_2_S09_C10,0.0,42,base4,2.670531,17.456173,2.699315071105957,17.596927642822266
P007_2_S09_C10,0.0,42,base4,2.665572,17.456173,2.6973705291748047,17.59124183654785
P007_2_S09_C10,0.0,42,base4,2.65702,17.456173,2.6955246925354004,17.58570671081543
P007_2_S09_C10,0.0,42,base4,2.655033,17.456173,2.6937639713287354,17.580303192138672
P011_1_S10_C11,0.0,42,base4,2.674842,17.597092,2.701509714126587,17.606895446777344
P011_1_S10_C11,0.0,42,base4,2.668472,17.597092,2.6977295875549316,17.594900131225586
P011_1_S10_C11,0.0,42,base4,2.662688,17.597092,2.693709373474121,17.582080841064453
P011_1_S10_C11,0.0,42,base4,2.657059,17.597092,2.6899235248565674,17.569963455200195
P011_1_S10_C11,0.0,42,base4,2.651241,17.597092,2.686326742172241,17.558393478393555
P011_1_S10_C11,0.0,42,base4,2.645928,17.597092,2.6829121112823486,17.547344207763672
P011_1_S10_C11,0.0,42,base4,2.640874,17.597092,2.679635763168335,17.536685943603516
P011_1_S10_C11,0.0,42,base4,2.632689,17.597092,2.676485776901245,17.526384353637695
P011_1_S10_C11,0.0,42,base4,2.628682,17.597092,2.6734378337860107,17.516376495361328
P015_3_S17_C11,0.0,42,base4,2.438477,16.595,2.481679916381836,16.475900650024414
P015_3_S17_C11,0.0,42,base4,2.410527,16.595,2.465794801712036,16.3636531829834
P015_3_S17_C11,0.0,42,base4,2.372511,16.595,2.452749729156494,16.266048431396484
P037_2_S06_C09,2249.0,42,base4,2.303873,16.04656,2.3567841053009033,15.857691764831543
P037_2_S06_C09,2379.0,42,base4,2.287498,16.04656,2.3345558643341064,15.819523811340332
P037_2_S06_C09,2515.0,42,base4,2.269198,16.04656,2.3137528896331787,15.798065185546875
P037_2_S06_C09,2650.0,42,base4,2.253785,16.04656,2.2939612865448,15.79267692565918
P037_2_S06_C09,2784.0,42,base4,2.2342,16.04656,2.2747278213500977,15.802638053894043
P037_2_S06_C09,2920.0,42,base4,2.205066,16.04656,2.255692481994629,15.826165199279785
P037_2_S06_C09,3060.0,42,base4,2.170108,16.04656,2.2372124195098877,15.865337371826172
P037_2_S06_C09,3202.0,42,base4,2.116586,16.04656,2.2194137573242188,15.919577598571777
P037_2_S06_C09,3488.0,42,base4,1.997463,16.04656,2.202192544937134,15.987770080566406
P049_3_S15_C02,2152.0,42,base4,2.500887,14.869667,2.4005966186523438,15.562167167663574
P049_3_S15_C02,2271.0,42,base4,2.493731,14.869667,2.395603895187378,15.512837409973145
P049_3_S15_C02,2395.0,42,base4,2.485354,14.869667,2.390049457550049,15.462697982788086
P049_3_S15_C02,2517.0,42,base4,2.480364,14.869667,2.384408473968506,15.414021492004395
P049_3_S15_C02,2637.0,42,base4,2.471771,14.869667,2.378988742828369,15.367741584777832
P049_3_S15_C02,2758.0,42,base4,2.464056,14.869667,2.373884439468384,15.32470989227295
P049_3_S15_C02,2881.0,42,base4,2.456818,14.869667,2.3691353797912598,15.285810470581055
P049_3_S15_C02,3004.0,42,base4,2.445937,14.869667,2.364686965942383,15.250310897827148
P049_3_S15_C02,3240.0,42,base4,2.434579,14.869667,2.3603413105010986,15.2185640335083
P051_2_S11_C05,5504.0,42,base4,1.854337,23.062,1.824641227722168,22.858219146728516
P051_2_S11_C05,5858.0,42,base4,1.706588,23.062,1.8251662254333496,22.784557342529297
P051_2_S11_C05,6237.0,42,base4,1.598978,23.062,1.8259398937225342,22.71812629699707
P063_3_S18_C05,5600.0,42,base4,2.248487,15.905776,2.308098554611206,15.608115196228027
P063_3_S18_C05,5918.0,42,base4,2.201492,15.905776,2.285393238067627,15.605060577392578
P063_3_S18_C05,6251.0,42,base4,2.170797,15.905776,2.2643868923187256,15.616155624389648
P063_3_S18_C05,6580.0,42,base4,2.14893,15.905776,2.2448086738586426,15.64127254486084
P063_3_S18_C05,6907.0,42,base4,2.123314,15.905776,2.2261459827423096,15.676313400268555
P063_3_S18_C05,7239.0,42,base4,2.100496,15.905776,2.208484411239624,15.72276496887207
P063_3_S18_C05,7576.0,42,base4,2.076689,15.905776,2.1919443607330322,15.779093742370605
P063_3_S18_C05,7915.0,42,base4,2.071696,15.905776,2.176374673843384,15.84306526184082
P063_3_S18_C05,8572.0,42,base4,2.025095,15.905776,2.161738157272339,15.91486930847168
P068_3_S08_C03,11370.0,42,base4,2.187058,19.151333,1.9873969554901123,19.260801315307617
P068_3_S08_C03,11972.0,42,base4,2.173376,19.151333,1.9707876443862915,19.314664840698242
P068_3_S08_C03,12578.0,42,base4,2.16034,19.151333,1.9604727029800415,19.309234619140625
P068_3_S08_C03,13173.0,42,base4,2.142762,19.151333,1.9536930322647095,19.26995086669922
P068_3_S08_C03,13760.0,42,base4,2.07971,19.151333,1.948858618736267,19.21263885498047
P068_3_S08_C03,14355.0,42,base4,1.946286,19.151333,1.9455335140228271,19.148075103759766
P068_3_S08_C03,14946.0,42,base4,1.726823,19.151333,1.9433395862579346,19.080007553100586
P075_3_S19_C02,11570.0,42,base4,2.370704,15.847142,2.3487656116485596,15.470194816589355
P075_3_S19_C02,12177.0,42,base4,2.368679,15.847142,2.3288803100585938,15.407572746276855
P075_3_S19_C02,12805.0,42,base4,2.352887,15.847142,2.3082756996154785,15.375097274780273
P075_3_S19_C02,13422.0,42,base4,2.34346,15.847142,2.2881600856781006,15.362868309020996
P075_3_S19_C02,14029.0,42,base4,2.321794,15.847142,2.268602132797241,15.365138053894043
P075_3_S19_C02,14646.0,42,base4,2.31095,15.847142,2.249422311782837,15.380073547363281
P075_3_S19_C02,15265.0,42,base4,2.299708,15.847142,2.2305924892425537,15.405332565307617
P075_3_S19_C02,15885.0,42,base4,2.292115,15.847142,2.212096929550171,15.442055702209473
P075_3_S19_C02,17085.0,42,base4,2.266778,15.847142,2.1942977905273438,15.485458374023438
P004_2_S04_C11,0.0,42,base4_plus_stress,2.713909,16.717924,2.6525731086730957,17.478069305419922
P004_2_S04_C11,0.0,42,base4_plus_stress,2.70661,16.717924,2.6499969959259033,17.4727725982666
P004_2_S04_C11,0.0,42,base4_plus_stress,2.701574,16.717924,2.6470773220062256,17.46714210510254
P004_2_S04_C11,0.0,42,base4_plus_stress,2.696484,16.717924,2.6441454887390137,17.461652755737305
P004_2_S04_C11,0.0,42,base4_plus_stress,2.692177,16.717924,2.6411709785461426,17.456085205078125
P004_2_S04_C11,0.0,42,base4_plus_stress,2.687612,16.717924,2.6381332874298096,17.45060157775879
P004_2_S04_C11,0.0,42,base4_plus_stress,2.683562,16.717924,2.6350343227386475,17.444381713867188
P004_2_S04_C11,0.0,42,base4_plus_stress,2.675552,16.717924,2.6319234371185303,17.437604904174805
P004_2_S04_C11,0.0,42,base4_plus_stress,2.673724,16.717924,2.6288161277770996,17.429964065551758
P007_2_S09_C10,0.0,42,base4_plus_stress,2.697726,17.456173,2.7116940021514893,17.85848045349121
P007_2_S09_C10,0.0,42,base4_plus_stress,2.691619,17.456173,2.708449125289917,17.865446090698242
P007_2_S09_C10,0.0,42,base4_plus_stress,2.685932,17.456173,2.7048983573913574,17.876296997070312
P007_2_S09_C10,0.0,42,base4_plus_stress,2.680738,17.456173,2.7013912200927734,17.887575149536133
P007_2_S09_C10,0.0,42,base4_plus_stress,2.675793,17.456173,2.6979522705078125,17.898653030395508
P007_2_S09_C10,0.0,42,base4_plus_stress,2.670531,17.456173,2.694598436355591,17.909215927124023
P007_2_S09_C10,0.0,42,base4_plus_stress,2.665572,17.456173,2.691244602203369,17.91950035095215
P007_2_S09_C10,0.0,42,base4_plus_stress,2.65702,17.456173,2.687971830368042,17.92919921875
P007_2_S09_C10,0.0,42,base4_plus_stress,2.655033,17.456173,2.684797525405884,17.93827247619629
P011_1_S10_C11,0.0,42,base4_plus_stress,2.674842,17.597092,2.6704626083374023,17.904176712036133
P011_1_S10_C11,0.0,42,base4_plus_stress,2.668472,17.597092,2.6641881465911865,17.920242309570312
P011_1_S10_C11,0.0,42,base4_plus_stress,2.662688,17.597092,2.6578667163848877,17.940025329589844
P011_1_S10_C11,0.0,42,base4_plus_stress,2.657059,17.597092,2.6513376235961914,17.961366653442383
P011_1_S10_C11,0.0,42,base4_plus_stress,2.651241,17.597092,2.6446902751922607,17.983882904052734
P011_1_S10_C11,0.0,42,base4_plus_stress,2.645928,17.597092,2.6378324031829834,18.007875442504883
P011_1_S10_C11,0.0,42,base4_plus_stress,2.640874,17.597092,2.6308321952819824,18.032073974609375
P011_1_S10_C11,0.0,42,base4_plus_stress,2.632689,17.597092,2.6236824989318848,18.056442260742188
P011_1_S10_C11,0.0,42,base4_plus_stress,2.628682,17.597092,2.6163620948791504,18.081018447875977
P015_3_S17_C11,0.0,42,base4_plus_stress,2.438477,16.595,2.5765914916992188,17.238849639892578
P015_3_S17_C11,0.0,42,base4_plus_stress,2.410527,16.595,2.56581449508667,17.198383331298828
P015_3_S17_C11,0.0,42,base4_plus_stress,2.372511,16.595,2.5558218955993652,17.156322479248047
P037_2_S06_C09,2249.0,42,base4_plus_stress,2.303873,16.04656,2.314509391784668,15.812444686889648
P037_2_S06_C09,2379.0,42,base4_plus_stress,2.287498,16.04656,2.2967886924743652,15.792943954467773
P037_2_S06_C09,2515.0,42,base4_plus_stress,2.269198,16.04656,2.278904914855957,15.786589622497559
P037_2_S06_C09,2650.0,42,base4_plus_stress,2.253785,16.04656,2.260892391204834,15.790102005004883
P037_2_S06_C09,2784.0,42,base4_plus_stress,2.2342,16.04656,2.2427799701690674,15.803472518920898
P037_2_S06_C09,2920.0,42,base4_plus_stress,2.205066,16.04656,2.224726676940918,15.828004837036133
P037_2_S06_C09,3060.0,42,base4_plus_stress,2.170108,16.04656,2.206862688064575,15.863264083862305
P037_2_S06_C09,3202.0,42,base4_plus_stress,2.116586,16.04656,2.1892125606536865,15.907148361206055
P037_2_S06_C09,3488.0,42,base4_plus_stress,1.997463,16.04656,2.171726703643799,15.956949234008789
P049_3_S15_C02,2152.0,42,base4_plus_stress,2.500887,14.869667,2.393766403198242,15.642414093017578
P049_3_S15_C02,2271.0,42,base4_plus_stress,2.493731,14.869667,2.3901119232177734,15.602180480957031
P049_3_S15_C02,2395.0,42,base4_plus_stress,2.485354,14.869667,2.3862061500549316,15.561102867126465
P049_3_S15_C02,2517.0,42,base4_plus_stress,2.480364,14.869667,2.3820908069610596,15.519773483276367
P049_3_S15_C02,2637.0,42,base4_plus_stress,2.471771,14.869667,2.3778131008148193,15.480875015258789
P049_3_S15_C02,2758.0,42,base4_plus_stress,2.464056,14.869667,2.3733980655670166,15.44471549987793
P049_3_S15_C02,2881.0,42,base4_plus_stress,2.456818,14.869667,2.369293689727783,15.410968780517578
P049_3_S15_C02,3004.0,42,base4_plus_stress,2.445937,14.869667,2.364816188812256,15.381608009338379
P049_3_S15_C02,3240.0,42,base4_plus_stress,2.434579,14.869667,2.3605880737304688,15.354768753051758
P051_2_S11_C05,5504.0,42,base4_plus_stress,1.854337,23.062,1.8984853029251099,22.771358489990234
P051_2_S11_C05,5858.0,42,base4_plus_stress,1.706588,23.062,1.8976004123687744,22.748565673828125
P051_2_S11_C05,6237.0,42,base4_plus_stress,1.598978,23.062,1.897193193435669,22.725296020507812
P063_3_S18_C05,5600.0,42,base4_plus_stress,2.248487,15.905776,2.2774972915649414,15.650022506713867
P063_3_S18_C05,5918.0,42,base4_plus_stress,2.201492,15.905776,2.2578420639038086,15.656098365783691
P063_3_S18_C05,6251.0,42,base4_plus_stress,2.170797,15.905776,2.2385523319244385,15.673243522644043
P063_3_S18_C05,6580.0,42,base4_plus_stress,2.14893,15.905776,2.21944522857666,15.699020385742188
P063_3_S18_C05,6907.0,42,base4_plus_stress,2.123314,15.905776,2.200711965560913,15.735809326171875
P063_3_S18_C05,7239.0,42,base4_plus_stress,2.100496,15.905776,2.1823067665100098,15.780781745910645
P063_3_S18_C05,7576.0,42,base4_plus_stress,2.076689,15.905776,2.1643877029418945,15.833118438720703
P063_3_S18_C05,7915.0,42,base4_plus_stress,2.071696,15.905776,2.146926164627075,15.889707565307617
P063_3_S18_C05,8572.0,42,base4_plus_stress,2.025095,15.905776,2.130162477493286,15.94809627532959
P068_3_S08_C03,11370.0,42,base4_plus_stress,2.187058,19.151333,1.9837446212768555,18.830795288085938
P068_3_S08_C03,11972.0,42,base4_plus_stress,2.173376,19.151333,1.9709559679031372,18.74260902404785
P068_3_S08_C03,12578.0,42,base4_plus_stress,2.16034,19.151333,1.9606282711029053,18.668426513671875
P068_3_S08_C03,13173.0,42,base4_plus_stress,2.142762,19.151333,1.9523084163665771,18.60434913635254
P068_3_S08_C03,13760.0,42,base4_plus_stress,2.07971,19.151333,1.9456870555877686,18.543506622314453
P068_3_S08_C03,14355.0,42,base4_plus_stress,1.946286,19.151333,1.940763235092163,18.48137664794922
P068_3_S08_C03,14946.0,42,base4_plus_stress,1.726823,19.151333,1.9368770122528076,18.41626739501953
P075_3_S19_C02,11570.0,42,base4_plus_stress,2.370704,15.847142,2.3385491371154785,15.541728019714355
P075_3_S19_C02,12177.0,42,base4_plus_stress,2.368679,15.847142,2.322767734527588,15.494056701660156
P075_3_S19_C02,12805.0,42,base4_plus_stress,2.352887,15.847142,2.3054070472717285,15.464797973632812
P075_3_S19_C02,13422.0,42,base4_plus_stress,2.34346,15.847142,2.287212371826172,15.448230743408203
P075_3_S19_C02,14029.0,42,base4_plus_stress,2.321794,15.847142,2.268516778945923,15.451467514038086
P075_3_S19_C02,14646.0,42,base4_plus_stress,2.31095,15.847142,2.2493491172790527,15.468355178833008
P075_3_S19_C02,15265.0,42,base4_plus_stress,2.299708,15.847142,2.229612112045288,15.494736671447754
P075_3_S19_C02,15885.0,42,base4_plus_stress,2.292115,15.847142,2.2093143463134766,15.530646324157715
P075_3_S19_C02,17085.0,42,base4_plus_stress,2.266778,15.847142,2.188828945159912,15.575878143310547
P004_2_S04_C11,0.0,52,base4,2.713909,16.717924,2.6482789516448975,16.618629455566406
P004_2_S04_C11,0.0,52,base4,2.70661,16.717924,2.6411449909210205,16.57874298095703
P004_2_S04_C11,0.0,52,base4,2.701574,16.717924,2.631317615509033,16.520172119140625
P004_2_S04_C11,0.0,52,base4,2.696484,16.717924,2.620633602142334,16.46099281311035
P004_2_S04_C11,0.0,52,base4,2.692177,16.717924,2.6084325313568115,16.39293670654297
P004_2_S04_C11,0.0,52,base4,2.687612,16.717924,2.596181869506836,16.31903839111328
P004_2_S04_C11,0.0,52,base4,2.683562,16.717924,2.584540367126465,16.25026512145996
P004_2_S04_C11,0.0,52,base4,2.675552,16.717924,2.5731585025787354,16.186532974243164
P004_2_S04_C11,0.0,52,base4,2.673724,16.717924,2.562330961227417,16.12726593017578
P007_2_S09_C10,0.0,52,base4,2.697726,17.456173,2.710007429122925,17.554685592651367
P007_2_S09_C10,0.0,52,base4,2.691619,17.456173,2.7080471515655518,17.557092666625977
P007_2_S09_C10,0.0,52,base4,2.685932,17.456173,2.706270694732666,17.556711196899414
P007_2_S09_C10,0.0,52,base4,2.680738,17.456173,2.7046217918395996,17.557390213012695
P007_2_S09_C10,0.0,52,base4,2.675793,17.456173,2.7031285762786865,17.55870246887207
P007_2_S09_C10,0.0,52,base4,2.670531,17.456173,2.7017767429351807,17.56047821044922
P007_2_S09_C10,0.0,52,base4,2.665572,17.456173,2.700570583343506,17.562437057495117
P007_2_S09_C10,0.0,52,base4,2.65702,17.456173,2.699496030807495,17.564483642578125
P007_2_S09_C10,0.0,52,base4,2.655033,17.456173,2.698537826538086,17.566556930541992
P011_1_S10_C11,0.0,52,base4,2.674842,17.597092,2.6953766345977783,17.577468872070312
P011_1_S10_C11,0.0,52,base4,2.668472,17.597092,2.6926138401031494,17.580163955688477
P011_1_S10_C11,0.0,52,base4,2.662688,17.597092,2.6903786659240723,17.57645606994629
P011_1_S10_C11,0.0,52,base4,2.657059,17.597092,2.688448905944824,17.572771072387695
P011_1_S10_C11,0.0,52,base4,2.651241,17.597092,2.6867623329162598,17.56920623779297
P011_1_S10_C11,0.0,52,base4,2.645928,17.597092,2.6852784156799316,17.565826416015625
P011_1_S10_C11,0.0,52,base4,2.640874,17.597092,2.683969497680664,17.562559127807617
P011_1_S10_C11,0.0,52,base4,2.632689,17.597092,2.6828107833862305,17.55940818786621
P011_1_S10_C11,0.0,52,base4,2.628682,17.597092,2.681779623031616,17.55634880065918
P015_3_S17_C11,0.0,52,base4,2.438477,16.595,2.5494863986968994,16.11941909790039
P015_3_S17_C11,0.0,52,base4,2.410527,16.595,2.537914991378784,16.06654167175293
P015_3_S17_C11,0.0,52,base4,2.372511,16.595,2.527916193008423,16.012466430664062
P037_2_S06_C09,2249.0,52,base4,2.303873,16.04656,2.333305835723877,15.900927543640137
P037_2_S06_C09,2379.0,52,base4,2.287498,16.04656,2.309473752975464,15.896928787231445
P037_2_S06_C09,2515.0,52,base4,2.269198,16.04656,2.2855637073516846,15.906376838684082
P037_2_S06_C09,2650.0,52,base4,2.253785,16.04656,2.2607743740081787,15.931681632995605
P037_2_S06_C09,2784.0,52,base4,2.2342,16.04656,2.2356996536254883,15.963460922241211
P037_2_S06_C09,2920.0,52,base4,2.205066,16.04656,2.2110583782196045,15.996665954589844
P037_2_S06_C09,3060.0,52,base4,2.170108,16.04656,2.1873464584350586,16.02861976623535
P037_2_S06_C09,3202.0,52,base4,2.116586,16.04656,2.16546630859375,16.055641174316406
P037_2_S06_C09,3488.0,52,base4,1.997463,16.04656,2.1451258659362793,16.079343795776367
P049_3_S15_C02,2152.0,52,base4,2.500887,14.869667,2.487320899963379,15.443168640136719
P049_3_S15_C02,2271.0,52,base4,2.493731,14.869667,2.483107089996338,15.424421310424805
P049_3_S15_C02,2395.0,52,base4,2.485354,14.869667,2.4789059162139893,15.408339500427246
P049_3_S15_C02,2517.0,52,base4,2.480364,14.869667,2.474938154220581,15.39460563659668
P049_3_S15_C02,2637.0,52,base4,2.471771,14.869667,2.4712612628936768,15.38255786895752
P049_3_S15_C02,2758.0,52,base4,2.464056,14.869667,2.4678852558135986,15.372016906738281
P049_3_S15_C02,2881.0,52,base4,2.456818,14.869667,2.4647815227508545,15.362571716308594
P049_3_S15_C02,3004.0,52,base4,2.445937,14.869667,2.461919069290161,15.353922843933105
P049_3_S15_C02,3240.0,52,base4,2.434579,14.869667,2.45927357673645,15.345932960510254
P051_2_S11_C05,5504.0,52,base4,1.854337,23.062,1.8487157821655273,22.030418395996094
P051_2_S11_C05,5858.0,52,base4,1.706588,23.062,1.8460438251495361,22.038530349731445
P051_2_S11_C05,6237.0,52,base4,1.598978,23.062,1.8443351984024048,22.042402267456055
P063_3_S18_C05,5600.0,52,base4,2.248487,15.905776,2.3113553524017334,15.712637901306152
P063_3_S18_C05,5918.0,52,base4,2.201492,15.905776,2.28680157661438,15.726011276245117
P063_3_S18_C05,6251.0,52,base4,2.170797,15.905776,2.2626729011535645,15.75071907043457
P063_3_S18_C05,6580.0,52,base4,2.14893,15.905776,2.238276243209839,15.788298606872559
P063_3_S18_C05,6907.0,52,base4,2.123314,15.905776,2.2138681411743164,15.829866409301758
P063_3_S18_C05,7239.0,52,base4,2.100496,15.905776,2.1902120113372803,15.870518684387207
P063_3_S18_C05,7576.0,52,base4,2.076689,15.905776,2.168069839477539,15.906214714050293
P063_3_S18_C05,7915.0,52,base4,2.071696,15.905776,2.1478397846221924,15.93498706817627
P063_3_S18_C05,8572.0,52,base4,2.025095,15.905776,2.1297130584716797,15.95785903930664
P068_3_S08_C03,11370.0,52,base4,2.187058,19.151333,1.9063059091567993,21.21524429321289
P068_3_S08_C03,11972.0,52,base4,2.173376,19.151333,1.8872871398925781,21.38774871826172
P068_3_S08_C03,12578.0,52,base4,2.16034,19.151333,1.873401403427124,21.489768981933594
P068_3_S08_C03,13173.0,52,base4,2.142762,19.151333,1.862810492515564,21.566904067993164
P068_3_S08_C03,13760.0,52,base4,2.07971,19.151333,1.8548877239227295,21.6220703125
P068_3_S08_C03,14355.0,52,base4,1.946286,19.151333,1.8490629196166992,21.66155433654785
P068_3_S08_C03,14946.0,52,base4,1.726823,19.151333,1.8448817729949951,21.68915557861328
P075_3_S19_C02,11570.0,52,base4,2.370704,15.847142,2.3932454586029053,15.53507137298584
P075_3_S19_C02,12177.0,52,base4,2.368679,15.847142,2.374713182449341,15.50976276397705
P075_3_S19_C02,12805.0,52,base4,2.352887,15.847142,2.356095552444458,15.496468544006348
P075_3_S19_C02,13422.0,52,base4,2.34346,15.847142,2.3374714851379395,15.49144458770752
P075_3_S19_C02,14029.0,52,base4,2.321794,15.847142,2.318998336791992,15.494068145751953
P075_3_S19_C02,14646.0,52,base4,2.31095,15.847142,2.298849105834961,15.50701904296875
P075_3_S19_C02,15265.0,52,base4,2.299708,15.847142,2.277708053588867,15.526165962219238
P075_3_S19_C02,15885.0,52,base4,2.292115,15.847142,2.2548959255218506,15.554763793945312
P075_3_S19_C02,17085.0,52,base4,2.266778,15.847142,2.2311041355133057,15.594073295593262
P004_2_S04_C11,0.0,52,base4_plus_stress,2.713909,16.717924,2.598820209503174,17.06833839416504
P004_2_S04_C11,0.0,52,base4_plus_stress,2.70661,16.717924,2.596132755279541,17.061735153198242
P004_2_S04_C11,0.0,52,base4_plus_stress,2.701574,16.717924,2.592412233352661,17.05196189880371
P004_2_S04_C11,0.0,52,base4_plus_stress,2.696484,16.717924,2.588397741317749,17.041061401367188
P004_2_S04_C11,0.0,52,base4_plus_stress,2.692177,16.717924,2.5842292308807373,17.0294189453125
P004_2_S04_C11,0.0,52,base4_plus_stress,2.687612,16.717924,2.5800483226776123,17.017404556274414
P004_2_S04_C11,0.0,52,base4_plus_stress,2.683562,16.717924,2.5757670402526855,17.005098342895508
P004_2_S04_C11,0.0,52,base4_plus_stress,2.675552,16.717924,2.5714526176452637,16.99199104309082
P004_2_S04_C11,0.0,52,base4_plus_stress,2.673724,16.717924,2.5671370029449463,16.977863311767578
P007_2_S09_C10,0.0,52,base4_plus_stress,2.697726,17.456173,2.661374092102051,17.677616119384766
P007_2_S09_C10,0.0,52,base4_plus_stress,2.691619,17.456173,2.6607723236083984,17.69476890563965
P007_2_S09_C10,0.0,52,base4_plus_stress,2.685932,17.456173,2.659853219985962,17.708959579467773
P007_2_S09_C10,0.0,52,base4_plus_stress,2.680738,17.456173,2.658996820449829,17.725400924682617
P007_2_S09_C10,0.0,52,base4_plus_stress,2.675793,17.456173,2.658313274383545,17.743135452270508
P007_2_S09_C10,0.0,52,base4_plus_stress,2.670531,17.456173,2.6577870845794678,17.761531829833984
P007_2_S09_C10,0.0,52,base4_plus_stress,2.665572,17.456173,2.6573894023895264,17.780380249023438
P007_2_S09_C10,0.0,52,base4_plus_stress,2.65702,17.456173,2.6571106910705566,17.79962158203125
P007_2_S09_C10,0.0,52,base4_plus_stress,2.655033,17.456173,2.656888246536255,17.819124221801758
P011_1_S10_C11,0.0,52,base4_plus_stress,2.674842,17.597092,2.6486124992370605,17.678197860717773
P011_1_S10_C11,0.0,52,base4_plus_stress,2.668472,17.597092,2.6476969718933105,17.697275161743164
P011_1_S10_C11,0.0,52,base4_plus_stress,2.662688,17.597092,2.646327018737793,17.70895004272461
P011_1_S10_C11,0.0,52,base4_plus_stress,2.657059,17.597092,2.6450254917144775,17.7216796875
P011_1_S10_C11,0.0,52,base4_plus_stress,2.651241,17.597092,2.6438286304473877,17.73542022705078
P011_1_S10_C11,0.0,52,base4_plus_stress,2.645928,17.597092,2.6426007747650146,17.750640869140625
P011_1_S10_C11,0.0,52,base4_plus_stress,2.640874,17.597092,2.6415367126464844,17.76589584350586
P011_1_S10_C11,0.0,52,base4_plus_stress,2.632689,17.597092,2.6405773162841797,17.781848907470703
P011_1_S10_C11,0.0,52,base4_plus_stress,2.628682,17.597092,2.6397879123687744,17.797103881835938
P015_3_S17_C11,0.0,52,base4_plus_stress,2.438477,16.595,2.541015863418579,16.860363006591797
P015_3_S17_C11,0.0,52,base4_plus_stress,2.410527,16.595,2.532660484313965,16.825944900512695
P015_3_S17_C11,0.0,52,base4_plus_stress,2.372511,16.595,2.52457594871521,16.79496955871582
P037_2_S06_C09,2249.0,52,base4_plus_stress,2.303873,16.04656,2.310790777206421,15.755172729492188
P037_2_S06_C09,2379.0,52,base4_plus_stress,2.287498,16.04656,2.2920262813568115,15.711881637573242
P037_2_S06_C09,2515.0,52,base4_plus_stress,2.269198,16.04656,2.2727112770080566,15.68787956237793
P037_2_S06_C09,2650.0,52,base4_plus_stress,2.253785,16.04656,2.253007173538208,15.676815032958984
P037_2_S06_C09,2784.0,52,base4_plus_stress,2.2342,16.04656,2.232758045196533,15.678566932678223
P037_2_S06_C09,2920.0,52,base4_plus_stress,2.205066,16.04656,2.2121405601501465,15.694540977478027
P037_2_S06_C09,3060.0,52,base4_plus_stress,2.170108,16.04656,2.191370725631714,15.724167823791504
P037_2_S06_C09,3202.0,52,base4_plus_stress,2.116586,16.04656,2.1707935333251953,15.762375831604004
P037_2_S06_C09,3488.0,52,base4_plus_stress,1.997463,16.04656,2.151219367980957,15.80207633972168
P049_3_S15_C02,2152.0,52,base4_plus_stress,2.500887,14.869667,2.4016551971435547,15.901460647583008
P049_3_S15_C02,2271.0,52,base4_plus_stress,2.493731,14.869667,2.3966591358184814,15.864303588867188
P049_3_S15_C02,2395.0,52,base4_plus_stress,2.485354,14.869667,2.3916850090026855,15.82907485961914
P049_3_S15_C02,2517.0,52,base4_plus_stress,2.480364,14.869667,2.387068271636963,15.79219913482666
P049_3_S15_C02,2637.0,52,base4_plus_stress,2.471771,14.869667,2.382620096206665,15.756145477294922
P049_3_S15_C02,2758.0,52,base4_plus_stress,2.464056,14.869667,2.378368616104126,15.721885681152344
P049_3_S15_C02,2881.0,52,base4_plus_stress,2.456818,14.869667,2.374375343322754,15.689799308776855
P049_3_S15_C02,3004.0,52,base4_plus_stress,2.445937,14.869667,2.370661735534668,15.660039901733398
P049_3_S15_C02,3240.0,52,base4_plus_stress,2.434579,14.869667,2.367236614227295,15.63318157196045
P051_2_S11_C05,5504.0,52,base4_plus_stress,1.854337,23.062,1.913726806640625,21.72770881652832
P051_2_S11_C05,5858.0,52,base4_plus_stress,1.706588,23.062,1.9126266241073608,21.724945068359375
P051_2_S11_C05,6237.0,52,base4_plus_stress,1.598978,23.062,1.9117977619171143,21.722341537475586
P063_3_S18_C05,5600.0,52,base4_plus_stress,2.248487,15.905776,2.288034677505493,15.605507850646973
P063_3_S18_C05,5918.0,52,base4_plus_stress,2.201492,15.905776,2.2683420181274414,15.579874038696289
P063_3_S18_C05,6251.0,52,base4_plus_stress,2.170797,15.905776,2.2479054927825928,15.573463439941406
P063_3_S18_C05,6580.0,52,base4_plus_stress,2.14893,15.905776,2.2268571853637695,15.581954002380371
P063_3_S18_C05,6907.0,52,base4_plus_stress,2.123314,15.905776,2.2059102058410645,15.599252700805664
P063_3_S18_C05,7239.0,52,base4_plus_stress,2.100496,15.905776,2.1843132972717285,15.63622760772705
P063_3_S18_C05,7576.0,52,base4_plus_stress,2.076689,15.905776,2.163295030593872,15.679417610168457
P063_3_S18_C05,7915.0,52,base4_plus_stress,2.071696,15.905776,2.1429989337921143,15.725921630859375
P063_3_S18_C05,8572.0,52,base4_plus_stress,2.025095,15.905776,2.1249797344207764,15.769647598266602
P068_3_S08_C03,11370.0,52,base4_plus_stress,2.187058,19.151333,1.9112273454666138,21.510271072387695
P068_3_S08_C03,11972.0,52,base4_plus_stress,2.173376,19.151333,1.9065752029418945,21.55605697631836
P068_3_S08_C03,12578.0,52,base4_plus_stress,2.16034,19.151333,1.9037327766418457,21.576885223388672
P068_3_S08_C03,13173.0,52,base4_plus_stress,2.142762,19.151333,1.9018526077270508,21.590412139892578
P068_3_S08_C03,13760.0,52,base4_plus_stress,2.07971,19.151333,1.900570273399353,21.599281311035156
P068_3_S08_C03,14355.0,52,base4_plus_stress,1.946286,19.151333,1.8996570110321045,21.605411529541016
P068_3_S08_C03,14946.0,52,base4_plus_stress,1.726823,19.151333,1.8989832401275635,21.609495162963867
P075_3_S19_C02,11570.0,52,base4_plus_stress,2.370704,15.847142,2.33988881111145,15.665597915649414
P075_3_S19_C02,12177.0,52,base4_plus_stress,2.368679,15.847142,2.3243257999420166,15.596647262573242
P075_3_S19_C02,12805.0,52,base4_plus_stress,2.352887,15.847142,2.3082165718078613,15.543277740478516
P075_3_S19_C02,13422.0,52,base4_plus_stress,2.34346,15.847142,2.2909364700317383,15.504965782165527
P075_3_S19_C02,14029.0,52,base4_plus_stress,2.321794,15.847142,2.272838830947876,15.482258796691895
P075_3_S19_C02,14646.0,52,base4_plus_stress,2.31095,15.847142,2.2531418800354004,15.474164962768555
P075_3_S19_C02,15265.0,52,base4_plus_stress,2.299708,15.847142,2.231271743774414,15.482573509216309
P075_3_S19_C02,15885.0,52,base4_plus_stress,2.292115,15.847142,2.2077929973602295,15.505340576171875
P075_3_S19_C02,17085.0,52,base4_plus_stress,2.266778,15.847142,2.183795928955078,15.540303230285645
P004_2_S04_C11,0.0,62,base4,2.713909,16.717924,2.6092541217803955,17.154560089111328
P004_2_S04_C11,0.0,62,base4,2.70661,16.717924,2.6048707962036133,17.124277114868164
P004_2_S04_C11,0.0,62,base4,2.701574,16.717924,2.5985119342803955,17.079439163208008
P004_2_S04_C11,0.0,62,base4,2.696484,16.717924,2.5918099880218506,17.03162956237793
P004_2_S04_C11,0.0,62,base4,2.692177,16.717924,2.5842092037200928,16.974166870117188
P004_2_S04_C11,0.0,62,base4,2.687612,16.717924,2.5754690170288086,16.90863609313965
P004_2_S04_C11,0.0,62,base4,2.683562,16.717924,2.5657527446746826,16.837146759033203
P004_2_S04_C11,0.0,62,base4,2.675552,16.717924,2.5556185245513916,16.760440826416016
P004_2_S04_C11,0.0,62,base4,2.673724,16.717924,2.5447657108306885,16.675312042236328
P007_2_S09_C10,0.0,62,base4,2.697726,17.456173,2.689371109008789,17.857614517211914
P007_2_S09_C10,0.0,62,base4,2.691619,17.456173,2.688340425491333,17.85549545288086
P007_2_S09_C10,0.0,62,base4,2.685932,17.456173,2.6872470378875732,17.854711532592773
P007_2_S09_C10,0.0,62,base4,2.680738,17.456173,2.686298370361328,17.855716705322266
P007_2_S09_C10,0.0,62,base4,2.675793,17.456173,2.6854913234710693,17.857587814331055
P007_2_S09_C10,0.0,62,base4,2.670531,17.456173,2.684813976287842,17.859743118286133
P007_2_S09_C10,0.0,62,base4,2.665572,17.456173,2.68424391746521,17.861900329589844
P007_2_S09_C10,0.0,62,base4,2.65702,17.456173,2.6837661266326904,17.863922119140625
P007_2_S09_C10,0.0,62,base4,2.655033,17.456173,2.6833431720733643,17.86592674255371
P011_1_S10_C11,0.0,62,base4,2.674842,17.597092,2.681440591812134,17.81999969482422
P011_1_S10_C11,0.0,62,base4,2.668472,17.597092,2.679938793182373,17.813596725463867
P011_1_S10_C11,0.0,62,base4,2.662688,17.597092,2.678288698196411,17.806758880615234
P011_1_S10_C11,0.0,62,base4,2.657059,17.597092,2.6768109798431396,17.801219940185547
P011_1_S10_C11,0.0,62,base4,2.651241,17.597092,2.6754837036132812,17.79646110534668
P011_1_S10_C11,0.0,62,base4,2.645928,17.597092,2.674295425415039,17.79222297668457
P011_1_S10_C11,0.0,62,base4,2.640874,17.597092,2.673222541809082,17.78827476501465
P011_1_S10_C11,0.0,62,base4,2.632689,17.597092,2.672253131866455,17.78453254699707
P011_1_S10_C11,0.0,62,base4,2.628682,17.597092,2.6713712215423584,17.780925750732422
P015_3_S17_C11,0.0,62,base4,2.438477,16.595,2.5365383625030518,16.60723114013672
P015_3_S17_C11,0.0,62,base4,2.410527,16.595,2.5235064029693604,16.506547927856445
P015_3_S17_C11,0.0,62,base4,2.372511,16.595,2.510716199874878,16.409992218017578
P037_2_S06_C09,2249.0,62,base4,2.303873,16.04656,2.34800386428833,15.86239242553711
P037_2_S06_C09,2379.0,62,base4,2.287498,16.04656,2.3235340118408203,15.843250274658203
P037_2_S06_C09,2515.0,62,base4,2.269198,16.04656,2.297990083694458,15.869891166687012
P037_2_S06_C09,2650.0,62,base4,2.253785,16.04656,2.2727210521698,15.916712760925293
P037_2_S06_C09,2784.0,62,base4,2.2342,16.04656,2.246239185333252,15.988369941711426
P037_2_S06_C09,2920.0,62,base4,2.205066,16.04656,2.2212929725646973,16.0721378326416
P037_2_S06_C09,3060.0,62,base4,2.170108,16.04656,2.1978747844696045,16.157188415527344
P037_2_S06_C09,3202.0,62,base4,2.116586,16.04656,2.174774408340454,16.247934341430664
P037_2_S06_C09,3488.0,62,base4,1.997463,16.04656,2.1536803245544434,16.33342170715332
P049_3_S15_C02,2152.0,62,base4,2.500887,14.869667,2.419074535369873,15.580793380737305
P049_3_S15_C02,2271.0,62,base4,2.493731,14.869667,2.413494348526001,15.542604446411133
P049_3_S15_C02,2395.0,62,base4,2.485354,14.869667,2.407623052597046,15.505447387695312
P049_3_S15_C02,2517.0,62,base4,2.480364,14.869667,2.4019453525543213,15.471138000488281
P049_3_S15_C02,2637.0,62,base4,2.471771,14.869667,2.3958451747894287,15.440590858459473
P049_3_S15_C02,2758.0,62,base4,2.464056,14.869667,2.389625310897827,15.412778854370117
P049_3_S15_C02,2881.0,62,base4,2.456818,14.869667,2.3836758136749268,15.387529373168945
P049_3_S15_C02,3004.0,62,base4,2.445937,14.869667,2.3778326511383057,15.365100860595703
P049_3_S15_C02,3240.0,62,base4,2.434579,14.869667,2.3724429607391357,15.346151351928711
P051_2_S11_C05,5504.0,62,base4,1.854337,23.062,1.8780298233032227,22.281999588012695
P051_2_S11_C05,5858.0,62,base4,1.706588,23.062,1.8808212280273438,22.130104064941406
P051_2_S11_C05,6237.0,62,base4,1.598978,23.062,1.883351445198059,22.01766014099121
P063_3_S18_C05,5600.0,62,base4,2.248487,15.905776,2.3118767738342285,15.66421890258789
P063_3_S18_C05,5918.0,62,base4,2.201492,15.905776,2.2853856086730957,15.692161560058594
P063_3_S18_C05,6251.0,62,base4,2.170797,15.905776,2.2597055435180664,15.747937202453613
P063_3_S18_C05,6580.0,62,base4,2.14893,15.905776,2.2344818115234375,15.818755149841309
P063_3_S18_C05,6907.0,62,base4,2.123314,15.905776,2.209750175476074,15.904912948608398
P063_3_S18_C05,7239.0,62,base4,2.100496,15.905776,2.187006950378418,15.991521835327148
P063_3_S18_C05,7576.0,62,base4,2.076689,15.905776,2.165893793106079,16.075214385986328
P063_3_S18_C05,7915.0,62,base4,2.071696,15.905776,2.1463725566864014,16.154891967773438
P063_3_S18_C05,8572.0,62,base4,2.025095,15.905776,2.128854990005493,16.226390838623047
P068_3_S08_C03,11370.0,62,base4,2.187058,19.151333,1.9901823997497559,19.059049606323242
P068_3_S08_C03,11972.0,62,base4,2.173376,19.151333,1.973320722579956,19.06805419921875
P068_3_S08_C03,12578.0,62,base4,2.16034,19.151333,1.962862491607666,19.029233932495117
P068_3_S08_C03,13173.0,62,base4,2.142762,19.151333,1.9558563232421875,18.984819412231445
P068_3_S08_C03,13760.0,62,base4,2.07971,19.151333,1.951033115386963,18.937713623046875
P068_3_S08_C03,14355.0,62,base4,1.946286,19.151333,1.9476009607315063,18.889238357543945
P068_3_S08_C03,14946.0,62,base4,1.726823,19.151333,1.9451535940170288,18.839128494262695
P075_3_S19_C02,11570.0,62,base4,2.370704,15.847142,2.362168073654175,15.566862106323242
P075_3_S19_C02,12177.0,62,base4,2.368679,15.847142,2.3411495685577393,15.509516716003418
P075_3_S19_C02,12805.0,62,base4,2.352887,15.847142,2.32023549079895,15.477181434631348
P075_3_S19_C02,13422.0,62,base4,2.34346,15.847142,2.3001906871795654,15.462939262390137
P075_3_S19_C02,14029.0,62,base4,2.321794,15.847142,2.2796261310577393,15.468875885009766
P075_3_S19_C02,14646.0,62,base4,2.31095,15.847142,2.2569973468780518,15.514280319213867
P075_3_S19_C02,15265.0,62,base4,2.299708,15.847142,2.2343544960021973,15.573678970336914
P075_3_S19_C02,15885.0,62,base4,2.292115,15.847142,2.211491823196411,15.6422700881958
P075_3_S19_C02,17085.0,62,base4,2.266778,15.847142,2.1884102821350098,15.724401473999023
P004_2_S04_C11,0.0,62,base4_plus_stress,2.713909,16.717924,2.6722428798675537,17.54209327697754
P004_2_S04_C11,0.0,62,base4_plus_stress,2.70661,16.717924,2.6725375652313232,17.54448127746582
P004_2_S04_C11,0.0,62,base4_plus_stress,2.701574,16.717924,2.67226505279541,17.54604721069336
P004_2_S04_C11,0.0,62,base4_plus_stress,2.696484,16.717924,2.6723289489746094,17.548755645751953
P004_2_S04_C11,0.0,62,base4_plus_stress,2.692177,16.717924,2.672658681869507,17.55208396911621
P004_2_S04_C11,0.0,62,base4_plus_stress,2.687612,16.717924,2.6731927394866943,17.555660247802734
P004_2_S04_C11,0.0,62,base4_plus_stress,2.683562,16.717924,2.6738522052764893,17.55921745300293
P004_2_S04_C11,0.0,62,base4_plus_stress,2.675552,16.717924,2.6746087074279785,17.5627498626709
P004_2_S04_C11,0.0,62,base4_plus_stress,2.673724,16.717924,2.6754143238067627,17.566146850585938
P007_2_S09_C10,0.0,62,base4_plus_stress,2.697726,17.456173,2.747875452041626,17.81494903564453
P007_2_S09_C10,0.0,62,base4_plus_stress,2.691619,17.456173,2.7487452030181885,17.819339752197266
P007_2_S09_C10,0.0,62,base4_plus_stress,2.685932,17.456173,2.7493209838867188,17.82267189025879
P007_2_S09_C10,0.0,62,base4_plus_stress,2.680738,17.456173,2.7499568462371826,17.826047897338867
P007_2_S09_C10,0.0,62,base4_plus_stress,2.675793,17.456173,2.7506136894226074,17.829362869262695
P007_2_S09_C10,0.0,62,base4_plus_stress,2.670531,17.456173,2.7512636184692383,17.8325138092041
P007_2_S09_C10,0.0,62,base4_plus_stress,2.665572,17.456173,2.7518889904022217,17.835426330566406
P007_2_S09_C10,0.0,62,base4_plus_stress,2.65702,17.456173,2.75248384475708,17.838167190551758
P007_2_S09_C10,0.0,62,base4_plus_stress,2.655033,17.456173,2.753037691116333,17.84065818786621
P011_1_S10_C11,0.0,62,base4_plus_stress,2.674842,17.597092,2.7451720237731934,17.816221237182617
P011_1_S10_C11,0.0,62,base4_plus_stress,2.668472,17.597092,2.746076822280884,17.820789337158203
P011_1_S10_C11,0.0,62,base4_plus_stress,2.662688,17.597092,2.7464792728424072,17.823274612426758
P011_1_S10_C11,0.0,62,base4_plus_stress,2.657059,17.597092,2.7469120025634766,17.82556915283203
P011_1_S10_C11,0.0,62,base4_plus_stress,2.651241,17.597092,2.7473464012145996,17.82762908935547
P011_1_S10_C11,0.0,62,base4_plus_stress,2.645928,17.597092,2.7477641105651855,17.829450607299805
P011_1_S10_C11,0.0,62,base4_plus_stress,2.640874,17.597092,2.748154640197754,17.831045150756836
P011_1_S10_C11,0.0,62,base4_plus_stress,2.632689,17.597092,2.7485151290893555,17.83246421813965
P011_1_S10_C11,0.0,62,base4_plus_stress,2.628682,17.597092,2.7488417625427246,17.833702087402344
P015_3_S17_C11,0.0,62,base4_plus_stress,2.438477,16.595,2.63782000541687,17.454282760620117
P015_3_S17_C11,0.0,62,base4_plus_stress,2.410527,16.595,2.6354551315307617,17.44978141784668
P015_3_S17_C11,0.0,62,base4_plus_stress,2.372511,16.595,2.6336746215820312,17.44693374633789
P037_2_S06_C09,2249.0,62,base4_plus_stress,2.303873,16.04656,2.304699420928955,16.04705238342285
P037_2_S06_C09,2379.0,62,base4_plus_stress,2.287498,16.04656,2.295140266418457,15.978111267089844
P037_2_S06_C09,2515.0,62,base4_plus_stress,2.269198,16.04656,2.2878029346466064,15.927921295166016
P037_2_S06_C09,2650.0,62,base4_plus_stress,2.253785,16.04656,2.281768560409546,15.886170387268066
P037_2_S06_C09,2784.0,62,base4_plus_stress,2.2342,16.04656,2.2767937183380127,15.851043701171875
P037_2_S06_C09,2920.0,62,base4_plus_stress,2.205066,16.04656,2.272705316543579,15.821285247802734
P037_2_S06_C09,3060.0,62,base4_plus_stress,2.170108,16.04656,2.26936411857605,15.795979499816895
P037_2_S06_C09,3202.0,62,base4_plus_stress,2.116586,16.04656,2.2666497230529785,15.774468421936035
P037_2_S06_C09,3488.0,62,base4_plus_stress,1.997463,16.04656,2.264455795288086,15.756155014038086
P049_3_S15_C02,2152.0,62,base4_plus_stress,2.500887,14.869667,2.375413417816162,16.288227081298828
P049_3_S15_C02,2271.0,62,base4_plus_stress,2.493731,14.869667,2.369999408721924,16.252246856689453
P049_3_S15_C02,2395.0,62,base4_plus_stress,2.485354,14.869667,2.36514949798584,16.22060775756836
P049_3_S15_C02,2517.0,62,base4_plus_stress,2.480364,14.869667,2.360563039779663,16.190086364746094
P049_3_S15_C02,2637.0,62,base4_plus_stress,2.471771,14.869667,2.3561325073242188,16.1610107421875
P049_3_S15_C02,2758.0,62,base4_plus_stress,2.464056,14.869667,2.3518874645233154,16.133895874023438
P049_3_S15_C02,2881.0,62,base4_plus_stress,2.456818,14.869667,2.347947359085083,16.109411239624023
P049_3_S15_C02,3004.0,62,base4_plus_stress,2.445937,14.869667,2.3443872928619385,16.08690643310547
P049_3_S15_C02,3240.0,62,base4_plus_stress,2.434579,14.869667,2.3411874771118164,16.066364288330078
P051_2_S11_C05,5504.0,62,base4_plus_stress,1.854337,23.062,2.1055750846862793,20.769840240478516
P051_2_S11_C05,5858.0,62,base4_plus_stress,1.706588,23.062,2.1047587394714355,20.765905380249023
P051_2_S11_C05,6237.0,62,base4_plus_stress,1.598978,23.062,2.1041457653045654,20.762928009033203
P063_3_S18_C05,5600.0,62,base4_plus_stress,2.248487,15.905776,2.298553705215454,15.92070484161377
P063_3_S18_C05,5918.0,62,base4_plus_stress,2.201492,15.905776,2.2916038036346436,15.869405746459961
P063_3_S18_C05,6251.0,62,base4_plus_stress,2.170797,15.905776,2.286419153213501,15.83238410949707
P063_3_S18_C05,6580.0,62,base4_plus_stress,2.14893,15.905776,2.2822322845458984,15.802282333374023
P063_3_S18_C05,6907.0,62,base4_plus_stress,2.123314,15.905776,2.278779983520508,15.777174949645996
P063_3_S18_C05,7239.0,62,base4_plus_stress,2.100496,15.905776,2.2758989334106445,15.755941390991211
P063_3_S18_C05,7576.0,62,base4_plus_stress,2.076689,15.905776,2.273467540740967,15.73776626586914
P063_3_S18_C05,7915.0,62,base4_plus_stress,2.071696,15.905776,2.271397352218628,15.722086906433105
P063_3_S18_C05,8572.0,62,base4_plus_stress,2.025095,15.905776,2.2696163654327393,15.708428382873535
P068_3_S08_C03,11370.0,62,base4_plus_stress,2.187058,19.151333,2.102543592453003,20.506351470947266
P068_3_S08_C03,11972.0,62,base4_plus_stress,2.173376,19.151333,2.0979771614074707,20.52745246887207
P068_3_S08_C03,12578.0,62,base4_plus_stress,2.16034,19.151333,2.094860553741455,20.520191192626953
P068_3_S08_C03,13173.0,62,base4_plus_stress,2.142762,19.151333,2.0923399925231934,20.50963592529297
P068_3_S08_C03,13760.0,62,base4_plus_stress,2.07971,19.151333,2.090049982070923,20.4953670501709
P068_3_S08_C03,14355.0,62,base4_plus_stress,1.946286,19.151333,2.0879664421081543,20.47915267944336
P068_3_S08_C03,14946.0,62,base4_plus_stress,1.726823,19.151333,2.086064100265503,20.46188735961914
P075_3_S19_C02,11570.0,62,base4_plus_stress,2.370704,15.847142,2.3195652961730957,16.01024627685547
P075_3_S19_C02,12177.0,62,base4_plus_stress,2.368679,15.847142,2.3096909523010254,15.942903518676758
P075_3_S19_C02,12805.0,62,base4_plus_stress,2.352887,15.847142,2.3018910884857178,15.891334533691406
P075_3_S19_C02,13422.0,62,base4_plus_stress,2.34346,15.847142,2.295231342315674,15.847688674926758
P075_3_S19_C02,14029.0,62,base4_plus_stress,2.321794,15.847142,2.2894420623779297,15.809978485107422
P075_3_S19_C02,14646.0,62,base4_plus_stress,2.31095,15.847142,2.284369468688965,15.77719497680664
P075_3_S19_C02,15265.0,62,base4_plus_stress,2.299708,15.847142,2.2799127101898193,15.748476028442383
P075_3_S19_C02,15885.0,62,base4_plus_stress,2.292115,15.847142,2.276041030883789,15.723333358764648
P075_3_S19_C02,17085.0,62,base4_plus_stress,2.266778,15.847142,2.272676467895508,15.701346397399902
P004_2_S04_C11,0.0,72,base4,2.713909,16.717924,2.6583807468414307,17.315876007080078
P004_2_S04_C11,0.0,72,base4,2.70661,16.717924,2.6555256843566895,17.30528450012207
P004_2_S04_C11,0.0,72,base4,2.701574,16.717924,2.6513671875,17.291139602661133
P004_2_S04_C11,0.0,72,base4,2.696484,16.717924,2.6471035480499268,17.277360916137695
P004_2_S04_C11,0.0,72,base4,2.692177,16.717924,2.6428115367889404,17.263118743896484
P004_2_S04_C11,0.0,72,base4,2.687612,16.717924,2.638528823852539,17.248538970947266
P004_2_S04_C11,0.0,72,base4,2.683562,16.717924,2.6341946125030518,17.23286247253418
P004_2_S04_C11,0.0,72,base4,2.675552,16.717924,2.6297988891601562,17.21652603149414
P004_2_S04_C11,0.0,72,base4,2.673724,16.717924,2.6253204345703125,17.199504852294922
P007_2_S09_C10,0.0,72,base4,2.697726,17.456173,2.7075374126434326,17.727785110473633
P007_2_S09_C10,0.0,72,base4,2.691619,17.456173,2.706332206726074,17.728059768676758
P007_2_S09_C10,0.0,72,base4,2.685932,17.456173,2.7051281929016113,17.72894287109375
P007_2_S09_C10,0.0,72,base4,2.680738,17.456173,2.704070806503296,17.730335235595703
P007_2_S09_C10,0.0,72,base4,2.675793,17.456173,2.7031421661376953,17.731857299804688
P007_2_S09_C10,0.0,72,base4,2.670531,17.456173,2.7023260593414307,17.733301162719727
P007_2_S09_C10,0.0,72,base4,2.665572,17.456173,2.701603651046753,17.73455810546875
P007_2_S09_C10,0.0,72,base4,2.65702,17.456173,2.7009639739990234,17.735597610473633
P007_2_S09_C10,0.0,72,base4,2.655033,17.456173,2.7003939151763916,17.736433029174805
P011_1_S10_C11,0.0,72,base4,2.674842,17.597092,2.700786828994751,17.714059829711914
P011_1_S10_C11,0.0,72,base4,2.668472,17.597092,2.6991636753082275,17.711807250976562
P011_1_S10_C11,0.0,72,base4,2.662688,17.597092,2.697507858276367,17.709308624267578
P011_1_S10_C11,0.0,72,base4,2.657059,17.597092,2.6960463523864746,17.707229614257812
P011_1_S10_C11,0.0,72,base4,2.651241,17.597092,2.6947426795959473,17.70541763305664
P011_1_S10_C11,0.0,72,base4,2.645928,17.597092,2.6935813426971436,17.70380401611328
P011_1_S10_C11,0.0,72,base4,2.640874,17.597092,2.6925339698791504,17.702306747436523
P011_1_S10_C11,0.0,72,base4,2.632689,17.597092,2.691589117050171,17.700904846191406
P011_1_S10_C11,0.0,72,base4,2.628682,17.597092,2.6907310485839844,17.699569702148438
P015_3_S17_C11,0.0,72,base4,2.438477,16.595,2.5828628540039062,16.93572235107422
P015_3_S17_C11,0.0,72,base4,2.410527,16.595,2.5664589405059814,16.838176727294922
P015_3_S17_C11,0.0,72,base4,2.372511,16.595,2.5488440990448,16.737300872802734
P037_2_S06_C09,2249.0,72,base4,2.303873,16.04656,2.3536155223846436,15.780349731445312
P037_2_S06_C09,2379.0,72,base4,2.287498,16.04656,2.3305273056030273,15.734167098999023
P037_2_S06_C09,2515.0,72,base4,2.269198,16.04656,2.3082964420318604,15.71088695526123
P037_2_S06_C09,2650.0,72,base4,2.253785,16.04656,2.2856764793395996,15.710868835449219
P037_2_S06_C09,2784.0,72,base4,2.2342,16.04656,2.2626049518585205,15.736163139343262
P037_2_S06_C09,2920.0,72,base4,2.205066,16.04656,2.2392077445983887,15.783958435058594
P037_2_S06_C09,3060.0,72,base4,2.170108,16.04656,2.2147514820098877,15.855878829956055
P037_2_S06_C09,3202.0,72,base4,2.116586,16.04656,2.1901049613952637,15.965893745422363
P037_2_S06_C09,3488.0,72,base4,1.997463,16.04656,2.1655585765838623,16.08987808227539
P049_3_S15_C02,2152.0,72,base4,2.500887,14.869667,2.419459104537964,15.597758293151855
P049_3_S15_C02,2271.0,72,base4,2.493731,14.869667,2.414271354675293,15.548206329345703
P049_3_S15_C02,2395.0,72,base4,2.485354,14.869667,2.4093856811523438,15.50216293334961
P049_3_S15_C02,2517.0,72,base4,2.480364,14.869667,2.4037795066833496,15.462562561035156
P049_3_S15_C02,2637.0,72,base4,2.471771,14.869667,2.398505449295044,15.426383018493652
P049_3_S15_C02,2758.0,72,base4,2.464056,14.869667,2.393225908279419,15.393118858337402
P049_3_S15_C02,2881.0,72,base4,2.456818,14.869667,2.3880932331085205,15.362977981567383
P049_3_S15_C02,3004.0,72,base4,2.445937,14.869667,2.3827872276306152,15.336567878723145
P049_3_S15_C02,3240.0,72,base4,2.434579,14.869667,2.3777871131896973,15.312299728393555
P051_2_S11_C05,5504.0,72,base4,1.854337,23.062,1.8026952743530273,23.59256935119629
P051_2_S11_C05,5858.0,72,base4,1.706588,23.062,1.8040125370025635,23.4753475189209
P051_2_S11_C05,6237.0,72,base4,1.598978,23.062,1.8056354522705078,23.370941162109375
P063_3_S18_C05,5600.0,72,base4,2.248487,15.905776,2.3124663829803467,15.563949584960938
P063_3_S18_C05,5918.0,72,base4,2.201492,15.905776,2.2875733375549316,15.559544563293457
P063_3_S18_C05,6251.0,72,base4,2.170797,15.905776,2.2631607055664062,15.574522018432617
P063_3_S18_C05,6580.0,72,base4,2.14893,15.905776,2.239034652709961,15.615965843200684
P063_3_S18_C05,6907.0,72,base4,2.123314,15.905776,2.215047597885132,15.675832748413086
P063_3_S18_C05,7239.0,72,base4,2.100496,15.905776,2.1905200481414795,15.761271476745605
P063_3_S18_C05,7576.0,72,base4,2.076689,15.905776,2.166538953781128,15.875565528869629
P063_3_S18_C05,7915.0,72,base4,2.071696,15.905776,2.144008159637451,15.997648239135742
P063_3_S18_C05,8572.0,72,base4,2.025095,15.905776,2.122448682785034,16.1254940032959
P068_3_S08_C03,11370.0,72,base4,2.187058,19.151333,1.9570658206939697,18.881397247314453
P068_3_S08_C03,11972.0,72,base4,2.173376,19.151333,1.9457314014434814,18.826852798461914
P068_3_S08_C03,12578.0,72,base4,2.16034,19.151333,1.9389450550079346,18.75096321105957
P068_3_S08_C03,13173.0,72,base4,2.142762,19.151333,1.9343187808990479,18.679977416992188
P068_3_S08_C03,13760.0,72,base4,2.07971,19.151333,1.9312758445739746,18.61577033996582
P068_3_S08_C03,14355.0,72,base4,1.946286,19.151333,1.9289580583572388,18.552980422973633
P068_3_S08_C03,14946.0,72,base4,1.726823,19.151333,1.9273383617401123,18.493913650512695
P075_3_S19_C02,11570.0,72,base4,2.370704,15.847142,2.363511085510254,15.477147102355957
P075_3_S19_C02,12177.0,72,base4,2.368679,15.847142,2.342857599258423,15.407320022583008
P075_3_S19_C02,12805.0,72,base4,2.352887,15.847142,2.3211913108825684,15.365767478942871
P075_3_S19_C02,13422.0,72,base4,2.34346,15.847142,2.2990882396698,15.350431442260742
P075_3_S19_C02,14029.0,72,base4,2.321794,15.847142,2.276859998703003,15.35664176940918
P075_3_S19_C02,14646.0,72,base4,2.31095,15.847142,2.253657579421997,15.378321647644043
P075_3_S19_C02,15265.0,72,base4,2.299708,15.847142,2.229583263397217,15.414817810058594
P075_3_S19_C02,15885.0,72,base4,2.292115,15.847142,2.2049591541290283,15.4776611328125
P075_3_S19_C02,17085.0,72,base4,2.266778,15.847142,2.179900646209717,15.554342269897461
P004_2_S04_C11,0.0,72,base4_plus_stress,2.713909,16.717924,2.648454427719116,17.276165008544922
P004_2_S04_C11,0.0,72,base4_plus_stress,2.70661,16.717924,2.648439884185791,17.27780532836914
P004_2_S04_C11,0.0,72,base4_plus_stress,2.701574,16.717924,2.6477975845336914,17.27928924560547
P004_2_S04_C11,0.0,72,base4_plus_stress,2.696484,16.717924,2.6473207473754883,17.281042098999023
P004_2_S04_C11,0.0,72,base4_plus_stress,2.692177,16.717924,2.6469826698303223,17.28279685974121
P004_2_S04_C11,0.0,72,base4_plus_stress,2.687612,16.717924,2.6467642784118652,17.284433364868164
P004_2_S04_C11,0.0,72,base4_plus_stress,2.683562,16.717924,2.6466264724731445,17.285877227783203
P004_2_S04_C11,0.0,72,base4_plus_stress,2.675552,16.717924,2.646559953689575,17.28713035583496
P004_2_S04_C11,0.0,72,base4_plus_stress,2.673724,16.717924,2.646540403366089,17.288192749023438
P007_2_S09_C10,0.0,72,base4_plus_stress,2.697726,17.456173,2.710442543029785,17.404157638549805
P007_2_S09_C10,0.0,72,base4_plus_stress,2.691619,17.456173,2.710641860961914,17.405954360961914
P007_2_S09_C10,0.0,72,base4_plus_stress,2.685932,17.456173,2.7106339931488037,17.407245635986328
P007_2_S09_C10,0.0,72,base4_plus_stress,2.680738,17.456173,2.710628032684326,17.4083251953125
P007_2_S09_C10,0.0,72,base4_plus_stress,2.675793,17.456173,2.710624933242798,17.40923309326172
P007_2_S09_C10,0.0,72,base4_plus_stress,2.670531,17.456173,2.710624933242798,17.40999412536621
P007_2_S09_C10,0.0,72,base4_plus_stress,2.665572,17.456173,2.710627317428589,17.41063690185547
P007_2_S09_C10,0.0,72,base4_plus_stress,2.65702,17.456173,2.7106313705444336,17.411174774169922
P007_2_S09_C10,0.0,72,base4_plus_stress,2.655033,17.456173,2.7106359004974365,17.411623001098633
P011_1_S10_C11,0.0,72,base4_plus_stress,2.674842,17.597092,2.7054731845855713,17.415864944458008
P011_1_S10_C11,0.0,72,base4_plus_stress,2.668472,17.597092,2.705584764480591,17.418054580688477
P011_1_S10_C11,0.0,72,base4_plus_stress,2.662688,17.597092,2.70539927482605,17.4191837310791
P011_1_S10_C11,0.0,72,base4_plus_stress,2.657059,17.597092,2.705221176147461,17.419858932495117
P011_1_S10_C11,0.0,72,base4_plus_stress,2.651241,17.597092,2.705050468444824,17.42024803161621
P011_1_S10_C11,0.0,72,base4_plus_stress,2.645928,17.597092,2.7048871517181396,17.420446395874023
P011_1_S10_C11,0.0,72,base4_plus_stress,2.640874,17.597092,2.7047314643859863,17.4205265045166
P011_1_S10_C11,0.0,72,base4_plus_stress,2.632689,17.597092,2.7045838832855225,17.420530319213867
P011_1_S10_C11,0.0,72,base4_plus_stress,2.628682,17.597092,2.704444169998169,17.420482635498047
P015_3_S17_C11,0.0,72,base4_plus_stress,2.438477,16.595,2.61365008354187,17.250431060791016
P015_3_S17_C11,0.0,72,base4_plus_stress,2.410527,16.595,2.6114022731781006,17.250459671020508
P015_3_S17_C11,0.0,72,base4_plus_stress,2.372511,16.595,2.609632730484009,17.250776290893555
P037_2_S06_C09,2249.0,72,base4_plus_stress,2.303873,16.04656,2.2591776847839355,16.160350799560547
P037_2_S06_C09,2379.0,72,base4_plus_stress,2.287498,16.04656,2.2490851879119873,16.1462459564209
P037_2_S06_C09,2515.0,72,base4_plus_stress,2.269198,16.04656,2.2392079830169678,16.151636123657227
P037_2_S06_C09,2650.0,72,base4_plus_stress,2.253785,16.04656,2.2297160625457764,16.16405487060547
P037_2_S06_C09,2784.0,72,base4_plus_stress,2.2342,16.04656,2.2206931114196777,16.181394577026367
P037_2_S06_C09,2920.0,72,base4_plus_stress,2.205066,16.04656,2.2121660709381104,16.202091217041016
P037_2_S06_C09,3060.0,72,base4_plus_stress,2.170108,16.04656,2.204158067703247,16.22515869140625
P037_2_S06_C09,3202.0,72,base4_plus_stress,2.116586,16.04656,2.19667649269104,16.2503662109375
P037_2_S06_C09,3488.0,72,base4_plus_stress,1.997463,16.04656,2.1896169185638428,16.277441024780273
P049_3_S15_C02,2152.0,72,base4_plus_stress,2.500887,14.869667,2.3617148399353027,16.022205352783203
P049_3_S15_C02,2271.0,72,base4_plus_stress,2.493731,14.869667,2.356173276901245,15.988656997680664
P049_3_S15_C02,2395.0,72,base4_plus_stress,2.485354,14.869667,2.3511571884155273,15.962498664855957
P049_3_S15_C02,2517.0,72,base4_plus_stress,2.480364,14.869667,2.3464107513427734,15.93875789642334
P049_3_S15_C02,2637.0,72,base4_plus_stress,2.471771,14.869667,2.3420279026031494,15.917020797729492
P049_3_S15_C02,2758.0,72,base4_plus_stress,2.464056,14.869667,2.338038444519043,15.897130012512207
P049_3_S15_C02,2881.0,72,base4_plus_stress,2.456818,14.869667,2.3344433307647705,15.879015922546387
P049_3_S15_C02,3004.0,72,base4_plus_stress,2.445937,14.869667,2.33121919631958,15.862569808959961
P049_3_S15_C02,3240.0,72,base4_plus_stress,2.434579,14.869667,2.3283326625823975,15.847705841064453
P051_2_S11_C05,5504.0,72,base4_plus_stress,1.854337,23.062,2.0575432777404785,20.83492660522461
P051_2_S11_C05,5858.0,72,base4_plus_stress,1.706588,23.062,2.056302070617676,20.837169647216797
P051_2_S11_C05,6237.0,72,base4_plus_stress,1.598978,23.062,2.0555267333984375,20.83843994140625
P063_3_S18_C05,5600.0,72,base4_plus_stress,2.248487,15.905776,2.264490842819214,15.975132942199707
P063_3_S18_C05,5918.0,72,base4_plus_stress,2.201492,15.905776,2.2560536861419678,15.956064224243164
P063_3_S18_C05,6251.0,72,base4_plus_stress,2.170797,15.905776,2.2486093044281006,15.949792861938477
P063_3_S18_C05,6580.0,72,base4_plus_stress,2.14893,15.905776,2.241863250732422,15.94799518585205
P063_3_S18_C05,6907.0,72,base4_plus_stress,2.123314,15.905776,2.2357442378997803,15.948421478271484
P063_3_S18_C05,7239.0,72,base4_plus_stress,2.100496,15.905776,2.230109453201294,15.950676918029785
P063_3_S18_C05,7576.0,72,base4_plus_stress,2.076689,15.905776,2.22499680519104,15.95375919342041
P063_3_S18_C05,7915.0,72,base4_plus_stress,2.071696,15.905776,2.2203688621520996,15.957246780395508
P063_3_S18_C05,8572.0,72,base4_plus_stress,2.025095,15.905776,2.216176986694336,15.960865020751953
P068_3_S08_C03,11370.0,72,base4_plus_stress,2.187058,19.151333,2.058279037475586,20.6425724029541
P068_3_S08_C03,11972.0,72,base4_plus_stress,2.173376,19.151333,2.053978443145752,20.687402725219727
P068_3_S08_C03,12578.0,72,base4_plus_stress,2.16034,19.151333,2.0515146255493164,20.709802627563477
P068_3_S08_C03,13173.0,72,base4_plus_stress,2.142762,19.151333,2.0497853755950928,20.725719451904297
P068_3_S08_C03,13760.0,72,base4_plus_stress,2.07971,19.151333,2.048513889312744,20.73723030090332
P068_3_S08_C03,14355.0,72,base4_plus_stress,1.946286,19.151333,2.047532320022583,20.74586296081543
P068_3_S08_C03,14946.0,72,base4_plus_stress,1.726823,19.151333,2.046757459640503,20.752140045166016
P075_3_S19_C02,11570.0,72,base4_plus_stress,2.370704,15.847142,2.3041844367980957,15.945709228515625
P075_3_S19_C02,12177.0,72,base4_plus_stress,2.368679,15.847142,2.293689727783203,15.894027709960938
P075_3_S19_C02,12805.0,72,base4_plus_stress,2.352887,15.847142,2.2845618724823,15.861505508422852
P075_3_S19_C02,13422.0,72,base4_plus_stress,2.34346,15.847142,2.276312828063965,15.837328910827637
P075_3_S19_C02,14029.0,72,base4_plus_stress,2.321794,15.847142,2.268861770629883,15.818564414978027
P075_3_S19_C02,14646.0,72,base4_plus_stress,2.31095,15.847142,2.262018918991089,15.803987503051758
P075_3_S19_C02,15265.0,72,base4_plus_stress,2.299708,15.847142,2.2558059692382812,15.791925430297852
P075_3_S19_C02,15885.0,72,base4_plus_stress,2.292115,15.847142,2.2501814365386963,15.781864166259766
P075_3_S19_C02,17085.0,72,base4_plus_stress,2.266778,15.847142,2.245115041732788,15.773468971252441
P004_2_S04_C11,0.0,82,base4,2.713909,16.717924,2.7190349102020264,16.529653549194336
P004_2_S04_C11,0.0,82,base4,2.70661,16.717924,2.711550235748291,16.501876831054688
P004_2_S04_C11,0.0,82,base4,2.701574,16.717924,2.703765392303467,16.46047592163086
P004_2_S04_C11,0.0,82,base4,2.696484,16.717924,2.695719003677368,16.413244247436523
P004_2_S04_C11,0.0,82,base4,2.692177,16.717924,2.687626361846924,16.36363410949707
P004_2_S04_C11,0.0,82,base4,2.687612,16.717924,2.679428815841675,16.313884735107422
P004_2_S04_C11,0.0,82,base4,2.683562,16.717924,2.670869827270508,16.26180076599121
P004_2_S04_C11,0.0,82,base4,2.675552,16.717924,2.661942958831787,16.207590103149414
P004_2_S04_C11,0.0,82,base4,2.673724,16.717924,2.652073860168457,16.14784049987793
P007_2_S09_C10,0.0,82,base4,2.697726,17.456173,2.7179152965545654,17.4768009185791
P007_2_S09_C10,0.0,82,base4,2.691619,17.456173,2.7124557495117188,17.474702835083008
P007_2_S09_C10,0.0,82,base4,2.685932,17.456173,2.707634925842285,17.470083236694336
P007_2_S09_C10,0.0,82,base4,2.680738,17.456173,2.7033839225769043,17.465940475463867
P007_2_S09_C10,0.0,82,base4,2.675793,17.456173,2.699521541595459,17.462112426757812
P007_2_S09_C10,0.0,82,base4,2.670531,17.456173,2.6959280967712402,17.458492279052734
P007_2_S09_C10,0.0,82,base4,2.665572,17.456173,2.6925272941589355,17.45491600036621
P007_2_S09_C10,0.0,82,base4,2.65702,17.456173,2.6892740726470947,17.451305389404297
P007_2_S09_C10,0.0,82,base4,2.655033,17.456173,2.6861376762390137,17.447601318359375
P011_1_S10_C11,0.0,82,base4,2.674842,17.597092,2.6935276985168457,17.610755920410156
P011_1_S10_C11,0.0,82,base4,2.668472,17.597092,2.6865336894989014,17.608678817749023
P011_1_S10_C11,0.0,82,base4,2.662688,17.597092,2.680142879486084,17.604080200195312
P011_1_S10_C11,0.0,82,base4,2.657059,17.597092,2.674330472946167,17.600048065185547
P011_1_S10_C11,0.0,82,base4,2.651241,17.597092,2.668879747390747,17.596521377563477
P011_1_S10_C11,0.0,82,base4,2.645928,17.597092,2.6636621952056885,17.59343147277832
P011_1_S10_C11,0.0,82,base4,2.640874,17.597092,2.6585841178894043,17.59064483642578
P011_1_S10_C11,0.0,82,base4,2.632689,17.597092,2.653594732284546,17.588071823120117
P011_1_S10_C11,0.0,82,base4,2.628682,17.597092,2.6486568450927734,17.58563232421875
P015_3_S17_C11,0.0,82,base4,2.438477,16.595,2.5418994426727295,16.00468635559082
P015_3_S17_C11,0.0,82,base4,2.410527,16.595,2.5100045204162598,15.937459945678711
P015_3_S17_C11,0.0,82,base4,2.372511,16.595,2.4844553470611572,15.880859375
P037_2_S06_C09,2249.0,82,base4,2.303873,16.04656,2.296398878097534,16.138320922851562
P037_2_S06_C09,2379.0,82,base4,2.287498,16.04656,2.2670910358428955,16.114900588989258
P037_2_S06_C09,2515.0,82,base4,2.269198,16.04656,2.2351956367492676,16.095401763916016
P037_2_S06_C09,2650.0,82,base4,2.253785,16.04656,2.199439764022827,16.087024688720703
P037_2_S06_C09,2784.0,82,base4,2.2342,16.04656,2.1589174270629883,16.084028244018555
P037_2_S06_C09,2920.0,82,base4,2.205066,16.04656,2.1129837036132812,16.084228515625
P037_2_S06_C09,3060.0,82,base4,2.170108,16.04656,2.0602948665618896,16.09346580505371
P037_2_S06_C09,3202.0,82,base4,2.116586,16.04656,1.999588966369629,16.113840103149414
P037_2_S06_C09,3488.0,82,base4,1.997463,16.04656,1.9305245876312256,16.14495849609375
P049_3_S15_C02,2152.0,82,base4,2.500887,14.869667,2.4824275970458984,14.885007858276367
P049_3_S15_C02,2271.0,82,base4,2.493731,14.869667,2.470686674118042,14.887418746948242
P049_3_S15_C02,2395.0,82,base4,2.485354,14.869667,2.459684371948242,14.892830848693848
P049_3_S15_C02,2517.0,82,base4,2.480364,14.869667,2.4488701820373535,14.899642944335938
P049_3_S15_C02,2637.0,82,base4,2.471771,14.869667,2.438167095184326,14.907096862792969
P049_3_S15_C02,2758.0,82,base4,2.464056,14.869667,2.427968740463257,14.915172576904297
P049_3_S15_C02,2881.0,82,base4,2.456818,14.869667,2.418436288833618,14.923173904418945
P049_3_S15_C02,3004.0,82,base4,2.445937,14.869667,2.408801555633545,14.931604385375977
P049_3_S15_C02,3240.0,82,base4,2.434579,14.869667,2.3991007804870605,14.940462112426758
P051_2_S11_C05,5504.0,82,base4,1.854337,23.062,1.947739839553833,23.325637817382812
P051_2_S11_C05,5858.0,82,base4,1.706588,23.062,1.8907887935638428,23.353681564331055
P051_2_S11_C05,6237.0,82,base4,1.598978,23.062,1.8360177278518677,23.336162567138672
P063_3_S18_C05,5600.0,82,base4,2.248487,15.905776,2.279637336730957,15.894028663635254
P063_3_S18_C05,5918.0,82,base4,2.201492,15.905776,2.2605483531951904,15.866573333740234
P063_3_S18_C05,6251.0,82,base4,2.170797,15.905776,2.2420082092285156,15.840156555175781
P063_3_S18_C05,6580.0,82,base4,2.14893,15.905776,2.223365306854248,15.815961837768555
P063_3_S18_C05,6907.0,82,base4,2.123314,15.905776,2.204097032546997,15.794307708740234
P063_3_S18_C05,7239.0,82,base4,2.100496,15.905776,2.1841135025024414,15.77304458618164
P063_3_S18_C05,7576.0,82,base4,2.076689,15.905776,2.1630666255950928,15.753301620483398
P063_3_S18_C05,7915.0,82,base4,2.071696,15.905776,2.1405272483825684,15.736207962036133
P063_3_S18_C05,8572.0,82,base4,2.025095,15.905776,2.115645408630371,15.72777271270752
P068_3_S08_C03,11370.0,82,base4,2.187058,19.151333,1.9867452383041382,19.104780197143555
P068_3_S08_C03,11972.0,82,base4,2.173376,19.151333,1.9460047483444214,19.14038848876953
P068_3_S08_C03,12578.0,82,base4,2.16034,19.151333,1.8973037004470825,19.184728622436523
P068_3_S08_C03,13173.0,82,base4,2.142762,19.151333,1.8445802927017212,19.237306594848633
P068_3_S08_C03,13760.0,82,base4,2.07971,19.151333,1.7902400493621826,19.290786743164062
P068_3_S08_C03,14355.0,82,base4,1.946286,19.151333,1.7366840839385986,19.34136199951172
P068_3_S08_C03,14946.0,82,base4,1.726823,19.151333,1.685983419418335,19.384538650512695
P075_3_S19_C02,11570.0,82,base4,2.370704,15.847142,2.3945205211639404,15.79068374633789
P075_3_S19_C02,12177.0,82,base4,2.368679,15.847142,2.3846654891967773,15.790035247802734
P075_3_S19_C02,12805.0,82,base4,2.352887,15.847142,2.3779356479644775,15.784854888916016
P075_3_S19_C02,13422.0,82,base4,2.34346,15.847142,2.372326374053955,15.777652740478516
P075_3_S19_C02,14029.0,82,base4,2.321794,15.847142,2.3677444458007812,15.768174171447754
P075_3_S19_C02,14646.0,82,base4,2.31095,15.847142,2.363740921020508,15.758474349975586
P075_3_S19_C02,15265.0,82,base4,2.299708,15.847142,2.3601644039154053,15.749046325683594
P075_3_S19_C02,15885.0,82,base4,2.292115,15.847142,2.3569018840789795,15.740023612976074
P075_3_S19_C02,17085.0,82,base4,2.266778,15.847142,2.3538742065429688,15.731508255004883
P004_2_S04_C11,0.0,82,base4_plus_stress,2.713909,16.717924,2.649282932281494,17.388742446899414
P004_2_S04_C11,0.0,82,base4_plus_stress,2.70661,16.717924,2.646885395050049,17.38163185119629
P004_2_S04_C11,0.0,82,base4_plus_stress,2.701574,16.717924,2.644193649291992,17.37466049194336
P004_2_S04_C11,0.0,82,base4_plus_stress,2.696484,16.717924,2.6413733959198,17.367170333862305
P004_2_S04_C11,0.0,82,base4_plus_stress,2.692177,16.717924,2.638505220413208,17.35895538330078
P004_2_S04_C11,0.0,82,base4_plus_stress,2.687612,16.717924,2.6356468200683594,17.350055694580078
P004_2_S04_C11,0.0,82,base4_plus_stress,2.683562,16.717924,2.632840156555176,17.340656280517578
P004_2_S04_C11,0.0,82,base4_plus_stress,2.675552,16.717924,2.630138397216797,17.331071853637695
P004_2_S04_C11,0.0,82,base4_plus_stress,2.673724,16.717924,2.6275486946105957,17.321596145629883
P007_2_S09_C10,0.0,82,base4_plus_stress,2.697726,17.456173,2.6989173889160156,17.714872360229492
P007_2_S09_C10,0.0,82,base4_plus_stress,2.691619,17.456173,2.6973323822021484,17.712020874023438
P007_2_S09_C10,0.0,82,base4_plus_stress,2.685932,17.456173,2.6959574222564697,17.710538864135742
P007_2_S09_C10,0.0,82,base4_plus_stress,2.680738,17.456173,2.6947333812713623,17.70962905883789
P007_2_S09_C10,0.0,82,base4_plus_stress,2.675793,17.456173,2.6936280727386475,17.70884895324707
P007_2_S09_C10,0.0,82,base4_plus_stress,2.670531,17.456173,2.6926229000091553,17.7080078125
P007_2_S09_C10,0.0,82,base4_plus_stress,2.665572,17.456173,2.691704273223877,17.7070369720459
P007_2_S09_C10,0.0,82,base4_plus_stress,2.65702,17.456173,2.690865993499756,17.705944061279297
P007_2_S09_C10,0.0,82,base4_plus_stress,2.655033,17.456173,2.690103530883789,17.704771041870117
P011_1_S10_C11,0.0,82,base4_plus_stress,2.674842,17.597092,2.676185369491577,17.675823211669922
P011_1_S10_C11,0.0,82,base4_plus_stress,2.668472,17.597092,2.67336368560791,17.66891860961914
P011_1_S10_C11,0.0,82,base4_plus_stress,2.662688,17.597092,2.670743703842163,17.66261863708496
P011_1_S10_C11,0.0,82,base4_plus_stress,2.657059,17.597092,2.668278694152832,17.656627655029297
P011_1_S10_C11,0.0,82,base4_plus_stress,2.651241,17.597092,2.665961503982544,17.650915145874023
P011_1_S10_C11,0.0,82,base4_plus_stress,2.645928,17.597092,2.663796901702881,17.64543914794922
P011_1_S10_C11,0.0,82,base4_plus_stress,2.640874,17.597092,2.6617772579193115,17.64017105102539
P011_1_S10_C11,0.0,82,base4_plus_stress,2.632689,17.597092,2.659899950027466,17.63512420654297
P011_1_S10_C11,0.0,82,base4_plus_stress,2.628682,17.597092,2.6581573486328125,17.63030242919922
P015_3_S17_C11,0.0,82,base4_plus_stress,2.438477,16.595,2.587658643722534,17.136445999145508
P015_3_S17_C11,0.0,82,base4_plus_stress,2.410527,16.595,2.5794923305511475,17.1053466796875
P015_3_S17_C11,0.0,82,base4_plus_stress,2.372511,16.595,2.573190212249756,17.08092498779297
P037_2_S06_C09,2249.0,82,base4_plus_stress,2.303873,16.04656,2.3338370323181152,15.925415992736816
P037_2_S06_C09,2379.0,82,base4_plus_stress,2.287498,16.04656,2.3146421909332275,15.882633209228516
P037_2_S06_C09,2515.0,82,base4_plus_stress,2.269198,16.04656,2.296480178833008,15.85334587097168
P037_2_S06_C09,2650.0,82,base4_plus_stress,2.253785,16.04656,2.279108762741089,15.839757919311523
P037_2_S06_C09,2784.0,82,base4_plus_stress,2.2342,16.04656,2.2629268169403076,15.83380126953125
P037_2_S06_C09,2920.0,82,base4_plus_stress,2.205066,16.04656,2.2478907108306885,15.837130546569824
P037_2_S06_C09,3060.0,82,base4_plus_stress,2.170108,16.04656,2.233261823654175,15.850379943847656
P037_2_S06_C09,3202.0,82,base4_plus_stress,2.116586,16.04656,2.219406843185425,15.873329162597656
P037_2_S06_C09,3488.0,82,base4_plus_stress,1.997463,16.04656,2.206336259841919,15.90184497833252
P049_3_S15_C02,2152.0,82,base4_plus_stress,2.500887,14.869667,2.40789532661438,15.784156799316406
P049_3_S15_C02,2271.0,82,base4_plus_stress,2.493731,14.869667,2.404442071914673,15.742772102355957
P049_3_S15_C02,2395.0,82,base4_plus_stress,2.485354,14.869667,2.4010274410247803,15.703725814819336
P049_3_S15_C02,2517.0,82,base4_plus_stress,2.480364,14.869667,2.3974826335906982,15.665849685668945
P049_3_S15_C02,2637.0,82,base4_plus_stress,2.471771,14.869667,2.3940796852111816,15.629692077636719
P049_3_S15_C02,2758.0,82,base4_plus_stress,2.464056,14.869667,2.3909130096435547,15.595788955688477
P049_3_S15_C02,2881.0,82,base4_plus_stress,2.456818,14.869667,2.3878655433654785,15.563882827758789
P049_3_S15_C02,3004.0,82,base4_plus_stress,2.445937,14.869667,2.385023355484009,15.534348487854004
P049_3_S15_C02,3240.0,82,base4_plus_stress,2.434579,14.869667,2.3824543952941895,15.507447242736816
P051_2_S11_C05,5504.0,82,base4_plus_stress,1.854337,23.062,1.9281365871429443,23.67646598815918
P051_2_S11_C05,5858.0,82,base4_plus_stress,1.706588,23.062,1.9286189079284668,23.56624984741211
P051_2_S11_C05,6237.0,82,base4_plus_stress,1.598978,23.062,1.9291892051696777,23.469867706298828
P063_3_S18_C05,5600.0,82,base4_plus_stress,2.248487,15.905776,2.304281234741211,15.652891159057617
P063_3_S18_C05,5918.0,82,base4_plus_stress,2.201492,15.905776,2.285470962524414,15.630271911621094
P063_3_S18_C05,6251.0,82,base4_plus_stress,2.170797,15.905776,2.2687036991119385,15.617663383483887
P063_3_S18_C05,6580.0,82,base4_plus_stress,2.14893,15.905776,2.2529752254486084,15.618946075439453
P063_3_S18_C05,6907.0,82,base4_plus_stress,2.123314,15.905776,2.2388765811920166,15.627222061157227
P063_3_S18_C05,7239.0,82,base4_plus_stress,2.100496,15.905776,2.22623872756958,15.64015007019043
P063_3_S18_C05,7576.0,82,base4_plus_stress,2.076689,15.905776,2.2141470909118652,15.657024383544922
P063_3_S18_C05,7915.0,82,base4_plus_stress,2.071696,15.905776,2.202655553817749,15.67851734161377
P063_3_S18_C05,8572.0,82,base4_plus_stress,2.025095,15.905776,2.1918232440948486,15.70724868774414
P068_3_S08_C03,11370.0,82,base4_plus_stress,2.187058,19.151333,1.9576833248138428,19.294422149658203
P068_3_S08_C03,11972.0,82,base4_plus_stress,2.173376,19.151333,1.949021339416504,19.315645217895508
P068_3_S08_C03,12578.0,82,base4_plus_stress,2.16034,19.151333,1.9441428184509277,19.293533325195312
P068_3_S08_C03,13173.0,82,base4_plus_stress,2.142762,19.151333,1.9407134056091309,19.264713287353516
P068_3_S08_C03,13760.0,82,base4_plus_stress,2.07971,19.151333,1.9383130073547363,19.23052215576172
P068_3_S08_C03,14355.0,82,base4_plus_stress,1.946286,19.151333,1.9366490840911865,19.192522048950195
P068_3_S08_C03,14946.0,82,base4_plus_stress,1.726823,19.151333,1.9355597496032715,19.151260375976562
P075_3_S19_C02,11570.0,82,base4_plus_stress,2.370704,15.847142,2.364351749420166,15.634920120239258
P075_3_S19_C02,12177.0,82,base4_plus_stress,2.368679,15.847142,2.35302734375,15.557555198669434
P075_3_S19_C02,12805.0,82,base4_plus_stress,2.352887,15.847142,2.3408446311950684,15.498470306396484
P075_3_S19_C02,13422.0,82,base4_plus_stress,2.34346,15.847142,2.328608274459839,15.451410293579102
P075_3_S19_C02,14029.0,82,base4_plus_stress,2.321794,15.847142,2.316406726837158,15.413971900939941
P075_3_S19_C02,14646.0,82,base4_plus_stress,2.31095,15.847142,2.3045406341552734,15.383354187011719
P075_3_S19_C02,15265.0,82,base4_plus_stress,2.299708,15.847142,2.2925610542297363,15.363100051879883
P075_3_S19_C02,15885.0,82,base4_plus_stress,2.292115,15.847142,2.2806949615478516,15.348918914794922
P075_3_S19_C02,17085.0,82,base4_plus_stress,2.266778,15.847142,2.2692103385925293,15.339247703552246
P004_2_S04_C11,0.0,92,base4,2.713909,16.717924,2.6168315410614014,17.061498641967773
P004_2_S04_C11,0.0,92,base4,2.70661,16.717924,2.6120142936706543,17.033924102783203
P004_2_S04_C11,0.0,92,base4,2.701574,16.717924,2.6058034896850586,16.994863510131836
P004_2_S04_C11,0.0,92,base4,2.696484,16.717924,2.5987846851348877,16.948081970214844
P004_2_S04_C11,0.0,92,base4,2.692177,16.717924,2.5910091400146484,16.89179229736328
P004_2_S04_C11,0.0,92,base4,2.687612,16.717924,2.5822956562042236,16.8239803314209
P004_2_S04_C11,0.0,92,base4,2.683562,16.717924,2.5724050998687744,16.74871826171875
P004_2_S04_C11,0.0,92,base4,2.675552,16.717924,2.5619988441467285,16.66608428955078
P004_2_S04_C11,0.0,92,base4,2.673724,16.717924,2.55035662651062,16.57258415222168
P007_2_S09_C10,0.0,92,base4,2.697726,17.456173,2.6718876361846924,17.591745376586914
P007_2_S09_C10,0.0,92,base4,2.691619,17.456173,2.6701786518096924,17.585691452026367
P007_2_S09_C10,0.0,92,base4,2.685932,17.456173,2.6683554649353027,17.579692840576172
P007_2_S09_C10,0.0,92,base4,2.680738,17.456173,2.6665303707122803,17.573806762695312
P007_2_S09_C10,0.0,92,base4,2.675793,17.456173,2.6647448539733887,17.567968368530273
P007_2_S09_C10,0.0,92,base4,2.670531,17.456173,2.6630077362060547,17.562057495117188
P007_2_S09_C10,0.0,92,base4,2.665572,17.456173,2.661318302154541,17.556005477905273
P007_2_S09_C10,0.0,92,base4,2.65702,17.456173,2.659689426422119,17.549884796142578
P007_2_S09_C10,0.0,92,base4,2.655033,17.456173,2.658134698867798,17.5438175201416
P011_1_S10_C11,0.0,92,base4,2.674842,17.597092,2.6619510650634766,17.585424423217773
P011_1_S10_C11,0.0,92,base4,2.668472,17.597092,2.659393787384033,17.57553482055664
P011_1_S10_C11,0.0,92,base4,2.662688,17.597092,2.6566593647003174,17.56463050842285
P011_1_S10_C11,0.0,92,base4,2.657059,17.597092,2.6539011001586914,17.553483963012695
P011_1_S10_C11,0.0,92,base4,2.651241,17.597092,2.651151418685913,17.54219627380371
P011_1_S10_C11,0.0,92,base4,2.645928,17.597092,2.6484434604644775,17.53089714050293
P011_1_S10_C11,0.0,92,base4,2.640874,17.597092,2.645784378051758,17.519634246826172
P011_1_S10_C11,0.0,92,base4,2.632689,17.597092,2.6431870460510254,17.50847625732422
P011_1_S10_C11,0.0,92,base4,2.628682,17.597092,2.6406514644622803,17.497447967529297
P015_3_S17_C11,0.0,92,base4,2.438477,16.595,2.546008586883545,16.544065475463867
P015_3_S17_C11,0.0,92,base4,2.410527,16.595,2.5286784172058105,16.413450241088867
P015_3_S17_C11,0.0,92,base4,2.372511,16.595,2.5107412338256836,16.285619735717773
P037_2_S06_C09,2249.0,92,base4,2.303873,16.04656,2.373926877975464,15.883611679077148
P037_2_S06_C09,2379.0,92,base4,2.287498,16.04656,2.35502290725708,15.841222763061523
P037_2_S06_C09,2515.0,92,base4,2.269198,16.04656,2.3368632793426514,15.823667526245117
P037_2_S06_C09,2650.0,92,base4,2.253785,16.04656,2.3201918601989746,15.823801040649414
P037_2_S06_C09,2784.0,92,base4,2.2342,16.04656,2.3049917221069336,15.837275505065918
P037_2_S06_C09,2920.0,92,base4,2.205066,16.04656,2.2909514904022217,15.861072540283203
P037_2_S06_C09,3060.0,92,base4,2.170108,16.04656,2.277442693710327,15.892231941223145
P037_2_S06_C09,3202.0,92,base4,2.116586,16.04656,2.264383554458618,15.92911148071289
P037_2_S06_C09,3488.0,92,base4,1.997463,16.04656,2.2514054775238037,15.9757080078125
P049_3_S15_C02,2152.0,92,base4,2.500887,14.869667,2.4138712882995605,15.430917739868164
P049_3_S15_C02,2271.0,92,base4,2.493731,14.869667,2.4072864055633545,15.384101867675781
P049_3_S15_C02,2395.0,92,base4,2.485354,14.869667,2.400507926940918,15.34280014038086
P049_3_S15_C02,2517.0,92,base4,2.480364,14.869667,2.394085168838501,15.307365417480469
P049_3_S15_C02,2637.0,92,base4,2.471771,14.869667,2.388118267059326,15.276655197143555
P049_3_S15_C02,2758.0,92,base4,2.464056,14.869667,2.382570266723633,15.250032424926758
P049_3_S15_C02,2881.0,92,base4,2.456818,14.869667,2.3774592876434326,15.226887702941895
P049_3_S15_C02,3004.0,92,base4,2.445937,14.869667,2.372783660888672,15.206683158874512
P049_3_S15_C02,3240.0,92,base4,2.434579,14.869667,2.368520975112915,15.189072608947754
P051_2_S11_C05,5504.0,92,base4,1.854337,23.062,1.7659869194030762,22.65666961669922
P051_2_S11_C05,5858.0,92,base4,1.706588,23.062,1.7704453468322754,22.512676239013672
P051_2_S11_C05,6237.0,92,base4,1.598978,23.062,1.7741742134094238,22.39589500427246
P063_3_S18_C05,5600.0,92,base4,2.248487,15.905776,2.328282594680786,15.638349533081055
P063_3_S18_C05,5918.0,92,base4,2.201492,15.905776,2.3079733848571777,15.656662940979004
P063_3_S18_C05,6251.0,92,base4,2.170797,15.905776,2.289860725402832,15.691610336303711
P063_3_S18_C05,6580.0,92,base4,2.14893,15.905776,2.2738258838653564,15.735700607299805
P063_3_S18_C05,6907.0,92,base4,2.123314,15.905776,2.2587413787841797,15.785070419311523
P063_3_S18_C05,7239.0,92,base4,2.100496,15.905776,2.2441508769989014,15.838773727416992
P063_3_S18_C05,7576.0,92,base4,2.076689,15.905776,2.229651689529419,15.90133285522461
P063_3_S18_C05,7915.0,92,base4,2.071696,15.905776,2.215128183364868,15.971031188964844
P063_3_S18_C05,8572.0,92,base4,2.025095,15.905776,2.2017292976379395,16.037551879882812
P068_3_S08_C03,11370.0,92,base4,2.187058,19.151333,1.9711354970932007,19.360158920288086
P068_3_S08_C03,11972.0,92,base4,2.173376,19.151333,1.9618008136749268,19.39158058166504
P068_3_S08_C03,12578.0,92,base4,2.16034,19.151333,1.9583780765533447,19.3435115814209
P068_3_S08_C03,13173.0,92,base4,2.142762,19.151333,1.9572913646697998,19.274641036987305
P068_3_S08_C03,13760.0,92,base4,2.07971,19.151333,1.957694411277771,19.196775436401367
P068_3_S08_C03,14355.0,92,base4,1.946286,19.151333,1.95903742313385,19.11561393737793
P068_3_S08_C03,14946.0,92,base4,1.726823,19.151333,1.960823655128479,19.03534507751465
P075_3_S19_C02,11570.0,92,base4,2.370704,15.847142,2.350159168243408,15.458063125610352
P075_3_S19_C02,12177.0,92,base4,2.368679,15.847142,2.3307981491088867,15.43603801727295
P075_3_S19_C02,12805.0,92,base4,2.352887,15.847142,2.31113338470459,15.449259757995605
P075_3_S19_C02,13422.0,92,base4,2.34346,15.847142,2.2927322387695312,15.483823776245117
P075_3_S19_C02,14029.0,92,base4,2.321794,15.847142,2.274951696395874,15.536375999450684
P075_3_S19_C02,14646.0,92,base4,2.31095,15.847142,2.2576704025268555,15.600369453430176
P075_3_S19_C02,15265.0,92,base4,2.299708,15.847142,2.240119695663452,15.67367935180664
P075_3_S19_C02,15885.0,92,base4,2.292115,15.847142,2.2224254608154297,15.75240421295166
P075_3_S19_C02,17085.0,92,base4,2.266778,15.847142,2.2046709060668945,15.842497825622559
P004_2_S04_C11,0.0,92,base4_plus_stress,2.713909,16.717924,2.616506338119507,17.412378311157227
P004_2_S04_C11,0.0,92,base4_plus_stress,2.70661,16.717924,2.6151037216186523,17.40645980834961
P004_2_S04_C11,0.0,92,base4_plus_stress,2.701574,16.717924,2.6134819984436035,17.400178909301758
P004_2_S04_C11,0.0,92,base4_plus_stress,2.696484,16.717924,2.6117846965789795,17.393518447875977
P004_2_S04_C11,0.0,92,base4_plus_stress,2.692177,16.717924,2.610029697418213,17.386375427246094
P004_2_S04_C11,0.0,92,base4_plus_stress,2.687612,16.717924,2.6082606315612793,17.37879180908203
P004_2_S04_C11,0.0,92,base4_plus_stress,2.683562,16.717924,2.606494188308716,17.370851516723633
P004_2_S04_C11,0.0,92,base4_plus_stress,2.675552,16.717924,2.604804039001465,17.362333297729492
P004_2_S04_C11,0.0,92,base4_plus_stress,2.673724,16.717924,2.6031570434570312,17.353734970092773
P007_2_S09_C10,0.0,92,base4_plus_stress,2.697726,17.456173,2.669969081878662,17.75468635559082
P007_2_S09_C10,0.0,92,base4_plus_stress,2.691619,17.456173,2.6694209575653076,17.754465103149414
P007_2_S09_C10,0.0,92,base4_plus_stress,2.685932,17.456173,2.6689205169677734,17.754993438720703
P007_2_S09_C10,0.0,92,base4_plus_stress,2.680738,17.456173,2.6684820652008057,17.755830764770508
P007_2_S09_C10,0.0,92,base4_plus_stress,2.675793,17.456173,2.6680874824523926,17.756656646728516
P007_2_S09_C10,0.0,92,base4_plus_stress,2.670531,17.456173,2.667726755142212,17.75733757019043
P007_2_S09_C10,0.0,92,base4_plus_stress,2.665572,17.456173,2.6673943996429443,17.75782585144043
P007_2_S09_C10,0.0,92,base4_plus_stress,2.65702,17.456173,2.667088270187378,17.758132934570312
P007_2_S09_C10,0.0,92,base4_plus_stress,2.655033,17.456173,2.666807174682617,17.758283615112305
P011_1_S10_C11,0.0,92,base4_plus_stress,2.674842,17.597092,2.6610167026519775,17.725252151489258
P011_1_S10_C11,0.0,92,base4_plus_stress,2.668472,17.597092,2.659987449645996,17.72274398803711
P011_1_S10_C11,0.0,92,base4_plus_stress,2.662688,17.597092,2.658966064453125,17.72048568725586
P011_1_S10_C11,0.0,92,base4_plus_stress,2.657059,17.597092,2.6580123901367188,17.718505859375
P011_1_S10_C11,0.0,92,base4_plus_stress,2.651241,17.597092,2.6571261882781982,17.7166690826416
P011_1_S10_C11,0.0,92,base4_plus_stress,2.645928,17.597092,2.65631103515625,17.71493148803711
P011_1_S10_C11,0.0,92,base4_plus_stress,2.640874,17.597092,2.6555631160736084,17.71327018737793
P011_1_S10_C11,0.0,92,base4_plus_stress,2.632689,17.597092,2.654881477355957,17.71169090270996
P011_1_S10_C11,0.0,92,base4_plus_stress,2.628682,17.597092,2.6542623043060303,17.710193634033203
P015_3_S17_C11,0.0,92,base4_plus_stress,2.438477,16.595,2.5780410766601562,17.197072982788086
P015_3_S17_C11,0.0,92,base4_plus_stress,2.410527,16.595,2.573486328125,17.174375534057617
P015_3_S17_C11,0.0,92,base4_plus_stress,2.372511,16.595,2.5698466300964355,17.15719985961914
P037_2_S06_C09,2249.0,92,base4_plus_stress,2.303873,16.04656,2.321558952331543,15.938535690307617
P037_2_S06_C09,2379.0,92,base4_plus_stress,2.287498,16.04656,2.3042895793914795,15.933985710144043
P037_2_S06_C09,2515.0,92,base4_plus_stress,2.269198,16.04656,2.288738250732422,15.950837135314941
P037_2_S06_C09,2650.0,92,base4_plus_stress,2.253785,16.04656,2.2736093997955322,15.979758262634277
P037_2_S06_C09,2784.0,92,base4_plus_stress,2.2342,16.04656,2.2592146396636963,16.014766693115234
P037_2_S06_C09,2920.0,92,base4_plus_stress,2.205066,16.04656,2.2455716133117676,16.052947998046875
P037_2_S06_C09,3060.0,92,base4_plus_stress,2.170108,16.04656,2.2324399948120117,16.09467124938965
P037_2_S06_C09,3202.0,92,base4_plus_stress,2.116586,16.04656,2.219916343688965,16.138303756713867
P037_2_S06_C09,3488.0,92,base4_plus_stress,1.997463,16.04656,2.208655595779419,16.1789493560791
P049_3_S15_C02,2152.0,92,base4_plus_stress,2.500887,14.869667,2.3979341983795166,15.661706924438477
P049_3_S15_C02,2271.0,92,base4_plus_stress,2.493731,14.869667,2.39380145072937,15.629084587097168
P049_3_S15_C02,2395.0,92,base4_plus_stress,2.485354,14.869667,2.390169143676758,15.603829383850098
P049_3_S15_C02,2517.0,92,base4_plus_stress,2.480364,14.869667,2.3867616653442383,15.581506729125977
P049_3_S15_C02,2637.0,92,base4_plus_stress,2.471771,14.869667,2.3836193084716797,15.561594009399414
P049_3_S15_C02,2758.0,92,base4_plus_stress,2.464056,14.869667,2.38075852394104,15.543813705444336
P049_3_S15_C02,2881.0,92,base4_plus_stress,2.456818,14.869667,2.378166437149048,15.528042793273926
P049_3_S15_C02,3004.0,92,base4_plus_stress,2.445937,14.869667,2.3758299350738525,15.51406478881836
P049_3_S15_C02,3240.0,92,base4_plus_stress,2.434579,14.869667,2.3736672401428223,15.502092361450195
P051_2_S11_C05,5504.0,92,base4_plus_stress,1.854337,23.062,1.7410058975219727,23.323190689086914
P051_2_S11_C05,5858.0,92,base4_plus_stress,1.706588,23.062,1.7469303607940674,23.155473709106445
P051_2_S11_C05,6237.0,92,base4_plus_stress,1.598978,23.062,1.751533031463623,23.01410484313965
P063_3_S18_C05,5600.0,92,base4_plus_stress,2.248487,15.905776,2.2941677570343018,15.842183113098145
P063_3_S18_C05,5918.0,92,base4_plus_stress,2.201492,15.905776,2.2764809131622314,15.874030113220215
P063_3_S18_C05,6251.0,92,base4_plus_stress,2.170797,15.905776,2.2601609230041504,15.91830062866211
P063_3_S18_C05,6580.0,92,base4_plus_stress,2.14893,15.905776,2.2448151111602783,15.966545104980469
P063_3_S18_C05,6907.0,92,base4_plus_stress,2.123314,15.905776,2.2305526733398438,16.013736724853516
P063_3_S18_C05,7239.0,92,base4_plus_stress,2.100496,15.905776,2.2170920372009277,16.063621520996094
P063_3_S18_C05,7576.0,92,base4_plus_stress,2.076689,15.905776,2.2045352458953857,16.112613677978516
P063_3_S18_C05,7915.0,92,base4_plus_stress,2.071696,15.905776,2.1933398246765137,16.157625198364258
P063_3_S18_C05,8572.0,92,base4_plus_stress,2.025095,15.905776,2.182551383972168,16.206525802612305
P068_3_S08_C03,11370.0,92,base4_plus_stress,2.187058,19.151333,1.9138059616088867,19.69926643371582
P068_3_S08_C03,11972.0,92,base4_plus_stress,2.173376,19.151333,1.911172866821289,19.661052703857422
P068_3_S08_C03,12578.0,92,base4_plus_stress,2.16034,19.151333,1.913074016571045,19.563934326171875
P068_3_S08_C03,13173.0,92,base4_plus_stress,2.142762,19.151333,1.91584312915802,19.4638729095459
P068_3_S08_C03,13760.0,92,base4_plus_stress,2.07971,19.151333,1.9194133281707764,19.360868453979492
P068_3_S08_C03,14355.0,92,base4_plus_stress,1.946286,19.151333,1.9235305786132812,19.25516128540039
P068_3_S08_C03,14946.0,92,base4_plus_stress,1.726823,19.151333,1.9279229640960693,19.15070343017578
P075_3_S19_C02,11570.0,92,base4_plus_stress,2.370704,15.847142,2.322983980178833,15.69631576538086
P075_3_S19_C02,12177.0,92,base4_plus_stress,2.368679,15.847142,2.304281711578369,15.713348388671875
P075_3_S19_C02,12805.0,92,base4_plus_stress,2.352887,15.847142,2.2866950035095215,15.74796199798584
P075_3_S19_C02,13422.0,92,base4_plus_stress,2.34346,15.847142,2.2693796157836914,15.793774604797363
P075_3_S19_C02,14029.0,92,base4_plus_stress,2.321794,15.847142,2.2517623901367188,15.850774765014648
P075_3_S19_C02,14646.0,92,base4_plus_stress,2.31095,15.847142,2.2340476512908936,15.91486930847168
P075_3_S19_C02,15265.0,92,base4_plus_stress,2.299708,15.847142,2.2175402641296387,15.975608825683594
P075_3_S19_C02,15885.0,92,base4_plus_stress,2.292115,15.847142,2.201666831970215,16.04081153869629
P075_3_S19_C02,17085.0,92,base4_plus_stress,2.266778,15.847142,2.187613010406494,16.100412368774414
P004_2_S04_C11,0.0,102,base4,2.713909,16.717924,2.703768014907837,17.173585891723633
P004_2_S04_C11,0.0,102,base4,2.70661,16.717924,2.7011401653289795,17.161436080932617
P004_2_S04_C11,0.0,102,base4,2.701574,16.717924,2.697920083999634,17.146493911743164
P004_2_S04_C11,0.0,102,base4,2.696484,16.717924,2.694805145263672,17.132078170776367
P004_2_S04_C11,0.0,102,base4,2.692177,16.717924,2.6918506622314453,17.11824607849121
P004_2_S04_C11,0.0,102,base4,2.687612,16.717924,2.6890907287597656,17.10504913330078
P004_2_S04_C11,0.0,102,base4,2.683562,16.717924,2.686488628387451,17.091859817504883
P004_2_S04_C11,0.0,102,base4,2.675552,16.717924,2.68410587310791,17.07854461669922
P004_2_S04_C11,0.0,102,base4,2.673724,16.717924,2.681880235671997,17.065061569213867
P007_2_S09_C10,0.0,102,base4,2.697726,17.456173,2.7259840965270996,17.677669525146484
P007_2_S09_C10,0.0,102,base4,2.691619,17.456173,2.7244648933410645,17.68364906311035
P007_2_S09_C10,0.0,102,base4,2.685932,17.456173,2.723146915435791,17.686717987060547
P007_2_S09_C10,0.0,102,base4,2.680738,17.456173,2.7219295501708984,17.690757751464844
P007_2_S09_C10,0.0,102,base4,2.675793,17.456173,2.7208220958709717,17.69537925720215
P007_2_S09_C10,0.0,102,base4,2.670531,17.456173,2.7198245525360107,17.7003173828125
P007_2_S09_C10,0.0,102,base4,2.665572,17.456173,2.7189252376556396,17.705392837524414
P007_2_S09_C10,0.0,102,base4,2.65702,17.456173,2.718116044998169,17.710500717163086
P007_2_S09_C10,0.0,102,base4,2.655033,17.456173,2.7173874378204346,17.715559005737305
P011_1_S10_C11,0.0,102,base4,2.674842,17.597092,2.712010145187378,17.70972442626953
P011_1_S10_C11,0.0,102,base4,2.668472,17.597092,2.7099664211273193,17.716176986694336
P011_1_S10_C11,0.0,102,base4,2.662688,17.597092,2.7083191871643066,17.716779708862305
P011_1_S10_C11,0.0,102,base4,2.657059,17.597092,2.7069125175476074,17.71759033203125
P011_1_S10_C11,0.0,102,base4,2.651241,17.597092,2.7056987285614014,17.718595504760742
P011_1_S10_C11,0.0,102,base4,2.645928,17.597092,2.7046496868133545,17.719812393188477
P011_1_S10_C11,0.0,102,base4,2.640874,17.597092,2.7037346363067627,17.72116470336914
P011_1_S10_C11,0.0,102,base4,2.632689,17.597092,2.702935218811035,17.722631454467773
P011_1_S10_C11,0.0,102,base4,2.628682,17.597092,2.70223331451416,17.724170684814453
P015_3_S17_C11,0.0,102,base4,2.438477,16.595,2.6530261039733887,16.8173770904541
P015_3_S17_C11,0.0,102,base4,2.410527,16.595,2.6419692039489746,16.734926223754883
P015_3_S17_C11,0.0,102,base4,2.372511,16.595,2.6303577423095703,16.649171829223633
P037_2_S06_C09,2249.0,102,base4,2.303873,16.04656,2.3142075538635254,15.863906860351562
P037_2_S06_C09,2379.0,102,base4,2.287498,16.04656,2.284574270248413,15.872454643249512
P037_2_S06_C09,2515.0,102,base4,2.269198,16.04656,2.257688045501709,15.884261131286621
P037_2_S06_C09,2650.0,102,base4,2.253785,16.04656,2.231890916824341,15.908063888549805
P037_2_S06_C09,2784.0,102,base4,2.2342,16.04656,2.206730604171753,15.93501091003418
P037_2_S06_C09,2920.0,102,base4,2.205066,16.04656,2.1824159622192383,15.963791847229004
P037_2_S06_C09,3060.0,102,base4,2.170108,16.04656,2.1589548587799072,15.993535995483398
P037_2_S06_C09,3202.0,102,base4,2.116586,16.04656,2.136780261993408,16.026599884033203
P037_2_S06_C09,3488.0,102,base4,1.997463,16.04656,2.1154074668884277,16.06758689880371
P049_3_S15_C02,2152.0,102,base4,2.500887,14.869667,2.495286464691162,15.392661094665527
P049_3_S15_C02,2271.0,102,base4,2.493731,14.869667,2.4842770099639893,15.351433753967285
P049_3_S15_C02,2395.0,102,base4,2.485354,14.869667,2.474116086959839,15.3162841796875
P049_3_S15_C02,2517.0,102,base4,2.480364,14.869667,2.464628219604492,15.28639030456543
P049_3_S15_C02,2637.0,102,base4,2.471771,14.869667,2.456737518310547,15.262134552001953
P049_3_S15_C02,2758.0,102,base4,2.464056,14.869667,2.450068950653076,15.241823196411133
P049_3_S15_C02,2881.0,102,base4,2.456818,14.869667,2.443573474884033,15.222745895385742
P049_3_S15_C02,3004.0,102,base4,2.445937,14.869667,2.437947988510132,15.205425262451172
P049_3_S15_C02,3240.0,102,base4,2.434579,14.869667,2.4327499866485596,15.189449310302734
P051_2_S11_C05,5504.0,102,base4,1.854337,23.062,1.8557534217834473,21.98004150390625
P051_2_S11_C05,5858.0,102,base4,1.706588,23.062,1.8480541706085205,22.014434814453125
P051_2_S11_C05,6237.0,102,base4,1.598978,23.062,1.8432726860046387,22.0346736907959
P063_3_S18_C05,5600.0,102,base4,2.248487,15.905776,2.29903244972229,15.630424499511719
P063_3_S18_C05,5918.0,102,base4,2.201492,15.905776,2.2715325355529785,15.632699012756348
P063_3_S18_C05,6251.0,102,base4,2.170797,15.905776,2.2476260662078857,15.64001750946045
P063_3_S18_C05,6580.0,102,base4,2.14893,15.905776,2.2258567810058594,15.648091316223145
P063_3_S18_C05,6907.0,102,base4,2.123314,15.905776,2.20540452003479,15.660284996032715
P063_3_S18_C05,7239.0,102,base4,2.100496,15.905776,2.185462713241577,15.679410934448242
P063_3_S18_C05,7576.0,102,base4,2.076689,15.905776,2.1658623218536377,15.70157527923584
P063_3_S18_C05,7915.0,102,base4,2.071696,15.905776,2.1467418670654297,15.725186347961426
P063_3_S18_C05,8572.0,102,base4,2.025095,15.905776,2.1281750202178955,15.749749183654785
P068_3_S08_C03,11370.0,102,base4,2.187058,19.151333,1.9768457412719727,20.97027015686035
P068_3_S08_C03,11972.0,102,base4,2.173376,19.151333,1.948756217956543,21.134872436523438
P068_3_S08_C03,12578.0,102,base4,2.16034,19.151333,1.927625298500061,21.241588592529297
P068_3_S08_C03,13173.0,102,base4,2.142762,19.151333,1.91042160987854,21.328441619873047
P068_3_S08_C03,13760.0,102,base4,2.07971,19.151333,1.89658522605896,21.400218963623047
P068_3_S08_C03,14355.0,102,base4,1.946286,19.151333,1.8855502605438232,21.461397171020508
P068_3_S08_C03,14946.0,102,base4,1.726823,19.151333,1.8766636848449707,21.515953063964844
P075_3_S19_C02,11570.0,102,base4,2.370704,15.847142,2.4047560691833496,15.476919174194336
P075_3_S19_C02,12177.0,102,base4,2.368679,15.847142,2.3806989192962646,15.430858612060547
P075_3_S19_C02,12805.0,102,base4,2.352887,15.847142,2.358762741088867,15.39474105834961
P075_3_S19_C02,13422.0,102,base4,2.34346,15.847142,2.3392090797424316,15.366902351379395
P075_3_S19_C02,14029.0,102,base4,2.321794,15.847142,2.3212289810180664,15.345897674560547
P075_3_S19_C02,14646.0,102,base4,2.31095,15.847142,2.3040010929107666,15.325806617736816
P075_3_S19_C02,15265.0,102,base4,2.299708,15.847142,2.2871408462524414,15.307942390441895
P075_3_S19_C02,15885.0,102,base4,2.292115,15.847142,2.270663261413574,15.292190551757812
P075_3_S19_C02,17085.0,102,base4,2.266778,15.847142,2.2543270587921143,15.279287338256836
P004_2_S04_C11,0.0,102,base4_plus_stress,2.713909,16.717924,2.6716091632843018,16.570390701293945
P004_2_S04_C11,0.0,102,base4_plus_stress,2.70661,16.717924,2.668860912322998,16.558504104614258
P004_2_S04_C11,0.0,102,base4_plus_stress,2.701574,16.717924,2.6642096042633057,16.530113220214844
P004_2_S04_C11,0.0,102,base4_plus_stress,2.696484,16.717924,2.659193992614746,16.499170303344727
P004_2_S04_C11,0.0,102,base4_plus_stress,2.692177,16.717924,2.653752326965332,16.466764450073242
P004_2_S04_C11,0.0,102,base4_plus_stress,2.687612,16.717924,2.6482019424438477,16.435007095336914
P004_2_S04_C11,0.0,102,base4_plus_stress,2.683562,16.717924,2.642606258392334,16.40210723876953
P004_2_S04_C11,0.0,102,base4_plus_stress,2.675552,16.717924,2.6372570991516113,16.37171173095703
P004_2_S04_C11,0.0,102,base4_plus_stress,2.673724,16.717924,2.631984233856201,16.34172821044922
P007_2_S09_C10,0.0,102,base4_plus_stress,2.697726,17.456173,2.714625358581543,17.626874923706055
P007_2_S09_C10,0.0,102,base4_plus_stress,2.691619,17.456173,2.713069200515747,17.643890380859375
P007_2_S09_C10,0.0,102,base4_plus_stress,2.685932,17.456173,2.71175217628479,17.65302085876465
P007_2_S09_C10,0.0,102,base4_plus_stress,2.680738,17.456173,2.7105209827423096,17.662988662719727
P007_2_S09_C10,0.0,102,base4_plus_stress,2.675793,17.456173,2.7093899250030518,17.673629760742188
P007_2_S09_C10,0.0,102,base4_plus_stress,2.670531,17.456173,2.7083539962768555,17.684661865234375
P007_2_S09_C10,0.0,102,base4_plus_stress,2.665572,17.456173,2.707404375076294,17.69587516784668
P007_2_S09_C10,0.0,102,base4_plus_stress,2.65702,17.456173,2.7065329551696777,17.707124710083008
P007_2_S09_C10,0.0,102,base4_plus_stress,2.655033,17.456173,2.705730438232422,17.718313217163086
P011_1_S10_C11,0.0,102,base4_plus_stress,2.674842,17.597092,2.6936933994293213,17.690513610839844
P011_1_S10_C11,0.0,102,base4_plus_stress,2.668472,17.597092,2.6914870738983154,17.71082878112793
P011_1_S10_C11,0.0,102,base4_plus_stress,2.662688,17.597092,2.689689874649048,17.718034744262695
P011_1_S10_C11,0.0,102,base4_plus_stress,2.657059,17.597092,2.688006639480591,17.72603988647461
P011_1_S10_C11,0.0,102,base4_plus_stress,2.651241,17.597092,2.6864287853240967,17.73465347290039
P011_1_S10_C11,0.0,102,base4_plus_stress,2.645928,17.597092,2.6849794387817383,17.74353790283203
P011_1_S10_C11,0.0,102,base4_plus_stress,2.640874,17.597092,2.683634042739868,17.752588272094727
P011_1_S10_C11,0.0,102,base4_plus_stress,2.632689,17.597092,2.6823947429656982,17.761764526367188
P011_1_S10_C11,0.0,102,base4_plus_stress,2.628682,17.597092,2.6812472343444824,17.77101707458496
P015_3_S17_C11,0.0,102,base4_plus_stress,2.438477,16.595,2.5909948348999023,16.190677642822266
P015_3_S17_C11,0.0,102,base4_plus_stress,2.410527,16.595,2.5810940265655518,16.1486759185791
P015_3_S17_C11,0.0,102,base4_plus_stress,2.372511,16.595,2.5720443725585938,16.10546112060547
P037_2_S06_C09,2249.0,102,base4_plus_stress,2.303873,16.04656,2.3030643463134766,15.957964897155762
P037_2_S06_C09,2379.0,102,base4_plus_stress,2.287498,16.04656,2.280646324157715,15.969136238098145
P037_2_S06_C09,2515.0,102,base4_plus_stress,2.269198,16.04656,2.2584898471832275,15.981158256530762
P037_2_S06_C09,2650.0,102,base4_plus_stress,2.253785,16.04656,2.2356796264648438,15.995905876159668
P037_2_S06_C09,2784.0,102,base4_plus_stress,2.2342,16.04656,2.2133407592773438,16.00120735168457
P037_2_S06_C09,2920.0,102,base4_plus_stress,2.205066,16.04656,2.1907472610473633,16.00391960144043
P037_2_S06_C09,3060.0,102,base4_plus_stress,2.170108,16.04656,2.166987657546997,16.010604858398438
P037_2_S06_C09,3202.0,102,base4_plus_stress,2.116586,16.04656,2.1422007083892822,16.020448684692383
P037_2_S06_C09,3488.0,102,base4_plus_stress,1.997463,16.04656,2.1167314052581787,16.030654907226562
P049_3_S15_C02,2152.0,102,base4_plus_stress,2.500887,14.869667,2.420651435852051,15.234294891357422
P049_3_S15_C02,2271.0,102,base4_plus_stress,2.493731,14.869667,2.415802478790283,15.22857666015625
P049_3_S15_C02,2395.0,102,base4_plus_stress,2.485354,14.869667,2.4105350971221924,15.223386764526367
P049_3_S15_C02,2517.0,102,base4_plus_stress,2.480364,14.869667,2.4052374362945557,15.218666076660156
P049_3_S15_C02,2637.0,102,base4_plus_stress,2.471771,14.869667,2.400153875350952,15.214131355285645
P049_3_S15_C02,2758.0,102,base4_plus_stress,2.464056,14.869667,2.395414352416992,15.209928512573242
P049_3_S15_C02,2881.0,102,base4_plus_stress,2.456818,14.869667,2.3906893730163574,15.207221031188965
P049_3_S15_C02,3004.0,102,base4_plus_stress,2.445937,14.869667,2.3859760761260986,15.206764221191406
P049_3_S15_C02,3240.0,102,base4_plus_stress,2.434579,14.869667,2.381561517715454,15.206563949584961
P051_2_S11_C05,5504.0,102,base4_plus_stress,1.854337,23.062,1.8883886337280273,22.35657501220703
P051_2_S11_C05,5858.0,102,base4_plus_stress,1.706588,23.062,1.876887559890747,22.4195556640625
P051_2_S11_C05,6237.0,102,base4_plus_stress,1.598978,23.062,1.8696544170379639,22.458866119384766
P063_3_S18_C05,5600.0,102,base4_plus_stress,2.248487,15.905776,2.2977523803710938,15.726740837097168
P063_3_S18_C05,5918.0,102,base4_plus_stress,2.201492,15.905776,2.2793049812316895,15.728864669799805
P063_3_S18_C05,6251.0,102,base4_plus_stress,2.170797,15.905776,2.2616000175476074,15.73266887664795
P063_3_S18_C05,6580.0,102,base4_plus_stress,2.14893,15.905776,2.244311571121216,15.73685359954834
P063_3_S18_C05,6907.0,102,base4_plus_stress,2.123314,15.905776,2.227289915084839,15.741861343383789
P063_3_S18_C05,7239.0,102,base4_plus_stress,2.100496,15.905776,2.210270404815674,15.749674797058105
P063_3_S18_C05,7576.0,102,base4_plus_stress,2.076689,15.905776,2.1931087970733643,15.75643539428711
P063_3_S18_C05,7915.0,102,base4_plus_stress,2.071696,15.905776,2.1759443283081055,15.759825706481934
P063_3_S18_C05,8572.0,102,base4_plus_stress,2.025095,15.905776,2.1587090492248535,15.761651039123535
P068_3_S08_C03,11370.0,102,base4_plus_stress,2.187058,19.151333,1.9671262502670288,21.489938735961914
P068_3_S08_C03,11972.0,102,base4_plus_stress,2.173376,19.151333,1.9414119720458984,21.68246078491211
P068_3_S08_C03,12578.0,102,base4_plus_stress,2.16034,19.151333,1.9205729961395264,21.821834564208984
P068_3_S08_C03,13173.0,102,base4_plus_stress,2.142762,19.151333,1.9029743671417236,21.942712783813477
P068_3_S08_C03,13760.0,102,base4_plus_stress,2.07971,19.151333,1.888573408126831,22.04462242126465
P068_3_S08_C03,14355.0,102,base4_plus_stress,1.946286,19.151333,1.8771214485168457,22.12900161743164
P068_3_S08_C03,14946.0,102,base4_plus_stress,1.726823,19.151333,1.8683278560638428,22.197587966918945
P075_3_S19_C02,11570.0,102,base4_plus_stress,2.370704,15.847142,2.377532482147217,15.558886528015137
P075_3_S19_C02,12177.0,102,base4_plus_stress,2.368679,15.847142,2.366731882095337,15.54473876953125
P075_3_S19_C02,12805.0,102,base4_plus_stress,2.352887,15.847142,2.3573648929595947,15.528088569641113
P075_3_S19_C02,13422.0,102,base4_plus_stress,2.34346,15.847142,2.3488969802856445,15.509777069091797
P075_3_S19_C02,14029.0,102,base4_plus_stress,2.321794,15.847142,2.3410730361938477,15.4920072555542
P075_3_S19_C02,14646.0,102,base4_plus_stress,2.31095,15.847142,2.3334662914276123,15.476851463317871
P075_3_S19_C02,15265.0,102,base4_plus_stress,2.299708,15.847142,2.326075553894043,15.461813926696777
P075_3_S19_C02,15885.0,102,base4_plus_stress,2.292115,15.847142,2.3187460899353027,15.447710990905762
P075_3_S19_C02,17085.0,102,base4_plus_stress,2.266778,15.847142,2.31156325340271,15.433825492858887
P004_2_S04_C11,0.0,112,base4,2.713909,16.717924,2.616527795791626,17.131168365478516
P004_2_S04_C11,0.0,112,base4,2.70661,16.717924,2.6121666431427,17.10662841796875
P004_2_S04_C11,0.0,112,base4,2.701574,16.717924,2.606660842895508,17.076141357421875
P004_2_S04_C11,0.0,112,base4,2.696484,16.717924,2.600538969039917,17.040367126464844
P004_2_S04_C11,0.0,112,base4,2.692177,16.717924,2.593695640563965,16.999074935913086
P004_2_S04_C11,0.0,112,base4,2.687612,16.717924,2.586284637451172,16.954063415527344
P004_2_S04_C11,0.0,112,base4,2.683562,16.717924,2.578174352645874,16.905698776245117
P004_2_S04_C11,0.0,112,base4,2.675552,16.717924,2.5688750743865967,16.848148345947266
P004_2_S04_C11,0.0,112,base4,2.673724,16.717924,2.5586960315704346,16.780305862426758
P007_2_S09_C10,0.0,112,base4,2.697726,17.456173,2.695152521133423,17.618759155273438
P007_2_S09_C10,0.0,112,base4,2.691619,17.456173,2.6936182975769043,17.612728118896484
P007_2_S09_C10,0.0,112,base4,2.685932,17.456173,2.69209623336792,17.607177734375
P007_2_S09_C10,0.0,112,base4,2.680738,17.456173,2.6907155513763428,17.602352142333984
P007_2_S09_C10,0.0,112,base4,2.675793,17.456173,2.689436912536621,17.597904205322266
P007_2_S09_C10,0.0,112,base4,2.670531,17.456173,2.688246250152588,17.59369659423828
P007_2_S09_C10,0.0,112,base4,2.665572,17.456173,2.6871325969696045,17.589662551879883
P007_2_S09_C10,0.0,112,base4,2.65702,17.456173,2.6860876083374023,17.585763931274414
P007_2_S09_C10,0.0,112,base4,2.655033,17.456173,2.685103178024292,17.581985473632812
P011_1_S10_C11,0.0,112,base4,2.674842,17.597092,2.6877942085266113,17.603717803955078
P011_1_S10_C11,0.0,112,base4,2.668472,17.597092,2.6856420040130615,17.594623565673828
P011_1_S10_C11,0.0,112,base4,2.662688,17.597092,2.6833834648132324,17.585058212280273
P011_1_S10_C11,0.0,112,base4,2.657059,17.597092,2.681220054626465,17.575851440429688
P011_1_S10_C11,0.0,112,base4,2.651241,17.597092,2.679171085357666,17.56708526611328
P011_1_S10_C11,0.0,112,base4,2.645928,17.597092,2.6772375106811523,17.558744430541992
P011_1_S10_C11,0.0,112,base4,2.640874,17.597092,2.675403118133545,17.550762176513672
P011_1_S10_C11,0.0,112,base4,2.632689,17.597092,2.6736643314361572,17.543127059936523
P011_1_S10_C11,0.0,112,base4,2.628682,17.597092,2.672011375427246,17.535802841186523
P015_3_S17_C11,0.0,112,base4,2.438477,16.595,2.5490200519561768,16.71746253967285
P015_3_S17_C11,0.0,112,base4,2.410527,16.595,2.5340375900268555,16.612998962402344
P015_3_S17_C11,0.0,112,base4,2.372511,16.595,2.518911361694336,16.51563262939453
P037_2_S06_C09,2249.0,112,base4,2.303873,16.04656,2.37347412109375,15.897690773010254
P037_2_S06_C09,2379.0,112,base4,2.287498,16.04656,2.346912384033203,15.84049129486084
P037_2_S06_C09,2515.0,112,base4,2.269198,16.04656,2.3191864490509033,15.81502628326416
P037_2_S06_C09,2650.0,112,base4,2.253785,16.04656,2.292959213256836,15.810535430908203
P037_2_S06_C09,2784.0,112,base4,2.2342,16.04656,2.269235610961914,15.82355785369873
P037_2_S06_C09,2920.0,112,base4,2.205066,16.04656,2.247450828552246,15.85169506072998
P037_2_S06_C09,3060.0,112,base4,2.170108,16.04656,2.2270774841308594,15.89243221282959
P037_2_S06_C09,3202.0,112,base4,2.116586,16.04656,2.2088189125061035,15.933526039123535
P037_2_S06_C09,3488.0,112,base4,1.997463,16.04656,2.1917595863342285,15.981525421142578
P049_3_S15_C02,2152.0,112,base4,2.500887,14.869667,2.4129419326782227,15.646822929382324
P049_3_S15_C02,2271.0,112,base4,2.493731,14.869667,2.4049549102783203,15.587141036987305
P049_3_S15_C02,2395.0,112,base4,2.485354,14.869667,2.3966457843780518,15.52945613861084
P049_3_S15_C02,2517.0,112,base4,2.480364,14.869667,2.3886449337005615,15.475802421569824
P049_3_S15_C02,2637.0,112,base4,2.471771,14.869667,2.3813107013702393,15.42574405670166
P049_3_S15_C02,2758.0,112,base4,2.464056,14.869667,2.374150037765503,15.380166053771973
P049_3_S15_C02,2881.0,112,base4,2.456818,14.869667,2.3674068450927734,15.339062690734863
P049_3_S15_C02,3004.0,112,base4,2.445937,14.869667,2.3611695766448975,15.301963806152344
P049_3_S15_C02,3240.0,112,base4,2.434579,14.869667,2.355423927307129,15.268692970275879
P051_2_S11_C05,5504.0,112,base4,1.854337,23.062,1.7528157234191895,22.396514892578125
P051_2_S11_C05,5858.0,112,base4,1.706588,23.062,1.7539432048797607,22.35089683532715
P051_2_S11_C05,6237.0,112,base4,1.598978,23.062,1.7552132606506348,22.309919357299805
P063_3_S18_C05,5600.0,112,base4,2.248487,15.905776,2.316664457321167,15.651774406433105
P063_3_S18_C05,5918.0,112,base4,2.201492,15.905776,2.286172866821289,15.655315399169922
P063_3_S18_C05,6251.0,112,base4,2.170797,15.905776,2.2588913440704346,15.682022094726562
P063_3_S18_C05,6580.0,112,base4,2.14893,15.905776,2.2349648475646973,15.727936744689941
P063_3_S18_C05,6907.0,112,base4,2.123314,15.905776,2.213683843612671,15.782670021057129
P063_3_S18_C05,7239.0,112,base4,2.100496,15.905776,2.195189952850342,15.836739540100098
P063_3_S18_C05,7576.0,112,base4,2.076689,15.905776,2.178300619125366,15.893547058105469
P063_3_S18_C05,7915.0,112,base4,2.071696,15.905776,2.1630396842956543,15.954887390136719
P063_3_S18_C05,8572.0,112,base4,2.025095,15.905776,2.1495676040649414,16.021011352539062
P068_3_S08_C03,11370.0,112,base4,2.187058,19.151333,1.8924505710601807,19.438508987426758
P068_3_S08_C03,11972.0,112,base4,2.173376,19.151333,1.8799291849136353,19.522254943847656
P068_3_S08_C03,12578.0,112,base4,2.16034,19.151333,1.8760372400283813,19.50458526611328
P068_3_S08_C03,13173.0,112,base4,2.142762,19.151333,1.8753348588943481,19.454071044921875
P068_3_S08_C03,13760.0,112,base4,2.07971,19.151333,1.8762917518615723,19.390600204467773
P068_3_S08_C03,14355.0,112,base4,1.946286,19.151333,1.8780832290649414,19.323749542236328
P068_3_S08_C03,14946.0,112,base4,1.726823,19.151333,1.8803907632827759,19.258792877197266
P075_3_S19_C02,11570.0,112,base4,2.370704,15.847142,2.345435619354248,15.558363914489746
P075_3_S19_C02,12177.0,112,base4,2.368679,15.847142,2.314035177230835,15.52035140991211
P075_3_S19_C02,12805.0,112,base4,2.352887,15.847142,2.2818117141723633,15.530375480651855
P075_3_S19_C02,13422.0,112,base4,2.34346,15.847142,2.2541463375091553,15.563138008117676
P075_3_S19_C02,14029.0,112,base4,2.321794,15.847142,2.2281653881073,15.623231887817383
P075_3_S19_C02,14646.0,112,base4,2.31095,15.847142,2.204528570175171,15.690509796142578
P075_3_S19_C02,15265.0,112,base4,2.299708,15.847142,2.1834609508514404,15.761082649230957
P075_3_S19_C02,15885.0,112,base4,2.292115,15.847142,2.1642138957977295,15.833526611328125
P075_3_S19_C02,17085.0,112,base4,2.266778,15.847142,2.1469929218292236,15.909989356994629
P004_2_S04_C11,0.0,112,base4_plus_stress,2.713909,16.717924,2.660820484161377,17.49885368347168
P004_2_S04_C11,0.0,112,base4_plus_stress,2.70661,16.717924,2.6599738597869873,17.496402740478516
P004_2_S04_C11,0.0,112,base4_plus_stress,2.701574,16.717924,2.6591875553131104,17.495075225830078
P004_2_S04_C11,0.0,112,base4_plus_stress,2.696484,16.717924,2.6585352420806885,17.49436378479004
P004_2_S04_C11,0.0,112,base4_plus_stress,2.692177,16.717924,2.657958984375,17.493745803833008
P004_2_S04_C11,0.0,112,base4_plus_stress,2.687612,16.717924,2.65743350982666,17.493022918701172
P004_2_S04_C11,0.0,112,base4_plus_stress,2.683562,16.717924,2.656933069229126,17.492095947265625
P004_2_S04_C11,0.0,112,base4_plus_stress,2.675552,16.717924,2.656459093093872,17.491008758544922
P004_2_S04_C11,0.0,112,base4_plus_stress,2.673724,16.717924,2.656003952026367,17.489776611328125
P007_2_S09_C10,0.0,112,base4_plus_stress,2.697726,17.456173,2.7094521522521973,17.742565155029297
P007_2_S09_C10,0.0,112,base4_plus_stress,2.691619,17.456173,2.709071159362793,17.742094039916992
P007_2_S09_C10,0.0,112,base4_plus_stress,2.685932,17.456173,2.7088229656219482,17.742412567138672
P007_2_S09_C10,0.0,112,base4_plus_stress,2.680738,17.456173,2.708726406097412,17.74334144592285
P007_2_S09_C10,0.0,112,base4_plus_stress,2.675793,17.456173,2.7087254524230957,17.744543075561523
P007_2_S09_C10,0.0,112,base4_plus_stress,2.670531,17.456173,2.7087819576263428,17.745817184448242
P007_2_S09_C10,0.0,112,base4_plus_stress,2.665572,17.456173,2.7088687419891357,17.74704933166504
P007_2_S09_C10,0.0,112,base4_plus_stress,2.65702,17.456173,2.708970069885254,17.748184204101562
P007_2_S09_C10,0.0,112,base4_plus_stress,2.655033,17.456173,2.7090747356414795,17.74919891357422
P011_1_S10_C11,0.0,112,base4_plus_stress,2.674842,17.597092,2.7013015747070312,17.72037696838379
P011_1_S10_C11,0.0,112,base4_plus_stress,2.668472,17.597092,2.700540542602539,17.718433380126953
P011_1_S10_C11,0.0,112,base4_plus_stress,2.662688,17.597092,2.69986891746521,17.716876983642578
P011_1_S10_C11,0.0,112,base4_plus_stress,2.657059,17.597092,2.6993603706359863,17.715913772583008
P011_1_S10_C11,0.0,112,base4_plus_stress,2.651241,17.597092,2.6989715099334717,17.715322494506836
P011_1_S10_C11,0.0,112,base4_plus_stress,2.645928,17.597092,2.698674201965332,17.714969635009766
P011_1_S10_C11,0.0,112,base4_plus_stress,2.640874,17.597092,2.698442220687866,17.71475601196289
P011_1_S10_C11,0.0,112,base4_plus_stress,2.632689,17.597092,2.6982600688934326,17.714622497558594
P011_1_S10_C11,0.0,112,base4_plus_stress,2.628682,17.597092,2.6981141567230225,17.71453285217285
P015_3_S17_C11,0.0,112,base4_plus_stress,2.438477,16.595,2.624737501144409,17.341733932495117
P015_3_S17_C11,0.0,112,base4_plus_stress,2.410527,16.595,2.6212520599365234,17.3278865814209
P015_3_S17_C11,0.0,112,base4_plus_stress,2.372511,16.595,2.6191439628601074,17.321197509765625
P037_2_S06_C09,2249.0,112,base4_plus_stress,2.303873,16.04656,2.3132126331329346,15.770352363586426
P037_2_S06_C09,2379.0,112,base4_plus_stress,2.287498,16.04656,2.2847068309783936,15.742644309997559
P037_2_S06_C09,2515.0,112,base4_plus_stress,2.269198,16.04656,2.261347770690918,15.74284839630127
P037_2_S06_C09,2650.0,112,base4_plus_stress,2.253785,16.04656,2.2403688430786133,15.759726524353027
P037_2_S06_C09,2784.0,112,base4_plus_stress,2.2342,16.04656,2.2215981483459473,15.791460990905762
P037_2_S06_C09,2920.0,112,base4_plus_stress,2.205066,16.04656,2.20459246635437,15.83415699005127
P037_2_S06_C09,3060.0,112,base4_plus_stress,2.170108,16.04656,2.1891977787017822,15.876882553100586
P037_2_S06_C09,3202.0,112,base4_plus_stress,2.116586,16.04656,2.175339937210083,15.916234970092773
P037_2_S06_C09,3488.0,112,base4_plus_stress,1.997463,16.04656,2.162522315979004,15.955209732055664
P049_3_S15_C02,2152.0,112,base4_plus_stress,2.500887,14.869667,2.427093029022217,16.002599716186523
P049_3_S15_C02,2271.0,112,base4_plus_stress,2.493731,14.869667,2.4202775955200195,15.936034202575684
P049_3_S15_C02,2395.0,112,base4_plus_stress,2.485354,14.869667,2.414102077484131,15.879926681518555
P049_3_S15_C02,2517.0,112,base4_plus_stress,2.480364,14.869667,2.4079723358154297,15.829573631286621
P049_3_S15_C02,2637.0,112,base4_plus_stress,2.471771,14.869667,2.4021739959716797,15.78214168548584
P049_3_S15_C02,2758.0,112,base4_plus_stress,2.464056,14.869667,2.396730899810791,15.737372398376465
P049_3_S15_C02,2881.0,112,base4_plus_stress,2.456818,14.869667,2.3916311264038086,15.69536018371582
P049_3_S15_C02,3004.0,112,base4_plus_stress,2.445937,14.869667,2.3868844509124756,15.656085968017578
P049_3_S15_C02,3240.0,112,base4_plus_stress,2.434579,14.869667,2.382535934448242,15.619405746459961
P051_2_S11_C05,5504.0,112,base4_plus_stress,1.854337,23.062,1.765763759613037,22.055509567260742
P051_2_S11_C05,5858.0,112,base4_plus_stress,1.706588,23.062,1.7664752006530762,22.02421760559082
P051_2_S11_C05,6237.0,112,base4_plus_stress,1.598978,23.062,1.7672977447509766,21.995473861694336
P063_3_S18_C05,5600.0,112,base4_plus_stress,2.248487,15.905776,2.280816078186035,15.649101257324219
P063_3_S18_C05,5918.0,112,base4_plus_stress,2.201492,15.905776,2.2524194717407227,15.663568496704102
P063_3_S18_C05,6251.0,112,base4_plus_stress,2.170797,15.905776,2.229687452316284,15.69571590423584
P063_3_S18_C05,6580.0,112,base4_plus_stress,2.14893,15.905776,2.210035562515259,15.741230010986328
P063_3_S18_C05,6907.0,112,base4_plus_stress,2.123314,15.905776,2.1925387382507324,15.795668601989746
P063_3_S18_C05,7239.0,112,base4_plus_stress,2.100496,15.905776,2.177237033843994,15.844575881958008
P063_3_S18_C05,7576.0,112,base4_plus_stress,2.076689,15.905776,2.1633691787719727,15.889531135559082
P063_3_S18_C05,7915.0,112,base4_plus_stress,2.071696,15.905776,2.1506011486053467,15.93310546875
P063_3_S18_C05,8572.0,112,base4_plus_stress,2.025095,15.905776,2.1384217739105225,15.978864669799805
P068_3_S08_C03,11370.0,112,base4_plus_stress,2.187058,19.151333,1.8444370031356812,20.19124984741211
P068_3_S08_C03,11972.0,112,base4_plus_stress,2.173376,19.151333,1.840295672416687,20.18488121032715
P068_3_S08_C03,12578.0,112,base4_plus_stress,2.16034,19.151333,1.8428473472595215,20.047409057617188
P068_3_S08_C03,13173.0,112,base4_plus_stress,2.142762,19.151333,1.8461353778839111,19.903915405273438
P068_3_S08_C03,13760.0,112,base4_plus_stress,2.07971,19.151333,1.8494305610656738,19.775074005126953
P068_3_S08_C03,14355.0,112,base4_plus_stress,1.946286,19.151333,1.8530526161193848,19.66881561279297
P068_3_S08_C03,14946.0,112,base4_plus_stress,1.726823,19.151333,1.8563690185546875,19.582866668701172
P075_3_S19_C02,11570.0,112,base4_plus_stress,2.370704,15.847142,2.327803134918213,15.599604606628418
P075_3_S19_C02,12177.0,112,base4_plus_stress,2.368679,15.847142,2.2988760471343994,15.544593811035156
P075_3_S19_C02,12805.0,112,base4_plus_stress,2.352887,15.847142,2.271242618560791,15.554163932800293
P075_3_S19_C02,13422.0,112,base4_plus_stress,2.34346,15.847142,2.2466557025909424,15.585559844970703
P075_3_S19_C02,14029.0,112,base4_plus_stress,2.321794,15.847142,2.22426700592041,15.62779712677002
P075_3_S19_C02,14646.0,112,base4_plus_stress,2.31095,15.847142,2.2035014629364014,15.682241439819336
P075_3_S19_C02,15265.0,112,base4_plus_stress,2.299708,15.847142,2.1843061447143555,15.749107360839844
P075_3_S19_C02,15885.0,112,base4_plus_stress,2.292115,15.847142,2.167328357696533,15.808317184448242
P075_3_S19_C02,17085.0,112,base4_plus_stress,2.266778,15.847142,2.151693344116211,15.863046646118164
P004_2_S04_C11,0.0,122,base4,2.713909,16.717924,2.633150100708008,17.101245880126953
P004_2_S04_C11,0.0,122,base4,2.70661,16.717924,2.6268250942230225,17.051666259765625
P004_2_S04_C11,0.0,122,base4,2.701574,16.717924,2.6186556816101074,16.99030113220215
P004_2_S04_C11,0.0,122,base4,2.696484,16.717924,2.6096792221069336,16.92292594909668
P004_2_S04_C11,0.0,122,base4,2.692177,16.717924,2.599893093109131,16.85002326965332
P004_2_S04_C11,0.0,122,base4,2.687612,16.717924,2.5895824432373047,16.772382736206055
P004_2_S04_C11,0.0,122,base4,2.683562,16.717924,2.5782432556152344,16.69034194946289
P004_2_S04_C11,0.0,122,base4,2.675552,16.717924,2.5661845207214355,16.604753494262695
P004_2_S04_C11,0.0,122,base4,2.673724,16.717924,2.5536575317382812,16.519020080566406
P007_2_S09_C10,0.0,122,base4,2.697726,17.456173,2.7185630798339844,17.843399047851562
P007_2_S09_C10,0.0,122,base4,2.691619,17.456173,2.715761184692383,17.833560943603516
P007_2_S09_C10,0.0,122,base4,2.685932,17.456173,2.7133779525756836,17.826391220092773
P007_2_S09_C10,0.0,122,base4,2.680738,17.456173,2.7114310264587402,17.82145881652832
P007_2_S09_C10,0.0,122,base4,2.675793,17.456173,2.7097904682159424,17.817907333374023
P007_2_S09_C10,0.0,122,base4,2.670531,17.456173,2.708369255065918,17.815059661865234
P007_2_S09_C10,0.0,122,base4,2.665572,17.456173,2.7071003913879395,17.812484741210938
P007_2_S09_C10,0.0,122,base4,2.65702,17.456173,2.705948829650879,17.80998992919922
P007_2_S09_C10,0.0,122,base4,2.655033,17.456173,2.7048873901367188,17.80746841430664
P011_1_S10_C11,0.0,122,base4,2.674842,17.597092,2.701012134552002,17.810495376586914
P011_1_S10_C11,0.0,122,base4,2.668472,17.597092,2.696747303009033,17.79421615600586
P011_1_S10_C11,0.0,122,base4,2.662688,17.597092,2.6927988529205322,17.7794246673584
P011_1_S10_C11,0.0,122,base4,2.657059,17.597092,2.689272403717041,17.766759872436523
P011_1_S10_C11,0.0,122,base4,2.651241,17.597092,2.6860504150390625,17.755258560180664
P011_1_S10_C11,0.0,122,base4,2.645928,17.597092,2.6830897331237793,17.744352340698242
P011_1_S10_C11,0.0,122,base4,2.640874,17.597092,2.680294990539551,17.73379135131836
P011_1_S10_C11,0.0,122,base4,2.632689,17.597092,2.677633285522461,17.723400115966797
P011_1_S10_C11,0.0,122,base4,2.628682,17.597092,2.6750686168670654,17.713043212890625
P015_3_S17_C11,0.0,122,base4,2.438477,16.595,2.539630651473999,16.423198699951172
P015_3_S17_C11,0.0,122,base4,2.410527,16.595,2.5219664573669434,16.30698585510254
P015_3_S17_C11,0.0,122,base4,2.372511,16.595,2.504531145095825,16.19113540649414
P037_2_S06_C09,2249.0,122,base4,2.303873,16.04656,2.3672361373901367,15.795306205749512
P037_2_S06_C09,2379.0,122,base4,2.287498,16.04656,2.3424012660980225,15.796772003173828
P037_2_S06_C09,2515.0,122,base4,2.269198,16.04656,2.317591905593872,15.828595161437988
P037_2_S06_C09,2650.0,122,base4,2.253785,16.04656,2.293694019317627,15.866896629333496
P037_2_S06_C09,2784.0,122,base4,2.2342,16.04656,2.269914150238037,15.914880752563477
P037_2_S06_C09,2920.0,122,base4,2.205066,16.04656,2.2460169792175293,15.972679138183594
P037_2_S06_C09,3060.0,122,base4,2.170108,16.04656,2.2219531536102295,16.04011344909668
P037_2_S06_C09,3202.0,122,base4,2.116586,16.04656,2.1977643966674805,16.118610382080078
P037_2_S06_C09,3488.0,122,base4,1.997463,16.04656,2.175075054168701,16.200830459594727
P049_3_S15_C02,2152.0,122,base4,2.500887,14.869667,2.443387746810913,15.391156196594238
P049_3_S15_C02,2271.0,122,base4,2.493731,14.869667,2.4394543170928955,15.358463287353516
P049_3_S15_C02,2395.0,122,base4,2.485354,14.869667,2.4350836277008057,15.32769775390625
P049_3_S15_C02,2517.0,122,base4,2.480364,14.869667,2.4307074546813965,15.299525260925293
P049_3_S15_C02,2637.0,122,base4,2.471771,14.869667,2.426433801651001,15.273347854614258
P049_3_S15_C02,2758.0,122,base4,2.464056,14.869667,2.4223780632019043,15.249143600463867
P049_3_S15_C02,2881.0,122,base4,2.456818,14.869667,2.4182348251342773,15.227262496948242
P049_3_S15_C02,3004.0,122,base4,2.445937,14.869667,2.414353847503662,15.207197189331055
P049_3_S15_C02,3240.0,122,base4,2.434579,14.869667,2.4107236862182617,15.18883991241455
P051_2_S11_C05,5504.0,122,base4,1.854337,23.062,1.8387407064437866,22.896015167236328
P051_2_S11_C05,5858.0,122,base4,1.706588,23.062,1.8398371934890747,22.871196746826172
P051_2_S11_C05,6237.0,122,base4,1.598978,23.062,1.84095299243927,22.848106384277344
P063_3_S18_C05,5600.0,122,base4,2.248487,15.905776,2.330183267593384,15.552401542663574
P063_3_S18_C05,5918.0,122,base4,2.201492,15.905776,2.303588628768921,15.594457626342773
P063_3_S18_C05,6251.0,122,base4,2.170797,15.905776,2.2783830165863037,15.646836280822754
P063_3_S18_C05,6580.0,122,base4,2.14893,15.905776,2.254359722137451,15.705635070800781
P063_3_S18_C05,6907.0,122,base4,2.123314,15.905776,2.2310142517089844,15.771080017089844
P063_3_S18_C05,7239.0,122,base4,2.100496,15.905776,2.2082200050354004,15.842024803161621
P063_3_S18_C05,7576.0,122,base4,2.076689,15.905776,2.1859729290008545,15.918257713317871
P063_3_S18_C05,7915.0,122,base4,2.071696,15.905776,2.1644229888916016,15.999799728393555
P063_3_S18_C05,8572.0,122,base4,2.025095,15.905776,2.145515203475952,16.07244873046875
P068_3_S08_C03,11370.0,122,base4,2.187058,19.151333,1.997277021408081,19.566242218017578
P068_3_S08_C03,11972.0,122,base4,2.173376,19.151333,1.9853020906448364,19.640625
P068_3_S08_C03,12578.0,122,base4,2.16034,19.151333,1.9786622524261475,19.635448455810547
P068_3_S08_C03,13173.0,122,base4,2.142762,19.151333,1.974737286567688,19.597942352294922
P068_3_S08_C03,13760.0,122,base4,2.07971,19.151333,1.972468614578247,19.5429744720459
P068_3_S08_C03,14355.0,122,base4,1.946286,19.151333,1.9709739685058594,19.480724334716797
P068_3_S08_C03,14946.0,122,base4,1.726823,19.151333,1.9700607061386108,19.415491104125977
P075_3_S19_C02,11570.0,122,base4,2.370704,15.847142,2.385317325592041,15.382009506225586
P075_3_S19_C02,12177.0,122,base4,2.368679,15.847142,2.3669347763061523,15.329959869384766
P075_3_S19_C02,12805.0,122,base4,2.352887,15.847142,2.347203493118286,15.301538467407227
P075_3_S19_C02,13422.0,122,base4,2.34346,15.847142,2.327941417694092,15.291244506835938
P075_3_S19_C02,14029.0,122,base4,2.321794,15.847142,2.3078086376190186,15.305530548095703
P075_3_S19_C02,14646.0,122,base4,2.31095,15.847142,2.2870633602142334,15.341710090637207
P075_3_S19_C02,15265.0,122,base4,2.299708,15.847142,2.265934944152832,15.391082763671875
P075_3_S19_C02,15885.0,122,base4,2.292115,15.847142,2.244432210922241,15.449780464172363
P075_3_S19_C02,17085.0,122,base4,2.266778,15.847142,2.222738027572632,15.51678466796875
P004_2_S04_C11,0.0,122,base4_plus_stress,2.713909,16.717924,2.6297309398651123,17.172866821289062
P004_2_S04_C11,0.0,122,base4_plus_stress,2.70661,16.717924,2.6256539821624756,17.149667739868164
P004_2_S04_C11,0.0,122,base4_plus_stress,2.701574,16.717924,2.6206254959106445,17.12099838256836
P004_2_S04_C11,0.0,122,base4_plus_stress,2.696484,16.717924,2.6152915954589844,17.090190887451172
P004_2_S04_C11,0.0,122,base4_plus_stress,2.692177,16.717924,2.610074996948242,17.05693244934082
P004_2_S04_C11,0.0,122,base4_plus_stress,2.687612,16.717924,2.6048543453216553,17.022659301757812
P004_2_S04_C11,0.0,122,base4_plus_stress,2.683562,16.717924,2.599620819091797,16.98773193359375
P004_2_S04_C11,0.0,122,base4_plus_stress,2.675552,16.717924,2.5944793224334717,16.95203399658203
P004_2_S04_C11,0.0,122,base4_plus_stress,2.673724,16.717924,2.5894336700439453,16.915958404541016
P007_2_S09_C10,0.0,122,base4_plus_stress,2.697726,17.456173,2.712515115737915,17.766794204711914
P007_2_S09_C10,0.0,122,base4_plus_stress,2.691619,17.456173,2.7111754417419434,17.764638900756836
P007_2_S09_C10,0.0,122,base4_plus_stress,2.685932,17.456173,2.7101523876190186,17.763877868652344
P007_2_S09_C10,0.0,122,base4_plus_stress,2.680738,17.456173,2.709350109100342,17.764001846313477
P007_2_S09_C10,0.0,122,base4_plus_stress,2.675793,17.456173,2.7086963653564453,17.76451301574707
P007_2_S09_C10,0.0,122,base4_plus_stress,2.670531,17.456173,2.7081458568573,17.76512908935547
P007_2_S09_C10,0.0,122,base4_plus_stress,2.665572,17.456173,2.7076687812805176,17.76569938659668
P007_2_S09_C10,0.0,122,base4_plus_stress,2.65702,17.456173,2.7072489261627197,17.76616096496582
P007_2_S09_C10,0.0,122,base4_plus_stress,2.655033,17.456173,2.7068753242492676,17.76649284362793
P011_1_S10_C11,0.0,122,base4_plus_stress,2.674842,17.597092,2.6881401538848877,17.73261070251465
P011_1_S10_C11,0.0,122,base4_plus_stress,2.668472,17.597092,2.6855387687683105,17.726863861083984
P011_1_S10_C11,0.0,122,base4_plus_stress,2.662688,17.597092,2.683262348175049,17.721948623657227
P011_1_S10_C11,0.0,122,base4_plus_stress,2.657059,17.597092,2.681217670440674,17.717735290527344
P011_1_S10_C11,0.0,122,base4_plus_stress,2.651241,17.597092,2.6793646812438965,17.713998794555664
P011_1_S10_C11,0.0,122,base4_plus_stress,2.645928,17.597092,2.677680492401123,17.710594177246094
P011_1_S10_C11,0.0,122,base4_plus_stress,2.640874,17.597092,2.676138401031494,17.707412719726562
P011_1_S10_C11,0.0,122,base4_plus_stress,2.632689,17.597092,2.67472505569458,17.70441246032715
P011_1_S10_C11,0.0,122,base4_plus_stress,2.628682,17.597092,2.6734259128570557,17.701562881469727
P015_3_S17_C11,0.0,122,base4_plus_stress,2.438477,16.595,2.555819034576416,16.68384552001953
P015_3_S17_C11,0.0,122,base4_plus_stress,2.410527,16.595,2.544898509979248,16.618255615234375
P015_3_S17_C11,0.0,122,base4_plus_stress,2.372511,16.595,2.536252021789551,16.565296173095703
P037_2_S06_C09,2249.0,122,base4_plus_stress,2.303873,16.04656,2.3616104125976562,15.646076202392578
P037_2_S06_C09,2379.0,122,base4_plus_stress,2.287498,16.04656,2.348217725753784,15.593073844909668
P037_2_S06_C09,2515.0,122,base4_plus_stress,2.269198,16.04656,2.33512282371521,15.5585355758667
P037_2_S06_C09,2650.0,122,base4_plus_stress,2.253785,16.04656,2.32126522064209,15.541604042053223
P037_2_S06_C09,2784.0,122,base4_plus_stress,2.2342,16.04656,2.3060803413391113,15.543590545654297
P037_2_S06_C09,2920.0,122,base4_plus_stress,2.205066,16.04656,2.2897684574127197,15.564498901367188
P037_2_S06_C09,3060.0,122,base4_plus_stress,2.170108,16.04656,2.272697925567627,15.59642505645752
P037_2_S06_C09,3202.0,122,base4_plus_stress,2.116586,16.04656,2.2551796436309814,15.636452674865723
P037_2_S06_C09,3488.0,122,base4_plus_stress,1.997463,16.04656,2.2378172874450684,15.682822227478027
P049_3_S15_C02,2152.0,122,base4_plus_stress,2.500887,14.869667,2.422879934310913,15.451430320739746
P049_3_S15_C02,2271.0,122,base4_plus_stress,2.493731,14.869667,2.420545816421509,15.427249908447266
P049_3_S15_C02,2395.0,122,base4_plus_stress,2.485354,14.869667,2.4182257652282715,15.404406547546387
P049_3_S15_C02,2517.0,122,base4_plus_stress,2.480364,14.869667,2.4160659313201904,15.382386207580566
P049_3_S15_C02,2637.0,122,base4_plus_stress,2.471771,14.869667,2.414086103439331,15.361285209655762
P049_3_S15_C02,2758.0,122,base4_plus_stress,2.464056,14.869667,2.4123694896698,15.341793060302734
P049_3_S15_C02,2881.0,122,base4_plus_stress,2.456818,14.869667,2.410890579223633,15.3241605758667
P049_3_S15_C02,3004.0,122,base4_plus_stress,2.445937,14.869667,2.409503221511841,15.308287620544434
P049_3_S15_C02,3240.0,122,base4_plus_stress,2.434579,14.869667,2.408189535140991,15.294050216674805
P051_2_S11_C05,5504.0,122,base4_plus_stress,1.854337,23.062,1.9233613014221191,22.566133499145508
P051_2_S11_C05,5858.0,122,base4_plus_stress,1.706588,23.062,1.9239765405654907,22.549396514892578
P051_2_S11_C05,6237.0,122,base4_plus_stress,1.598978,23.062,1.924546480178833,22.53517723083496
P063_3_S18_C05,5600.0,122,base4_plus_stress,2.248487,15.905776,2.3480873107910156,15.408857345581055
P063_3_S18_C05,5918.0,122,base4_plus_stress,2.201492,15.905776,2.3336575031280518,15.374837875366211
P063_3_S18_C05,6251.0,122,base4_plus_stress,2.170797,15.905776,2.319647789001465,15.358442306518555
P063_3_S18_C05,6580.0,122,base4_plus_stress,2.14893,15.905776,2.30456805229187,15.360764503479004
P063_3_S18_C05,6907.0,122,base4_plus_stress,2.123314,15.905776,2.2880759239196777,15.38243579864502
P063_3_S18_C05,7239.0,122,base4_plus_stress,2.100496,15.905776,2.270533561706543,15.420716285705566
P063_3_S18_C05,7576.0,122,base4_plus_stress,2.076689,15.905776,2.2523880004882812,15.469232559204102
P063_3_S18_C05,7915.0,122,base4_plus_stress,2.071696,15.905776,2.2340822219848633,15.523116111755371
P063_3_S18_C05,8572.0,122,base4_plus_stress,2.025095,15.905776,2.2167115211486816,15.579080581665039
P068_3_S08_C03,11370.0,122,base4_plus_stress,2.187058,19.151333,2.0172324180603027,20.741086959838867
P068_3_S08_C03,11972.0,122,base4_plus_stress,2.173376,19.151333,2.009945869445801,20.827423095703125
P068_3_S08_C03,12578.0,122,base4_plus_stress,2.16034,19.151333,2.00742244720459,20.80316925048828
P068_3_S08_C03,13173.0,122,base4_plus_stress,2.142762,19.151333,2.006192684173584,20.763214111328125
P068_3_S08_C03,13760.0,122,base4_plus_stress,2.07971,19.151333,2.005697250366211,20.714914321899414
P068_3_S08_C03,14355.0,122,base4_plus_stress,1.946286,19.151333,2.005378007888794,20.660341262817383
P068_3_S08_C03,14946.0,122,base4_plus_stress,1.726823,19.151333,2.005183696746826,20.609045028686523
P075_3_S19_C02,11570.0,122,base4_plus_stress,2.370704,15.847142,2.3929097652435303,15.44237232208252
P075_3_S19_C02,12177.0,122,base4_plus_stress,2.368679,15.847142,2.383772611618042,15.373411178588867
P075_3_S19_C02,12805.0,122,base4_plus_stress,2.352887,15.847142,2.375633478164673,15.315838813781738
P075_3_S19_C02,13422.0,122,base4_plus_stress,2.34346,15.847142,2.3678178787231445,15.26749038696289
P075_3_S19_C02,14029.0,122,base4_plus_stress,2.321794,15.847142,2.3593053817749023,15.228067398071289
P075_3_S19_C02,14646.0,122,base4_plus_stress,2.31095,15.847142,2.3507015705108643,15.193016052246094
P075_3_S19_C02,15265.0,122,base4_plus_stress,2.299708,15.847142,2.340733289718628,15.167688369750977
P075_3_S19_C02,15885.0,122,base4_plus_stress,2.292115,15.847142,2.329949140548706,15.148591995239258
P075_3_S19_C02,17085.0,122,base4_plus_stress,2.266778,15.847142,2.318485736846924,15.137235641479492
P004_2_S04_C11,0.0,132,base4,2.713909,16.717924,2.5872750282287598,16.593910217285156
P004_2_S04_C11,0.0,132,base4,2.70661,16.717924,2.5787525177001953,16.52788543701172
P004_2_S04_C11,0.0,132,base4,2.701574,16.717924,2.5663998126983643,16.430492401123047
P004_2_S04_C11,0.0,132,base4,2.696484,16.717924,2.552793025970459,16.32904815673828
P004_2_S04_C11,0.0,132,base4,2.692177,16.717924,2.537550210952759,16.223907470703125
P004_2_S04_C11,0.0,132,base4,2.687612,16.717924,2.5220212936401367,16.128345489501953
P004_2_S04_C11,0.0,132,base4,2.683562,16.717924,2.5058910846710205,16.03195571899414
P004_2_S04_C11,0.0,132,base4,2.675552,16.717924,2.49375057220459,15.964149475097656
P004_2_S04_C11,0.0,132,base4,2.673724,16.717924,2.4821295738220215,15.909045219421387
P007_2_S09_C10,0.0,132,base4,2.697726,17.456173,2.7015838623046875,17.9201717376709
P007_2_S09_C10,0.0,132,base4,2.691619,17.456173,2.7006006240844727,17.91871452331543
P007_2_S09_C10,0.0,132,base4,2.685932,17.456173,2.6994481086730957,17.91578483581543
P007_2_S09_C10,0.0,132,base4,2.680738,17.456173,2.6985392570495605,17.91651153564453
P007_2_S09_C10,0.0,132,base4,2.675793,17.456173,2.6978394985198975,17.91986083984375
P007_2_S09_C10,0.0,132,base4,2.670531,17.456173,2.6973156929016113,17.925079345703125
P007_2_S09_C10,0.0,132,base4,2.665572,17.456173,2.6969358921051025,17.93158721923828
P007_2_S09_C10,0.0,132,base4,2.65702,17.456173,2.696683406829834,17.938932418823242
P007_2_S09_C10,0.0,132,base4,2.655033,17.456173,2.696532726287842,17.946685791015625
P011_1_S10_C11,0.0,132,base4,2.674842,17.597092,2.6889095306396484,17.873245239257812
P011_1_S10_C11,0.0,132,base4,2.668472,17.597092,2.6871447563171387,17.866979598999023
P011_1_S10_C11,0.0,132,base4,2.662688,17.597092,2.684962272644043,17.855815887451172
P011_1_S10_C11,0.0,132,base4,2.657059,17.597092,2.6830105781555176,17.847579956054688
P011_1_S10_C11,0.0,132,base4,2.651241,17.597092,2.6812596321105957,17.841472625732422
P011_1_S10_C11,0.0,132,base4,2.645928,17.597092,2.679696559906006,17.837003707885742
P011_1_S10_C11,0.0,132,base4,2.640874,17.597092,2.6782901287078857,17.833654403686523
P011_1_S10_C11,0.0,132,base4,2.632689,17.597092,2.6770222187042236,17.831348419189453
P011_1_S10_C11,0.0,132,base4,2.628682,17.597092,2.675880193710327,17.829689025878906
P015_3_S17_C11,0.0,132,base4,2.438477,16.595,2.498034954071045,16.006996154785156
P015_3_S17_C11,0.0,132,base4,2.410527,16.595,2.486480474472046,15.954117774963379
P015_3_S17_C11,0.0,132,base4,2.372511,16.595,2.474107503890991,15.900259971618652
P037_2_S06_C09,2249.0,132,base4,2.303873,16.04656,2.3424744606018066,15.75216293334961
P037_2_S06_C09,2379.0,132,base4,2.287498,16.04656,2.3225820064544678,15.732964515686035
P037_2_S06_C09,2515.0,132,base4,2.269198,16.04656,2.304013252258301,15.722908020019531
P037_2_S06_C09,2650.0,132,base4,2.253785,16.04656,2.285982847213745,15.728205680847168
P037_2_S06_C09,2784.0,132,base4,2.2342,16.04656,2.2693252563476562,15.73576831817627
P037_2_S06_C09,2920.0,132,base4,2.205066,16.04656,2.2526044845581055,15.749200820922852
P037_2_S06_C09,3060.0,132,base4,2.170108,16.04656,2.237013816833496,15.768077850341797
P037_2_S06_C09,3202.0,132,base4,2.116586,16.04656,2.2232460975646973,15.785438537597656
P037_2_S06_C09,3488.0,132,base4,1.997463,16.04656,2.211177349090576,15.799962043762207
P049_3_S15_C02,2152.0,132,base4,2.500887,14.869667,2.404358386993408,15.445262908935547
P049_3_S15_C02,2271.0,132,base4,2.493731,14.869667,2.3980252742767334,15.426050186157227
P049_3_S15_C02,2395.0,132,base4,2.485354,14.869667,2.3911242485046387,15.407713890075684
P049_3_S15_C02,2517.0,132,base4,2.480364,14.869667,2.3841936588287354,15.39207935333252
P049_3_S15_C02,2637.0,132,base4,2.471771,14.869667,2.3772525787353516,15.378669738769531
P049_3_S15_C02,2758.0,132,base4,2.464056,14.869667,2.370445966720581,15.367496490478516
P049_3_S15_C02,2881.0,132,base4,2.456818,14.869667,2.364471912384033,15.355550765991211
P049_3_S15_C02,3004.0,132,base4,2.445937,14.869667,2.3583998680114746,15.344425201416016
P049_3_S15_C02,3240.0,132,base4,2.434579,14.869667,2.3527040481567383,15.33370304107666
P051_2_S11_C05,5504.0,132,base4,1.854337,23.062,1.8646131753921509,21.978111267089844
P051_2_S11_C05,5858.0,132,base4,1.706588,23.062,1.868024230003357,21.931909561157227
P051_2_S11_C05,6237.0,132,base4,1.598978,23.062,1.8711440563201904,21.890247344970703
P063_3_S18_C05,5600.0,132,base4,2.248487,15.905776,2.301868438720703,15.590229034423828
P063_3_S18_C05,5918.0,132,base4,2.201492,15.905776,2.27976655960083,15.589948654174805
P063_3_S18_C05,6251.0,132,base4,2.170797,15.905776,2.2596967220306396,15.60115909576416
P063_3_S18_C05,6580.0,132,base4,2.14893,15.905776,2.2405753135681152,15.616853713989258
P063_3_S18_C05,6907.0,132,base4,2.123314,15.905776,2.222306489944458,15.63946533203125
P063_3_S18_C05,7239.0,132,base4,2.100496,15.905776,2.2060861587524414,15.663211822509766
P063_3_S18_C05,7576.0,132,base4,2.076689,15.905776,2.1921982765197754,15.681877136230469
P063_3_S18_C05,7915.0,132,base4,2.071696,15.905776,2.1812329292297363,15.692700386047363
P063_3_S18_C05,8572.0,132,base4,2.025095,15.905776,2.1716017723083496,15.702753067016602
P068_3_S08_C03,11370.0,132,base4,2.187058,19.151333,1.9997214078903198,19.7226619720459
P068_3_S08_C03,11972.0,132,base4,2.173376,19.151333,1.9905914068222046,19.711069107055664
P068_3_S08_C03,12578.0,132,base4,2.16034,19.151333,1.985624074935913,19.655908584594727
P068_3_S08_C03,13173.0,132,base4,2.142762,19.151333,1.9823790788650513,19.607006072998047
P068_3_S08_C03,13760.0,132,base4,2.07971,19.151333,1.9801483154296875,19.560871124267578
P068_3_S08_C03,14355.0,132,base4,1.946286,19.151333,1.9786235094070435,19.516281127929688
P068_3_S08_C03,14946.0,132,base4,1.726823,19.151333,1.9778097867965698,19.471826553344727
P075_3_S19_C02,11570.0,132,base4,2.370704,15.847142,2.339724540710449,15.511144638061523
P075_3_S19_C02,12177.0,132,base4,2.368679,15.847142,2.3159284591674805,15.481701850891113
P075_3_S19_C02,12805.0,132,base4,2.352887,15.847142,2.291006326675415,15.463896751403809
P075_3_S19_C02,13422.0,132,base4,2.34346,15.847142,2.266964912414551,15.456218719482422
P075_3_S19_C02,14029.0,132,base4,2.321794,15.847142,2.2438411712646484,15.46385383605957
P075_3_S19_C02,14646.0,132,base4,2.31095,15.847142,2.220954418182373,15.477560043334961
P075_3_S19_C02,15265.0,132,base4,2.299708,15.847142,2.1978323459625244,15.507255554199219
P075_3_S19_C02,15885.0,132,base4,2.292115,15.847142,2.1770448684692383,15.540888786315918
P075_3_S19_C02,17085.0,132,base4,2.266778,15.847142,2.1611075401306152,15.562427520751953
P004_2_S04_C11,0.0,132,base4_plus_stress,2.713909,16.717924,2.6229379177093506,17.474966049194336
P004_2_S04_C11,0.0,132,base4_plus_stress,2.70661,16.717924,2.620981216430664,17.463695526123047
P004_2_S04_C11,0.0,132,base4_plus_stress,2.701574,16.717924,2.618619918823242,17.450742721557617
P004_2_S04_C11,0.0,132,base4_plus_stress,2.696484,16.717924,2.616152286529541,17.437044143676758
P004_2_S04_C11,0.0,132,base4_plus_stress,2.692177,16.717924,2.61361026763916,17.422622680664062
P004_2_S04_C11,0.0,132,base4_plus_stress,2.687612,16.717924,2.611046552658081,17.407169342041016
P004_2_S04_C11,0.0,132,base4_plus_stress,2.683562,16.717924,2.6084787845611572,17.391597747802734
P004_2_S04_C11,0.0,132,base4_plus_stress,2.675552,16.717924,2.605945110321045,17.37611198425293
P004_2_S04_C11,0.0,132,base4_plus_stress,2.673724,16.717924,2.6034531593322754,17.360761642456055
P007_2_S09_C10,0.0,132,base4_plus_stress,2.697726,17.456173,2.6957390308380127,17.944442749023438
P007_2_S09_C10,0.0,132,base4_plus_stress,2.691619,17.456173,2.6953868865966797,17.94412612915039
P007_2_S09_C10,0.0,132,base4_plus_stress,2.685932,17.456173,2.6951677799224854,17.94491195678711
P007_2_S09_C10,0.0,132,base4_plus_stress,2.680738,17.456173,2.6951048374176025,17.94658851623535
P007_2_S09_C10,0.0,132,base4_plus_stress,2.675793,17.456173,2.695143938064575,17.948617935180664
P007_2_S09_C10,0.0,132,base4_plus_stress,2.670531,17.456173,2.6952414512634277,17.950363159179688
P007_2_S09_C10,0.0,132,base4_plus_stress,2.665572,17.456173,2.6953649520874023,17.952064514160156
P007_2_S09_C10,0.0,132,base4_plus_stress,2.65702,17.456173,2.6954989433288574,17.953645706176758
P007_2_S09_C10,0.0,132,base4_plus_stress,2.655033,17.456173,2.6956326961517334,17.95505714416504
P011_1_S10_C11,0.0,132,base4_plus_stress,2.674842,17.597092,2.6787610054016113,17.862367630004883
P011_1_S10_C11,0.0,132,base4_plus_stress,2.668472,17.597092,2.677624225616455,17.858089447021484
P011_1_S10_C11,0.0,132,base4_plus_stress,2.662688,17.597092,2.676517963409424,17.85426902770996
P011_1_S10_C11,0.0,132,base4_plus_stress,2.657059,17.597092,2.675565719604492,17.851272583007812
P011_1_S10_C11,0.0,132,base4_plus_stress,2.651241,17.597092,2.6747326850891113,17.848796844482422
P011_1_S10_C11,0.0,132,base4_plus_stress,2.645928,17.597092,2.6740007400512695,17.846683502197266
P011_1_S10_C11,0.0,132,base4_plus_stress,2.640874,17.597092,2.6733477115631104,17.84479522705078
P011_1_S10_C11,0.0,132,base4_plus_stress,2.632689,17.597092,2.6727633476257324,17.84307861328125
P011_1_S10_C11,0.0,132,base4_plus_stress,2.628682,17.597092,2.672236442565918,17.84148597717285
P015_3_S17_C11,0.0,132,base4_plus_stress,2.438477,16.595,2.569801092147827,17.114858627319336
P015_3_S17_C11,0.0,132,base4_plus_stress,2.410527,16.595,2.5620884895324707,17.06652069091797
P015_3_S17_C11,0.0,132,base4_plus_stress,2.372511,16.595,2.555324077606201,17.02562713623047
P037_2_S06_C09,2249.0,132,base4_plus_stress,2.303873,16.04656,2.336738109588623,15.838985443115234
P037_2_S06_C09,2379.0,132,base4_plus_stress,2.287498,16.04656,2.321617364883423,15.777746200561523
P037_2_S06_C09,2515.0,132,base4_plus_stress,2.269198,16.04656,2.308457136154175,15.727315902709961
P037_2_S06_C09,2650.0,132,base4_plus_stress,2.253785,16.04656,2.296441078186035,15.683728218078613
P037_2_S06_C09,2784.0,132,base4_plus_stress,2.2342,16.04656,2.2851293087005615,15.65054988861084
P037_2_S06_C09,2920.0,132,base4_plus_stress,2.205066,16.04656,2.274127244949341,15.627933502197266
P037_2_S06_C09,3060.0,132,base4_plus_stress,2.170108,16.04656,2.263977527618408,15.608443260192871
P037_2_S06_C09,3202.0,132,base4_plus_stress,2.116586,16.04656,2.2545888423919678,15.591643333435059
P037_2_S06_C09,3488.0,132,base4_plus_stress,1.997463,16.04656,2.2458932399749756,15.577120780944824
P049_3_S15_C02,2152.0,132,base4_plus_stress,2.500887,14.869667,2.409654378890991,15.921781539916992
P049_3_S15_C02,2271.0,132,base4_plus_stress,2.493731,14.869667,2.406224012374878,15.891005516052246
P049_3_S15_C02,2395.0,132,base4_plus_stress,2.485354,14.869667,2.4028406143188477,15.86226749420166
P049_3_S15_C02,2517.0,132,base4_plus_stress,2.480364,14.869667,2.399549722671509,15.83488655090332
P049_3_S15_C02,2637.0,132,base4_plus_stress,2.471771,14.869667,2.396458387374878,15.80945110321045
P049_3_S15_C02,2758.0,132,base4_plus_stress,2.464056,14.869667,2.3935980796813965,15.785870552062988
P049_3_S15_C02,2881.0,132,base4_plus_stress,2.456818,14.869667,2.3909847736358643,15.76418685913086
P049_3_S15_C02,3004.0,132,base4_plus_stress,2.445937,14.869667,2.388418674468994,15.744668006896973
P049_3_S15_C02,3240.0,132,base4_plus_stress,2.434579,14.869667,2.38582706451416,15.727404594421387
P051_2_S11_C05,5504.0,132,base4_plus_stress,1.854337,23.062,1.8399474620819092,22.287893295288086
P051_2_S11_C05,5858.0,132,base4_plus_stress,1.706588,23.062,1.8422529697418213,22.238037109375
P051_2_S11_C05,6237.0,132,base4_plus_stress,1.598978,23.062,1.8442175388336182,22.19647789001465
P063_3_S18_C05,5600.0,132,base4_plus_stress,2.248487,15.905776,2.311279773712158,15.66673469543457
P063_3_S18_C05,5918.0,132,base4_plus_stress,2.201492,15.905776,2.2954907417297363,15.611907005310059
P063_3_S18_C05,6251.0,132,base4_plus_stress,2.170797,15.905776,2.282005548477173,15.570115089416504
P063_3_S18_C05,6580.0,132,base4_plus_stress,2.14893,15.905776,2.2692666053771973,15.542384147644043
P063_3_S18_C05,6907.0,132,base4_plus_stress,2.123314,15.905776,2.2571680545806885,15.524572372436523
P063_3_S18_C05,7239.0,132,base4_plus_stress,2.100496,15.905776,2.246034860610962,15.50985336303711
P063_3_S18_C05,7576.0,132,base4_plus_stress,2.076689,15.905776,2.2357308864593506,15.497418403625488
P063_3_S18_C05,7915.0,132,base4_plus_stress,2.071696,15.905776,2.2259597778320312,15.488088607788086
P063_3_S18_C05,8572.0,132,base4_plus_stress,2.025095,15.905776,2.2165329456329346,15.48202133178711
P068_3_S08_C03,11370.0,132,base4_plus_stress,2.187058,19.151333,1.9499906301498413,19.85361099243164
P068_3_S08_C03,11972.0,132,base4_plus_stress,2.173376,19.151333,1.940991997718811,19.837507247924805
P068_3_S08_C03,12578.0,132,base4_plus_stress,2.16034,19.151333,1.9363919496536255,19.780391693115234
P068_3_S08_C03,13173.0,132,base4_plus_stress,2.142762,19.151333,1.9332973957061768,19.72258758544922
P068_3_S08_C03,13760.0,132,base4_plus_stress,2.07971,19.151333,1.931194543838501,19.667545318603516
P068_3_S08_C03,14355.0,132,base4_plus_stress,1.946286,19.151333,1.9297925233840942,19.615671157836914
P068_3_S08_C03,14946.0,132,base4_plus_stress,1.726823,19.151333,1.9289278984069824,19.568708419799805
P075_3_S19_C02,11570.0,132,base4_plus_stress,2.370704,15.847142,2.3462331295013428,15.744220733642578
P075_3_S19_C02,12177.0,132,base4_plus_stress,2.368679,15.847142,2.327639102935791,15.669559478759766
P075_3_S19_C02,12805.0,132,base4_plus_stress,2.352887,15.847142,2.30997371673584,15.607040405273438
P075_3_S19_C02,13422.0,132,base4_plus_stress,2.34346,15.847142,2.2928526401519775,15.553367614746094
P075_3_S19_C02,14029.0,132,base4_plus_stress,2.321794,15.847142,2.276306629180908,15.507604598999023
P075_3_S19_C02,14646.0,132,base4_plus_stress,2.31095,15.847142,2.259380578994751,15.47927474975586
P075_3_S19_C02,15265.0,132,base4_plus_stress,2.299708,15.847142,2.2426371574401855,15.462896347045898
P075_3_S19_C02,15885.0,132,base4_plus_stress,2.292115,15.847142,2.2268292903900146,15.450634002685547
P075_3_S19_C02,17085.0,132,base4_plus_stress,2.266778,15.847142,2.2113282680511475,15.445252418518066
