model,seed,cell_key,exp,k_exp,SOH_true,SOH_pred,Q_true,Q_pred,Re_norm_true,Re_norm_pred
SOH_BOL_persistence,,exp1_cellA,1,0.5714285714285714,0.8549561721374236,1.0,4.161854263183007,4.867915337435614,,
SOH_BOL_persistence,,exp1_cellA,1,0.6428571428571429,0.8339231857086502,1.0,4.059467465954306,4.867915337435614,,
SOH_BOL_persistence,,exp1_cellA,1,0.7142857142857143,0.818224933858435,1.0,3.983049705001716,4.867915337435614,,
SOH_BOL_persistence,,exp1_cellA,1,0.7857142857142857,0.7639284558682716,1.0,3.718739047024665,4.867915337435614,,
SOH_BOL_persistence,,exp1_cellA,1,0.8571428571428571,0.7250005917778434,1.0,3.52924150036526,4.867915337435614,,
SOH_BOL_persistence,,exp1_cellA,1,0.9285714285714286,0.6434004407516708,1.0,3.132018873647892,4.867915337435614,,
SOH_BOL_persistence,,exp1_cellA,1,1.0,0.5856790719679541,1.0,2.8510361372478603,4.867915337435614,,
SOH_last_observation_persistence,,exp1_cellA,1,0.5714285714285714,0.8549561721374236,0.8652357286645862,4.161854263183007,4.211894274063618,,
SOH_last_observation_persistence,,exp1_cellA,1,0.6428571428571429,0.8339231857086502,0.8652357286645862,4.059467465954306,4.211894274063618,,
SOH_last_observation_persistence,,exp1_cellA,1,0.7142857142857143,0.818224933858435,0.8652357286645862,3.983049705001716,4.211894274063618,,
SOH_last_observation_persistence,,exp1_cellA,1,0.7857142857142857,0.7639284558682716,0.8652357286645862,3.718739047024665,4.211894274063618,,
SOH_last_observation_persistence,,exp1_cellA,1,0.8571428571428571,0.7250005917778434,0.8652357286645862,3.52924150036526,4.211894274063618,,
SOH_last_observation_persistence,,exp1_cellA,1,0.9285714285714286,0.6434004407516708,0.8652357286645862,3.132018873647892,4.211894274063618,,
SOH_last_observation_persistence,,exp1_cellA,1,1.0,0.5856790719679541,0.8652357286645862,2.8510361372478603,4.211894274063618,,
SOH_linear_fade,,exp1_cellA,1,0.5714285714285714,0.8549561721374236,0.8450016701261746,4.161854263183007,4.113396590165914,,
SOH_linear_fade,,exp1_cellA,1,0.6428571428571429,0.8339231857086502,0.8246315311654887,4.059467465954306,4.014236478293497,,
SOH_linear_fade,,exp1_cellA,1,0.7142857142857143,0.818224933858435,0.8042613922048027,3.983049705001716,3.915076366421079,,
SOH_linear_fade,,exp1_cellA,1,0.7857142857142857,0.7639284558682716,0.7838912532441169,3.718739047024665,3.8159162545486613,,
SOH_linear_fade,,exp1_cellA,1,0.8571428571428571,0.7250005917778434,0.7635211142834311,3.52924150036526,3.716756142676244,,
SOH_linear_fade,,exp1_cellA,1,0.9285714285714286,0.6434004407516708,0.7431509753227452,3.132018873647892,3.617596030803827,,
SOH_linear_fade,,exp1_cellA,1,1.0,0.5856790719679541,0.7227808363620593,2.8510361372478603,3.518435918931409,,
SOH_sqrt_fade,,exp1_cellA,1,0.5714285714285714,0.8549561721374236,0.8756691830077158,4.161854263183007,4.262683446482973,,
SOH_sqrt_fade,,exp1_cellA,1,0.6428571428571429,0.8339231857086502,0.8665187564011245,4.059467465954306,4.218139944460669,,
SOH_sqrt_fade,,exp1_cellA,1,0.7142857142857143,0.818224933858435,0.8578640677327469,3.983049705001716,4.1760096527511426,,
SOH_sqrt_fade,,exp1_cellA,1,0.7857142857142857,0.7639284558682716,0.8496323348051206,3.718739047024665,4.135938273779077,,
SOH_sqrt_fade,,exp1_cellA,1,0.8571428571428571,0.7250005917778434,0.8417670130906726,3.52924150036526,4.09765055357145,,
SOH_sqrt_fade,,exp1_cellA,1,0.9285714285714286,0.6434004407516708,0.8342231356949726,3.132018873647892,4.060927597093189,,
SOH_sqrt_fade,,exp1_cellA,1,1.0,0.5856790719679541,0.8269642436328801,2.8510361372478603,4.025591925091339,,
SOH_BOL_persistence,,exp1_cellB,1,0.5714285714285714,0.8593055242284461,1.0,4.176906007468412,4.860792686301855,,
SOH_BOL_persistence,,exp1_cellB,1,0.6428571428571429,0.8383723891509776,1.0,4.075154377582485,4.860792686301855,,
SOH_BOL_persistence,,exp1_cellB,1,0.7142857142857143,0.7994437874381211,1.0,3.885930515088674,4.860792686301855,,
SOH_BOL_persistence,,exp1_cellB,1,0.7857142857142857,0.7144807798517927,1.0,3.47294294920684,4.860792686301855,,
SOH_BOL_persistence,,exp1_cellB,1,0.8571428571428571,0.6308130172936719,1.0,3.066251300885086,4.860792686301855,,
SOH_BOL_persistence,,exp1_cellB,1,0.9285714285714286,0.5586363849136401,1.0,2.71541565409033,4.860792686301855,,
SOH_BOL_persistence,,exp1_cellB,1,1.0,0.492781344774241,1.0,2.395307956624624,4.860792686301855,,
SOH_last_observation_persistence,,exp1_cellB,1,0.5714285714285714,0.8593055242284461,0.8728994137453027,4.176906007468412,4.242983086210344,,
SOH_last_observation_persistence,,exp1_cellB,1,0.6428571428571429,0.8383723891509776,0.8728994137453027,4.075154377582485,4.242983086210344,,
SOH_last_observation_persistence,,exp1_cellB,1,0.7142857142857143,0.7994437874381211,0.8728994137453027,3.885930515088674,4.242983086210344,,
SOH_last_observation_persistence,,exp1_cellB,1,0.7857142857142857,0.7144807798517927,0.8728994137453027,3.47294294920684,4.242983086210344,,
SOH_last_observation_persistence,,exp1_cellB,1,0.8571428571428571,0.6308130172936719,0.8728994137453027,3.066251300885086,4.242983086210344,,
SOH_last_observation_persistence,,exp1_cellB,1,0.9285714285714286,0.5586363849136401,0.8728994137453027,2.71541565409033,4.242983086210344,,
SOH_last_observation_persistence,,exp1_cellB,1,1.0,0.492781344774241,0.8728994137453027,2.395307956624624,4.242983086210344,,
SOH_linear_fade,,exp1_cellB,1,0.5714285714285714,0.8593055242284461,0.8590613875387825,4.176906007468412,4.1757193096328376,,
SOH_linear_fade,,exp1_cellB,1,0.6428571428571429,0.8383723891509776,0.8415678644778994,4.075154377582485,4.090686920680844,,
SOH_linear_fade,,exp1_cellB,1,0.7142857142857143,0.7994437874381211,0.8240743414170164,3.885930515088674,4.005654531728852,,
SOH_linear_fade,,exp1_cellB,1,0.7857142857142857,0.7144807798517927,0.8065808183561334,3.47294294920684,3.9206221427768586,,
SOH_linear_fade,,exp1_cellB,1,0.8571428571428571,0.6308130172936719,0.7890872952952505,3.066251300885086,3.8355897538248658,,
SOH_linear_fade,,exp1_cellB,1,0.9285714285714286,0.5586363849136401,0.7715937722343674,2.71541565409033,3.750557364872873,,
SOH_linear_fade,,exp1_cellB,1,1.0,0.492781344774241,0.7541002491734844,2.395307956624624,3.6655249759208797,,
SOH_sqrt_fade,,exp1_cellB,1,0.5714285714285714,0.8593055242284461,0.8840044816244951,4.176906007468412,4.296962518938408,,
SOH_sqrt_fade,,exp1_cellB,1,0.6428571428571429,0.8383723891509776,0.8759371919429346,4.075154377582485,4.257749096256001,,
SOH_sqrt_fade,,exp1_cellB,1,0.7142857142857143,0.7994437874381211,0.868306959649587,3.885930515088674,4.220660118929713,,
SOH_sqrt_fade,,exp1_cellB,1,0.7857142857142857,0.7144807798517927,0.8610496177830815,3.47294294920684,4.185383684663011,,
SOH_sqrt_fade,,exp1_cellB,1,0.8571428571428571,0.6308130172936719,0.8541153149973062,3.066251300885086,4.151677476397311,,
SOH_sqrt_fade,,exp1_cellB,1,0.9285714285714286,0.5586363849136401,0.8474644071336828,2.71541565409033,4.1193487920965435,,
SOH_sqrt_fade,,exp1_cellB,1,1.0,0.492781344774241,0.8410647508608378,2.395307956624624,4.088241389690652,,
SOH_BOL_persistence,,exp1_cellD,1,0.5384615384615384,0.8181553504521012,1.0,4.002078276099845,4.89158724426645,,
SOH_BOL_persistence,,exp1_cellD,1,0.6153846153846154,0.8129632683847705,1.0,3.976680753688106,4.89158724426645,,
SOH_BOL_persistence,,exp1_cellD,1,0.6923076923076923,0.8031377766449331,1.0,3.928618503624872,4.89158724426645,,
SOH_BOL_persistence,,exp1_cellD,1,0.7692307692307693,0.7984539437080421,1.0,3.905707126176501,4.89158724426645,,
SOH_BOL_persistence,,exp1_cellD,1,0.8461538461538461,0.7884549637044503,1.0,3.856796243135256,4.89158724426645,,
SOH_BOL_persistence,,exp1_cellD,1,0.9230769230769232,0.7820982650781715,1.0,3.825701897219304,4.89158724426645,,
SOH_BOL_persistence,,exp1_cellD,1,1.0,0.7696990653997923,1.0,3.765050130233432,4.89158724426645,,
SOH_last_observation_persistence,,exp1_cellD,1,0.5384615384615384,0.8181553504521012,0.8244919763840729,4.002078276099845,4.033074434680366,,
SOH_last_observation_persistence,,exp1_cellD,1,0.6153846153846154,0.8129632683847705,0.8244919763840729,3.976680753688106,4.033074434680366,,
SOH_last_observation_persistence,,exp1_cellD,1,0.6923076923076923,0.8031377766449331,0.8244919763840729,3.928618503624872,4.033074434680366,,
SOH_last_observation_persistence,,exp1_cellD,1,0.7692307692307693,0.7984539437080421,0.8244919763840729,3.905707126176501,4.033074434680366,,
SOH_last_observation_persistence,,exp1_cellD,1,0.8461538461538461,0.7884549637044503,0.8244919763840729,3.856796243135256,4.033074434680366,,
SOH_last_observation_persistence,,exp1_cellD,1,0.9230769230769232,0.7820982650781715,0.8244919763840729,3.825701897219304,4.033074434680366,,
SOH_last_observation_persistence,,exp1_cellD,1,1.0,0.7696990653997923,0.8244919763840729,3.765050130233432,4.033074434680366,,
SOH_linear_fade,,exp1_cellD,1,0.5384615384615384,0.8181553504521012,0.7686484116290855,4.002078276099845,3.759910765650502,,
SOH_linear_fade,,exp1_cellD,1,0.6153846153846154,0.8129632683847705,0.7393391303643997,3.976680753688106,3.6165418592775476,,
SOH_linear_fade,,exp1_cellD,1,0.6923076923076923,0.8031377766449331,0.7100298490997139,3.928618503624872,3.473172952904593,,
SOH_linear_fade,,exp1_cellD,1,0.7692307692307693,0.7984539437080421,0.6807205678350281,3.905707126176501,3.3298040465316383,,
SOH_linear_fade,,exp1_cellD,1,0.8461538461538461,0.7884549637044503,0.6514112865703423,3.856796243135256,3.1864351401586837,,
SOH_linear_fade,,exp1_cellD,1,0.9230769230769232,0.7820982650781715,0.6221020053056565,3.825701897219304,3.043066233785729,,
SOH_linear_fade,,exp1_cellD,1,1.0,0.7696990653997923,0.5927927240409707,3.765050130233432,2.899697327412774,,
SOH_sqrt_fade,,exp1_cellD,1,0.5384615384615384,0.8181553504521012,0.7996483634593035,4.002078276099845,3.911549734596071,,
SOH_sqrt_fade,,exp1_cellD,1,0.6153846153846154,0.8129632683847705,0.7853055107738008,3.976680753688106,3.8413904193532735,,
SOH_sqrt_fade,,exp1_cellD,1,0.6923076923076923,0.8031377766449331,0.771834409017097,3.928618503624872,3.7754953498339656,,
SOH_sqrt_fade,,exp1_cellD,1,0.7692307692307693,0.7984539437080421,0.759093124185598,3.905707126176501,3.7131702434766396,,
SOH_sqrt_fade,,exp1_cellD,1,0.8461538461538461,0.7884549637044503,0.7469745075713532,3.856796243135256,3.6538909730282443,,
SOH_sqrt_fade,,exp1_cellD,1,0.9230769230769232,0.7820982650781715,0.7353953152866767,3.825701897219304,3.597250343749612,,
SOH_sqrt_fade,,exp1_cellD,1,1.0,0.7696990653997923,0.7242893478376431,3.765050130233432,3.542924535040681,,
SOH_BOL_persistence,,exp1_cellE,1,0.5714285714285714,0.7961913353698228,1.0,3.865615255227751,4.855133538262146,,
SOH_BOL_persistence,,exp1_cellE,1,0.6428571428571429,0.7814493934456567,1.0,3.794041158572619,4.855133538262146,,
SOH_BOL_persistence,,exp1_cellE,1,0.7142857142857143,0.7731770269753371,1.0,3.7538777146817752,4.855133538262146,,
SOH_BOL_persistence,,exp1_cellE,1,0.7857142857142857,0.7562960683651517,1.0,3.671918406375449,4.855133538262146,,
SOH_BOL_persistence,,exp1_cellE,1,0.8571428571428571,0.7375311809904169,1.0,3.580812372340662,4.855133538262146,,
SOH_BOL_persistence,,exp1_cellE,1,0.9285714285714286,0.6725044310535847,1.0,3.265098817838162,4.855133538262146,,
SOH_BOL_persistence,,exp1_cellE,1,1.0,0.5587558414481429,1.0,2.712834225514765,4.855133538262146,,
SOH_last_observation_persistence,,exp1_cellE,1,0.5714285714285714,0.7961913353698228,0.8018296586352763,3.865615255227751,3.892990067613418,,
SOH_last_observation_persistence,,exp1_cellE,1,0.6428571428571429,0.7814493934456567,0.8018296586352763,3.794041158572619,3.892990067613418,,
SOH_last_observation_persistence,,exp1_cellE,1,0.7142857142857143,0.7731770269753371,0.8018296586352763,3.7538777146817752,3.892990067613418,,
SOH_last_observation_persistence,,exp1_cellE,1,0.7857142857142857,0.7562960683651517,0.8018296586352763,3.671918406375449,3.892990067613418,,
SOH_last_observation_persistence,,exp1_cellE,1,0.8571428571428571,0.7375311809904169,0.8018296586352763,3.580812372340662,3.892990067613418,,
SOH_last_observation_persistence,,exp1_cellE,1,0.9285714285714286,0.6725044310535847,0.8018296586352763,3.265098817838162,3.892990067613418,,
SOH_last_observation_persistence,,exp1_cellE,1,1.0,0.5587558414481429,0.8018296586352763,2.712834225514765,3.892990067613418,,
SOH_linear_fade,,exp1_cellE,1,0.5714285714285714,0.7961913353698228,0.7501784729597052,3.865615255227751,3.6422166637489473,,
SOH_linear_fade,,exp1_cellE,1,0.6428571428571429,0.7814493934456567,0.7237199757471589,3.794041158572619,3.5137571265602983,,
SOH_linear_fade,,exp1_cellE,1,0.7142857142857143,0.7731770269753371,0.6972614785346125,3.7538777146817752,3.385297589371649,,
SOH_linear_fade,,exp1_cellE,1,0.7857142857142857,0.7562960683651517,0.6708029813220661,3.671918406375449,3.256838052182999,,
SOH_linear_fade,,exp1_cellE,1,0.8571428571428571,0.7375311809904169,0.6443444841095197,3.580812372340662,3.12837851499435,,
SOH_linear_fade,,exp1_cellE,1,0.9285714285714286,0.6725044310535847,0.6178859868969733,3.265098817838162,2.9999189778057,,
SOH_linear_fade,,exp1_cellE,1,1.0,0.5587558414481429,0.5914274896844269,2.712834225514765,2.8714594406170506,,
SOH_sqrt_fade,,exp1_cellE,1,0.5714285714285714,0.7961913353698228,0.7789718933892968,3.865615255227751,3.7820125649579404,,
SOH_sqrt_fade,,exp1_cellE,1,0.6428571428571429,0.7814493934456567,0.7654303705055135,3.794041158572619,3.7162666630457397,,
SOH_sqrt_fade,,exp1_cellE,1,0.7142857142857143,0.7731770269753371,0.752622479715981,3.7538777146817752,3.654082642919081,,
SOH_sqrt_fade,,exp1_cellE,1,0.7857142857142857,0.7562960683651517,0.7404405121853797,3.671918406375449,3.5949375637992382,,
SOH_sqrt_fade,,exp1_cellE,1,0.8571428571428571,0.7375311809904169,0.728800788862776,3.580812372340662,3.538425152719573,,
SOH_sqrt_fade,,exp1_cellE,1,0.9285714285714286,0.6725044310535847,0.7176367641917577,3.265098817838162,3.484222322117326,,
SOH_sqrt_fade,,exp1_cellE,1,1.0,0.5587558414481429,0.7068944832910036,2.712834225514765,3.432067113838642,,
SOH_BOL_persistence,,exp1_cellF,1,0.5714285714285714,0.7914942251085741,1.0,3.847663007702252,4.861264789612893,,
SOH_BOL_persistence,,exp1_cellF,1,0.6428571428571429,0.765044545670987,1.0,3.7190841123557616,4.861264789612893,,
SOH_BOL_persistence,,exp1_cellF,1,0.7142857142857143,0.7502677805201031,1.0,3.6472503442233912,4.861264789612893,,
SOH_BOL_persistence,,exp1_cellF,1,0.7857142857142857,0.6973659111361276,1.0,3.3900803492823703,4.861264789612893,,
SOH_BOL_persistence,,exp1_cellF,1,0.8571428571428571,0.5855959939675742,1.0,2.8467371864129323,4.861264789612893,,
SOH_BOL_persistence,,exp1_cellF,1,0.9285714285714286,0.5498386118680253,1.0,2.672911083843661,4.861264789612893,,
SOH_BOL_persistence,,exp1_cellF,1,1.0,0.44945260077179,1.0,2.184908102731843,4.861264789612893,,
SOH_last_observation_persistence,,exp1_cellF,1,0.5714285714285714,0.7914942251085741,0.797391426355823,3.847663007702252,3.8763308644827643,,
SOH_last_observation_persistence,,exp1_cellF,1,0.6428571428571429,0.765044545670987,0.797391426355823,3.7190841123557616,3.8763308644827643,,
SOH_last_observation_persistence,,exp1_cellF,1,0.7142857142857143,0.7502677805201031,0.797391426355823,3.6472503442233912,3.8763308644827643,,
SOH_last_observation_persistence,,exp1_cellF,1,0.7857142857142857,0.6973659111361276,0.797391426355823,3.3900803492823703,3.8763308644827643,,
SOH_last_observation_persistence,,exp1_cellF,1,0.8571428571428571,0.5855959939675742,0.797391426355823,2.8467371864129323,3.8763308644827643,,
SOH_last_observation_persistence,,exp1_cellF,1,0.9285714285714286,0.5498386118680253,0.797391426355823,2.672911083843661,3.8763308644827643,,
SOH_last_observation_persistence,,exp1_cellF,1,1.0,0.44945260077179,0.797391426355823,2.184908102731843,3.8763308644827643,,
SOH_linear_fade,,exp1_cellF,1,0.5714285714285714,0.7914942251085741,0.7445278785783983,3.847663007702252,3.6193471610183505,,
SOH_linear_fade,,exp1_cellF,1,0.6428571428571429,0.765044545670987,0.7166010031733734,3.7190841123557616,3.4835872249279967,,
SOH_linear_fade,,exp1_cellF,1,0.7142857142857143,0.7502677805201031,0.6886741277683484,3.6472503442233912,3.3478272888376424,,
SOH_linear_fade,,exp1_cellF,1,0.7857142857142857,0.6973659111361276,0.6607472523633235,3.3900803492823703,3.212067352747289,,
SOH_linear_fade,,exp1_cellF,1,0.8571428571428571,0.5855959939675742,0.6328203769582985,2.8467371864129323,3.0763074166569346,,
SOH_linear_fade,,exp1_cellF,1,0.9285714285714286,0.5498386118680253,0.6048935015532737,2.672911083843661,2.940547480566581,,
SOH_linear_fade,,exp1_cellF,1,1.0,0.44945260077179,0.5769666261482487,2.184908102731843,2.8047875444762265,,
SOH_sqrt_fade,,exp1_cellF,1,0.5714285714285714,0.7914942251085741,0.7764678941217245,3.847663007702252,3.774616033958811,,
SOH_sqrt_fade,,exp1_cellF,1,0.6428571428571429,0.765044545670987,0.762407164953551,3.7190841123557616,3.706263106337286,,
SOH_sqrt_fade,,exp1_cellF,1,0.7142857142857143,0.7502677805201031,0.7491081966504491,3.6472503442233912,3.641613299987239,,
SOH_sqrt_fade,,exp1_cellF,1,0.7857142857142857,0.6973659111361276,0.7364591506270959,3.3900803492823703,3.5801229379317188,,
SOH_sqrt_fade,,exp1_cellF,1,0.8571428571428571,0.5855959939675742,0.7243731394276023,2.8467371864129323,3.5213696372407535,,
SOH_sqrt_fade,,exp1_cellF,1,0.9285714285714286,0.5498386118680253,0.7127810660195235,2.672911083843661,3.4650174989434523,,
SOH_sqrt_fade,,exp1_cellF,1,1.0,0.44945260077179,0.7016269067945793,2.184908102731843,3.4107941774454953,,
SOH_BOL_persistence,,exp1_cellJ,1,0.6,0.9283996811708648,1.0,4.479245641129816,4.824695367711404,,
SOH_BOL_persistence,,exp1_cellJ,1,0.7,0.9084019156276106,1.0,4.382762514348698,4.824695367711404,,
SOH_BOL_persistence,,exp1_cellJ,1,0.8,0.8905796338743112,1.0,4.296775434131507,4.824695367711404,,
SOH_BOL_persistence,,exp1_cellJ,1,0.9,0.8734456000301964,1.0,4.214108940413596,4.824695367711404,,
SOH_BOL_persistence,,exp1_cellJ,1,1.0,0.8612822153989198,1.0,4.155424314927384,4.824695367711404,,
SOH_last_observation_persistence,,exp1_cellJ,1,0.6,0.9283996811708648,0.9444621779978418,4.479245641129816,4.556742295164811,,
SOH_last_observation_persistence,,exp1_cellJ,1,0.7,0.9084019156276106,0.9444621779978418,4.382762514348698,4.556742295164811,,
SOH_last_observation_persistence,,exp1_cellJ,1,0.8,0.8905796338743112,0.9444621779978418,4.296775434131507,4.556742295164811,,
SOH_last_observation_persistence,,exp1_cellJ,1,0.9,0.8734456000301964,0.9444621779978418,4.214108940413596,4.556742295164811,,
SOH_last_observation_persistence,,exp1_cellJ,1,1.0,0.8612822153989198,0.9444621779978418,4.155424314927384,4.556742295164811,,
SOH_linear_fade,,exp1_cellJ,1,0.6,0.9283996811708648,0.93294819806122,4.479245641129816,4.501190849500669,,
SOH_linear_fade,,exp1_cellJ,1,0.7,0.9084019156276106,0.9225724673150897,4.382762514348698,4.451131109433193,,
SOH_linear_fade,,exp1_cellJ,1,0.8,0.8905796338743112,0.9121967365689593,4.296775434131507,4.4010713693657175,,
SOH_linear_fade,,exp1_cellJ,1,0.9,0.8734456000301964,0.9018210058228289,4.214108940413596,4.351011629298242,,
SOH_linear_fade,,exp1_cellJ,1,1.0,0.8612822153989198,0.8914452750766986,4.155424314927384,4.300951889230766,,
SOH_sqrt_fade,,exp1_cellJ,1,0.6,0.9283996811708648,0.9441046619089086,4.479245641129816,4.555017388946652,,
SOH_sqrt_fade,,exp1_cellJ,1,0.7,0.9084019156276106,0.9394130010365764,4.382762514348698,4.532381554469039,,
SOH_sqrt_fade,,exp1_cellJ,1,0.8,0.8905796338743112,0.9350461095719036,4.296775434131507,4.511312633448133,,
SOH_sqrt_fade,,exp1_cellJ,1,0.9,0.8734456000301964,0.930944635439038,4.214108940413596,4.491524270198508,,
SOH_sqrt_fade,,exp1_cellJ,1,1.0,0.8612822153989198,0.9270653647528182,4.155424314927384,4.472807970888605,,
SOH_BOL_persistence,,exp1_cellK,1,0.6,0.8068862227834716,1.0,3.918879495398503,4.85679316952489,,
SOH_BOL_persistence,,exp1_cellK,1,0.7,0.7961825254601345,1.0,3.866893851349858,4.85679316952489,,
SOH_BOL_persistence,,exp1_cellK,1,0.8,0.7877533102337295,1.0,3.825954896413799,4.85679316952489,,
SOH_BOL_persistence,,exp1_cellK,1,0.9,0.7790779761794198,1.0,3.7838205932354807,4.85679316952489,,
SOH_BOL_persistence,,exp1_cellK,1,1.0,0.7717907926718258,1.0,3.748428250150724,4.85679316952489,,
SOH_last_observation_persistence,,exp1_cellK,1,0.6,0.8068862227834716,0.8162209790414554,3.918879495398503,3.964216475831459,,
SOH_last_observation_persistence,,exp1_cellK,1,0.7,0.7961825254601345,0.8162209790414554,3.866893851349858,3.964216475831459,,
SOH_last_observation_persistence,,exp1_cellK,1,0.8,0.7877533102337295,0.8162209790414554,3.825954896413799,3.964216475831459,,
SOH_last_observation_persistence,,exp1_cellK,1,0.9,0.7790779761794198,0.8162209790414554,3.7838205932354807,3.964216475831459,,
SOH_last_observation_persistence,,exp1_cellK,1,1.0,0.7717907926718258,0.8162209790414554,3.748428250150724,3.964216475831459,,
SOH_linear_fade,,exp1_cellK,1,0.6,0.8068862227834716,0.7517435889758527,3.918879495398503,3.651063128172048,,
SOH_linear_fade,,exp1_cellK,1,0.7,0.7961825254601345,0.7142080409875142,3.866893851349858,3.4687607350879115,,
SOH_linear_fade,,exp1_cellK,1,0.8,0.7877533102337295,0.6766724929991755,3.825954896413799,3.2864583420037747,,
SOH_linear_fade,,exp1_cellK,1,0.9,0.7790779761794198,0.6391369450108371,3.7838205932354807,3.1041559489196384,,
SOH_linear_fade,,exp1_cellK,1,1.0,0.7717907926718258,0.6016013970224985,3.748428250150724,2.921853555835502,,
SOH_sqrt_fade,,exp1_cellK,1,0.6,0.8068862227834716,0.7888734484939668,3.918879495398503,3.8313951762650427,,
SOH_sqrt_fade,,exp1_cellK,1,0.7,0.7961825254601345,0.7712983999272628,3.866893851349858,3.746036800432207,,
SOH_sqrt_fade,,exp1_cellK,1,0.8,0.7877533102337295,0.754939943579799,3.825954896413799,3.6665871613798733,,
SOH_sqrt_fade,,exp1_cellK,1,0.9,0.7790779761794198,0.7395757454756084,3.7838205932354807,3.5919664289722135,,
SOH_sqrt_fade,,exp1_cellK,1,1.0,0.7717907926718258,0.7250439256000998,3.748428250150724,3.521388385460077,,
SOH_BOL_persistence,,exp1_cellL,1,0.6,0.8070037299410662,1.0,3.911680712389937,4.847165592004883,,
SOH_BOL_persistence,,exp1_cellL,1,0.7,0.7977274944560124,1.0,3.866717262923449,4.847165592004883,,
SOH_BOL_persistence,,exp1_cellL,1,0.8,0.7902851473030869,1.0,3.830642973880033,4.847165592004883,,
SOH_BOL_persistence,,exp1_cellL,1,0.9,0.7826036305284555,1.0,3.793409390075632,4.847165592004883,,
SOH_BOL_persistence,,exp1_cellL,1,1.0,0.7761383115014312,1.0,3.762070918146505,4.847165592004883,,
SOH_last_observation_persistence,,exp1_cellL,1,0.6,0.8070037299410662,0.8154003946499581,3.911680712389937,3.952380736654479,,
SOH_last_observation_persistence,,exp1_cellL,1,0.7,0.7977274944560124,0.8154003946499581,3.866717262923449,3.952380736654479,,
SOH_last_observation_persistence,,exp1_cellL,1,0.8,0.7902851473030869,0.8154003946499581,3.830642973880033,3.952380736654479,,
SOH_last_observation_persistence,,exp1_cellL,1,0.9,0.7826036305284555,0.8154003946499581,3.793409390075632,3.952380736654479,,
SOH_last_observation_persistence,,exp1_cellL,1,1.0,0.7761383115014312,0.8154003946499581,3.762070918146505,3.952380736654479,,
SOH_linear_fade,,exp1_cellL,1,0.6,0.8070037299410662,0.7500076432561202,3.911680712389937,3.635411242131739,,
SOH_linear_fade,,exp1_cellL,1,0.7,0.7977274944560124,0.7121107990470414,3.866717262923449,3.4517189628359226,,
SOH_linear_fade,,exp1_cellL,1,0.8,0.7902851473030869,0.6742139548379624,3.830642973880033,3.2680266835401053,,
SOH_linear_fade,,exp1_cellL,1,0.9,0.7826036305284555,0.6363171106288836,3.793409390075632,3.0843344042442893,,
SOH_linear_fade,,exp1_cellL,1,1.0,0.7761383115014312,0.5984202664198048,3.762070918146505,2.900642124948473,,
SOH_sqrt_fade,,exp1_cellL,1,0.6,0.8070037299410662,0.7876181546493554,3.911680712389937,3.817715618854736,,
SOH_sqrt_fade,,exp1_cellL,1,0.7,0.7977274944560124,0.769896924537832,3.866717262923449,3.731817882010159,,
SOH_sqrt_fade,,exp1_cellL,1,0.8,0.7902851473030869,0.7534024057259796,3.830642973880033,3.6518662179686707,,
SOH_sqrt_fade,,exp1_cellL,1,0.9,0.7826036305284555,0.7379104149613445,3.793409390075632,3.5767739733826738,,
SOH_sqrt_fade,,exp1_cellL,1,1.0,0.7761383115014312,0.7232577257823809,3.762070918146505,3.5057499625640594,,
SOH_BOL_persistence,,exp1_cellM,1,0.6,0.8094657288379769,1.0,3.907895631767987,4.827746861350067,,
SOH_BOL_persistence,,exp1_cellM,1,0.7,0.8010379454939867,1.0,3.8672084271809,4.827746861350067,,
SOH_BOL_persistence,,exp1_cellM,1,0.8,0.794506580500605,1.0,3.83567665033377,4.827746861350067,,
SOH_BOL_persistence,,exp1_cellM,1,0.9,0.7878186379024347,1.0,3.803388956446564,4.827746861350067,,
SOH_BOL_persistence,,exp1_cellM,1,1.0,0.7831291042673945,1.0,3.780749075158803,4.827746861350067,,
SOH_last_observation_persistence,,exp1_cellM,1,0.6,0.8094657288379769,0.8162588108192571,3.907895631767987,3.940690911982007,,
SOH_last_observation_persistence,,exp1_cellM,1,0.7,0.8010379454939867,0.8162588108192571,3.8672084271809,3.940690911982007,,
SOH_last_observation_persistence,,exp1_cellM,1,0.8,0.794506580500605,0.8162588108192571,3.83567665033377,3.940690911982007,,
SOH_last_observation_persistence,,exp1_cellM,1,0.9,0.7878186379024347,0.8162588108192571,3.803388956446564,3.940690911982007,,
SOH_last_observation_persistence,,exp1_cellM,1,1.0,0.7831291042673945,0.8162588108192571,3.780749075158803,3.940690911982007,,
SOH_linear_fade,,exp1_cellM,1,0.6,0.8094657288379769,0.7498449608546432,3.907895631767987,3.6200616562651677,,
SOH_linear_fade,,exp1_cellM,1,0.7,0.8010379454939867,0.7113472287373669,3.8672084271809,3.4342043508668914,,
SOH_linear_fade,,exp1_cellM,1,0.8,0.794506580500605,0.6728494966200904,3.83567665033377,3.248347045468614,,
SOH_linear_fade,,exp1_cellM,1,0.9,0.7878186379024347,0.634351764502814,3.803388956446564,3.0624897400703377,,
SOH_linear_fade,,exp1_cellM,1,1.0,0.7831291042673945,0.5958540323855377,3.780749075158803,2.876632434672061,,
SOH_sqrt_fade,,exp1_cellM,1,0.6,0.8094657288379769,0.7888762546072392,3.907895631767987,3.8084948621736956,,
SOH_sqrt_fade,,exp1_cellM,1,0.7,0.8010379454939867,0.7710277821294308,3.8672084271809,3.7223269551890628,,
SOH_sqrt_fade,,exp1_cellM,1,0.8,0.794506580500605,0.7544148290107531,3.83567665033377,3.6421238229126107,,
SOH_sqrt_fade,,exp1_cellM,1,0.9,0.7878186379024347,0.738811602313231,3.803388956446564,3.5667953941967148,,
SOH_sqrt_fade,,exp1_cellM,1,1.0,0.7831291042673945,0.7240537035730894,3.780749075158803,3.495547994873874,,
SOH_BOL_persistence,,exp2_cellA,2,0.5833333333333334,0.9249928121553804,1.0,4.482643358757167,4.846138585998192,,
SOH_BOL_persistence,,exp2_cellA,2,0.6666666666666666,0.9189006441015372,1.0,4.453119868079051,4.846138585998192,,
SOH_BOL_persistence,,exp2_cellA,2,0.75,0.9161023998591324,1.0,4.439559188682886,4.846138585998192,,
SOH_BOL_persistence,,exp2_cellA,2,0.8333333333333334,0.9124277118108484,1.0,4.42175114114059,4.846138585998192,,
SOH_BOL_persistence,,exp2_cellA,2,0.9166666666666666,0.9109432059512895,1.0,4.414557020013442,4.846138585998192,,
SOH_BOL_persistence,,exp2_cellA,2,1.0,0.9107642676506382,1.0,4.413689860210143,4.846138585998192,,
SOH_last_observation_persistence,,exp2_cellA,2,0.5833333333333334,0.9249928121553804,0.9316649905340321,4.482643358757167,4.514977659850613,,
SOH_last_observation_persistence,,exp2_cellA,2,0.6666666666666666,0.9189006441015372,0.9316649905340321,4.453119868079051,4.514977659850613,,
SOH_last_observation_persistence,,exp2_cellA,2,0.75,0.9161023998591324,0.9316649905340321,4.439559188682886,4.514977659850613,,
SOH_last_observation_persistence,,exp2_cellA,2,0.8333333333333334,0.9124277118108484,0.9316649905340321,4.42175114114059,4.514977659850613,,
SOH_last_observation_persistence,,exp2_cellA,2,0.9166666666666666,0.9109432059512895,0.9316649905340321,4.414557020013442,4.514977659850613,,
SOH_last_observation_persistence,,exp2_cellA,2,1.0,0.9107642676506382,0.9316649905340321,4.413689860210143,4.514977659850613,,
SOH_linear_fade,,exp2_cellA,2,0.5833333333333334,0.9249928121553804,0.9201096803412988,4.482643358757167,4.458979025252431,,
SOH_linear_fade,,exp2_cellA,2,0.6666666666666666,0.9189006441015372,0.9098591148895976,4.453119868079051,4.409303364488641,,
SOH_linear_fade,,exp2_cellA,2,0.75,0.9161023998591324,0.8996085494378963,4.439559188682886,4.359627703724851,,
SOH_linear_fade,,exp2_cellA,2,0.8333333333333334,0.9124277118108484,0.8893579839861949,4.42175114114059,4.309952042961061,,
SOH_linear_fade,,exp2_cellA,2,0.9166666666666666,0.9109432059512895,0.8791074185344937,4.414557020013442,4.260276382197272,,
SOH_linear_fade,,exp2_cellA,2,1.0,0.9107642676506382,0.8688568530827925,4.413689860210143,4.210600721433483,,
SOH_sqrt_fade,,exp2_cellA,2,0.5833333333333334,0.9249928121553804,0.9317678159169326,4.482643358757167,4.515475965906307,,
SOH_sqrt_fade,,exp2_cellA,2,0.6666666666666666,0.9189006441015372,0.9268873396215981,4.453119868079051,4.491824501413437,,
SOH_sqrt_fade,,exp2_cellA,2,0.75,0.9161023998591324,0.9223034960698836,4.439559188682886,4.469610560305295,,
SOH_sqrt_fade,,exp2_cellA,2,0.8333333333333334,0.9124277118108484,0.9179679890437891,4.42175114114059,4.448600092416272,,
SOH_sqrt_fade,,exp2_cellA,2,0.9166666666666666,0.9109432059512895,0.9138443587998663,4.414557020013442,4.428616408776809,,
SOH_sqrt_fade,,exp2_cellA,2,1.0,0.9107642676506382,0.909904279744212,4.413689860210143,4.4095222396333185,,
SOH_BOL_persistence,,exp2_cellB,2,0.5833333333333334,0.9215232607161805,1.0,4.461646432162857,4.841599363097354,,
SOH_BOL_persistence,,exp2_cellB,2,0.6666666666666666,0.9108267995628626,1.0,4.409858452655557,4.841599363097354,,
SOH_BOL_persistence,,exp2_cellB,2,0.75,0.9058028992907209,1.0,4.385534740297691,4.841599363097354,,
SOH_BOL_persistence,,exp2_cellB,2,0.8333333333333334,0.9001834664415093,1.0,4.35832769779398,4.841599363097354,,
SOH_BOL_persistence,,exp2_cellB,2,0.9166666666666666,0.8956699538478909,1.0,4.336475078095385,4.841599363097354,,
SOH_BOL_persistence,,exp2_cellB,2,1.0,0.8959111069771764,1.0,4.337642644932543,4.841599363097354,,
SOH_last_observation_persistence,,exp2_cellB,2,0.5833333333333334,0.9215232607161805,0.9285094457307016,4.461646432162857,4.495470741079642,,
SOH_last_observation_persistence,,exp2_cellB,2,0.6666666666666666,0.9108267995628626,0.9285094457307016,4.409858452655557,4.495470741079642,,
SOH_last_observation_persistence,,exp2_cellB,2,0.75,0.9058028992907209,0.9285094457307016,4.385534740297691,4.495470741079642,,
SOH_last_observation_persistence,,exp2_cellB,2,0.8333333333333334,0.9001834664415093,0.9285094457307016,4.35832769779398,4.495470741079642,,
SOH_last_observation_persistence,,exp2_cellB,2,0.9166666666666666,0.8956699538478909,0.9285094457307016,4.336475078095385,4.495470741079642,,
SOH_last_observation_persistence,,exp2_cellB,2,1.0,0.8959111069771764,0.9285094457307016,4.337642644932543,4.495470741079642,,
SOH_linear_fade,,exp2_cellB,2,0.5833333333333334,0.9215232607161805,0.9136183385338523,4.461646432162857,4.423373965959563,,
SOH_linear_fade,,exp2_cellB,2,0.6666666666666666,0.9108267995628626,0.9023600381042569,4.409858452655557,4.368865785770074,,
SOH_linear_fade,,exp2_cellB,2,0.75,0.9058028992907209,0.8911017376746614,4.385534740297691,4.314357605580586,,
SOH_linear_fade,,exp2_cellB,2,0.8333333333333334,0.9001834664415093,0.8798434372450659,4.35832769779398,4.259849425391098,,
SOH_linear_fade,,exp2_cellB,2,0.9166666666666666,0.8956699538478909,0.8685851368154704,4.336475078095385,4.20534124520161,,
SOH_linear_fade,,exp2_cellB,2,1.0,0.8959111069771764,0.8573268363858749,4.337642644932543,4.1508330650121215,,
SOH_sqrt_fade,,exp2_cellB,2,0.5833333333333334,0.9215232607161805,0.9266161152184467,4.461646432162857,4.486303993277376,,
SOH_sqrt_fade,,exp2_cellB,2,0.6666666666666666,0.9108267995628626,0.9212880256629198,4.409858452655557,4.460507518278812,,
SOH_sqrt_fade,,exp2_cellB,2,0.75,0.9058028992907209,0.9162837745459935,4.385534740297691,4.436278939258322,,
SOH_sqrt_fade,,exp2_cellB,2,0.8333333333333334,0.9001834664415093,0.9115506361583058,4.35832769779398,4.413362979455042,,
SOH_sqrt_fade,,exp2_cellB,2,0.9166666666666666,0.8956699538478909,0.9070488068482231,4.336475078095385,4.391566925534572,,
SOH_sqrt_fade,,exp2_cellB,2,1.0,0.8959111069771764,0.902747363137811,4.337642644932543,4.370741058405842,,
SOH_BOL_persistence,,exp2_cellC,2,0.5833333333333334,0.9374129888404765,1.0,4.529879087947729,4.83231952391754,,
SOH_BOL_persistence,,exp2_cellC,2,0.6666666666666666,0.9303869734073997,1.0,4.495927136395126,4.83231952391754,,
SOH_BOL_persistence,,exp2_cellC,2,0.75,0.928262601289942,1.0,4.485661491535869,4.83231952391754,,
SOH_BOL_persistence,,exp2_cellC,2,0.8333333333333334,0.9253155389115526,1.0,4.471420344466575,4.83231952391754,,
SOH_BOL_persistence,,exp2_cellC,2,0.9166666666666666,0.9200752424845271,1.0,4.446097557731145,4.83231952391754,,
SOH_BOL_persistence,,exp2_cellC,2,1.0,0.9180942687374104,1.0,4.4365248596165845,4.83231952391754,,
SOH_last_observation_persistence,,exp2_cellC,2,0.5833333333333334,0.9374129888404765,0.9411434657833776,4.529879087947729,4.547905944512435,,
SOH_last_observation_persistence,,exp2_cellC,2,0.6666666666666666,0.9303869734073997,0.9411434657833776,4.495927136395126,4.547905944512435,,
SOH_last_observation_persistence,,exp2_cellC,2,0.75,0.928262601289942,0.9411434657833776,4.485661491535869,4.547905944512435,,
SOH_last_observation_persistence,,exp2_cellC,2,0.8333333333333334,0.9253155389115526,0.9411434657833776,4.471420344466575,4.547905944512435,,
SOH_last_observation_persistence,,exp2_cellC,2,0.9166666666666666,0.9200752424845271,0.9411434657833776,4.446097557731145,4.547905944512435,,
SOH_last_observation_persistence,,exp2_cellC,2,1.0,0.9180942687374104,0.9411434657833776,4.4365248596165845,4.547905944512435,,
SOH_linear_fade,,exp2_cellC,2,0.5833333333333334,0.9374129888404765,0.9280403164768547,4.529879087947729,4.484587340293717,,
SOH_linear_fade,,exp2_cellC,2,0.6666666666666666,0.9303869734073997,0.9189773820669532,4.495927136395126,4.440792345400767,,
SOH_linear_fade,,exp2_cellC,2,0.75,0.928262601289942,0.9099144476570518,4.485661491535869,4.3969973505078155,,
SOH_linear_fade,,exp2_cellC,2,0.8333333333333334,0.9253155389115526,0.9008515132471502,4.471420344466575,4.353202355614864,,
SOH_linear_fade,,exp2_cellC,2,0.9166666666666666,0.9200752424845271,0.8917885788372487,4.446097557731145,4.309407360721913,,
SOH_linear_fade,,exp2_cellC,2,1.0,0.9180942687374104,0.8827256444273472,4.4365248596165845,4.265612365828962,,
SOH_sqrt_fade,,exp2_cellC,2,0.5833333333333334,0.9374129888404765,0.9379648082592567,4.529879087947729,4.532545655698778,,
SOH_sqrt_fade,,exp2_cellC,2,0.6666666666666666,0.9303869734073997,0.9335860955207926,4.495927136395126,4.511386316643072,,
SOH_sqrt_fade,,exp2_cellC,2,0.75,0.928262601289942,0.9294735186048456,4.485661491535869,4.491513030918528,,
SOH_sqrt_fade,,exp2_cellC,2,0.8333333333333334,0.9253155389115526,0.9255837466452914,4.471420344466575,4.472716409934788,,
SOH_sqrt_fade,,exp2_cellC,2,0.9166666666666666,0.9200752424845271,0.9218840683382701,4.446097557731145,4.454838382219553,,
SOH_sqrt_fade,,exp2_cellC,2,1.0,0.9180942687374104,0.9183490702545704,4.4365248596165845,4.437756141962681,,
SOH_BOL_persistence,,exp2_cellD,2,0.5833333333333334,0.934022005775634,1.0,4.505097731281088,4.823331466949698,,
SOH_BOL_persistence,,exp2_cellD,2,0.6666666666666666,0.9250959575914592,1.0,4.462044442198849,4.823331466949698,,
SOH_BOL_persistence,,exp2_cellD,2,0.75,0.9199823232382219,1.0,4.437379688712404,4.823331466949698,,
SOH_BOL_persistence,,exp2_cellD,2,0.8333333333333334,0.9145132805755902,1.0,4.411000683143643,4.823331466949698,,
SOH_BOL_persistence,,exp2_cellD,2,0.9166666666666666,0.9105086329801314,1.0,4.391684940382421,4.823331466949698,,
SOH_BOL_persistence,,exp2_cellD,2,1.0,0.9100229179493048,1.0,4.389342175790265,4.823331466949698,,
SOH_last_observation_persistence,,exp2_cellD,2,0.5833333333333334,0.934022005775634,0.9424371492442312,4.505097731281088,4.545686757572069,,
SOH_last_observation_persistence,,exp2_cellD,2,0.6666666666666666,0.9250959575914592,0.9424371492442312,4.462044442198849,4.545686757572069,,
SOH_last_observation_persistence,,exp2_cellD,2,0.75,0.9199823232382219,0.9424371492442312,4.437379688712404,4.545686757572069,,
SOH_last_observation_persistence,,exp2_cellD,2,0.8333333333333334,0.9145132805755902,0.9424371492442312,4.411000683143643,4.545686757572069,,
SOH_last_observation_persistence,,exp2_cellD,2,0.9166666666666666,0.9105086329801314,0.9424371492442312,4.391684940382421,4.545686757572069,,
SOH_last_observation_persistence,,exp2_cellD,2,1.0,0.9100229179493048,0.9424371492442312,4.389342175790265,4.545686757572069,,
SOH_linear_fade,,exp2_cellD,2,0.5833333333333334,0.934022005775634,0.9312344634995168,4.505097731281088,4.491652490905239,,
SOH_linear_fade,,exp2_cellD,2,0.6666666666666666,0.9250959575914592,0.9225954441921794,4.462044442198849,4.449983637236573,,
SOH_linear_fade,,exp2_cellD,2,0.75,0.9199823232382219,0.9139564248848421,4.437379688712404,4.408314783567907,,
SOH_linear_fade,,exp2_cellD,2,0.8333333333333334,0.9145132805755902,0.9053174055775047,4.411000683143643,4.36664592989924,,
SOH_linear_fade,,exp2_cellD,2,0.9166666666666666,0.9105086329801314,0.8966783862701674,4.391684940382421,4.324977076230574,,
SOH_linear_fade,,exp2_cellD,2,1.0,0.9100229179493048,0.88803936696283,4.389342175790265,4.283308222561908,,
SOH_sqrt_fade,,exp2_cellD,2,0.5833333333333334,0.934022005775634,0.9407241632913793,4.505097731281088,4.537424458523236,,
SOH_sqrt_fade,,exp2_cellD,2,0.6666666666666666,0.9250959575914592,0.9365551565221947,4.462044442198849,4.517315956987502,,
SOH_sqrt_fade,,exp2_cellD,2,0.75,0.9199823232382219,0.9326395397586731,4.437379688712404,4.498429639439492,,
SOH_sqrt_fade,,exp2_cellD,2,0.8333333333333334,0.9145132805755902,0.9289360573430502,4.411000683143643,4.480566516166923,,
SOH_sqrt_fade,,exp2_cellD,2,0.9166666666666666,0.9105086329801314,0.925413564586152,4.391684940382421,4.463576366010473,,
SOH_sqrt_fade,,exp2_cellD,2,1.0,0.9100229179493048,0.9220478651625428,4.389342175790265,4.447342482072285,,
SOH_BOL_persistence,,exp2_cellE,2,0.5833333333333334,0.921390350630106,1.0,4.466412726676465,4.8474706986263145,,
SOH_BOL_persistence,,exp2_cellE,2,0.6666666666666666,0.9165428840789561,1.0,4.442914774607194,4.8474706986263145,,
SOH_BOL_persistence,,exp2_cellE,2,0.75,0.911727243647203,1.0,4.419571098719151,4.8474706986263145,,
SOH_BOL_persistence,,exp2_cellE,2,0.8333333333333334,0.9073976174354801,1.0,4.39858336252182,4.8474706986263145,,
SOH_BOL_persistence,,exp2_cellE,2,0.9166666666666666,0.9031805240556576,1.0,4.378141125929759,4.8474706986263145,,
SOH_BOL_persistence,,exp2_cellE,2,1.0,0.8946822541703837,1.0,4.336946011671876,4.8474706986263145,,
SOH_last_observation_persistence,,exp2_cellE,2,0.5833333333333334,0.921390350630106,0.9263040501657956,4.466412726676465,4.490231741197574,,
SOH_last_observation_persistence,,exp2_cellE,2,0.6666666666666666,0.9165428840789561,0.9263040501657956,4.442914774607194,4.490231741197574,,
SOH_last_observation_persistence,,exp2_cellE,2,0.75,0.911727243647203,0.9263040501657956,4.419571098719151,4.490231741197574,,
SOH_last_observation_persistence,,exp2_cellE,2,0.8333333333333334,0.9073976174354801,0.9263040501657956,4.39858336252182,4.490231741197574,,
SOH_last_observation_persistence,,exp2_cellE,2,0.9166666666666666,0.9031805240556576,0.9263040501657956,4.378141125929759,4.490231741197574,,
SOH_last_observation_persistence,,exp2_cellE,2,1.0,0.8946822541703837,0.9263040501657956,4.336946011671876,4.490231741197574,,
SOH_linear_fade,,exp2_cellE,2,0.5833333333333334,0.921390350630106,0.9103115949408132,4.466412726676465,4.412708783095378,,
SOH_linear_fade,,exp2_cellE,2,0.6666666666666666,0.9165428840789561,0.8991152484884464,4.442914774607194,4.3584348217358615,,
SOH_linear_fade,,exp2_cellE,2,0.75,0.911727243647203,0.8879189020360797,4.419571098719151,4.304160860376346,,
SOH_linear_fade,,exp2_cellE,2,0.8333333333333334,0.9073976174354801,0.8767225555837129,4.39858336252182,4.249886899016829,,
SOH_linear_fade,,exp2_cellE,2,0.9166666666666666,0.9031805240556576,0.8655262091313463,4.378141125929759,4.195612937657312,,
SOH_linear_fade,,exp2_cellE,2,1.0,0.8946822541703837,0.8543298626789795,4.336946011671876,4.141338976297796,,
SOH_sqrt_fade,,exp2_cellE,2,0.5833333333333334,0.921390350630106,0.9224093525309309,4.466412726676465,4.471352308532558,,
SOH_sqrt_fade,,exp2_cellE,2,0.6666666666666666,0.9165428840789561,0.9169727894034939,4.442914774607194,4.444998728071075,,
SOH_sqrt_fade,,exp2_cellE,2,0.75,0.911727243647203,0.911866657680446,4.419571098719151,4.420246904160273,,
SOH_sqrt_fade,,exp2_cellE,2,0.8333333333333334,0.9073976174354801,0.9070371582196367,4.39858336252182,4.396836047034969,,
SOH_sqrt_fade,,exp2_cellE,2,0.9166666666666666,0.9031805240556576,0.9024436770143851,4.378141125929759,4.374569281487822,,
SOH_sqrt_fade,,exp2_cellE,2,1.0,0.8946822541703837,0.8980546610214923,4.336946011671876,4.353293655066471,,
SOH_BOL_persistence,,exp2_cellF,2,0.5833333333333334,0.9170734708438081,1.0,4.427288669079348,4.827627022081184,,
SOH_BOL_persistence,,exp2_cellF,2,0.6666666666666666,0.9078142921608467,1.0,4.382588807867206,4.827627022081184,,
SOH_BOL_persistence,,exp2_cellF,2,0.75,0.9042943898734698,1.0,4.36559603246958,4.827627022081184,,
SOH_BOL_persistence,,exp2_cellF,2,0.8333333333333334,0.8995338693582364,1.0,4.342614014991067,4.827627022081184,,
SOH_BOL_persistence,,exp2_cellF,2,0.9166666666666666,0.8930768140394663,1.0,4.3114417602511,4.827627022081184,,
SOH_BOL_persistence,,exp2_cellF,2,1.0,0.8916410271050312,1.0,4.30451031644847,4.827627022081184,,
SOH_last_observation_persistence,,exp2_cellF,2,0.5833333333333334,0.9170734708438081,0.9221308104552048,4.427288669079348,4.451703618447169,,
SOH_last_observation_persistence,,exp2_cellF,2,0.6666666666666666,0.9078142921608467,0.9221308104552048,4.382588807867206,4.451703618447169,,
SOH_last_observation_persistence,,exp2_cellF,2,0.75,0.9042943898734698,0.9221308104552048,4.36559603246958,4.451703618447169,,
SOH_last_observation_persistence,,exp2_cellF,2,0.8333333333333334,0.8995338693582364,0.9221308104552048,4.342614014991067,4.451703618447169,,
SOH_last_observation_persistence,,exp2_cellF,2,0.9166666666666666,0.8930768140394663,0.9221308104552048,4.3114417602511,4.451703618447169,,
SOH_last_observation_persistence,,exp2_cellF,2,1.0,0.8916410271050312,0.9221308104552048,4.30451031644847,4.451703618447169,,
SOH_linear_fade,,exp2_cellF,2,0.5833333333333334,0.9170734708438081,0.9041613576409466,4.427288669079348,4.364953802469043,,
SOH_linear_fade,,exp2_cellF,2,0.6666666666666666,0.9078142921608467,0.8920288982391387,4.382588807867206,4.3063828136165725,,
SOH_linear_fade,,exp2_cellF,2,0.75,0.9042943898734698,0.8798964388373306,4.36559603246958,4.247811824764101,,
SOH_linear_fade,,exp2_cellF,2,0.8333333333333334,0.8995338693582364,0.8677639794355226,4.342614014991067,4.1892408359116295,,
SOH_linear_fade,,exp2_cellF,2,0.9166666666666666,0.8930768140394663,0.8556315200337147,4.3114417602511,4.130669847059159,,
SOH_linear_fade,,exp2_cellF,2,1.0,0.8916410271050312,0.8434990606319067,4.30451031644847,4.0720988582066875,,
SOH_sqrt_fade,,exp2_cellF,2,0.5833333333333334,0.9170734708438081,0.9175014060415598,4.427288669079348,4.4293545806037145,,
SOH_sqrt_fade,,exp2_cellF,2,0.6666666666666666,0.9078142921608467,0.9116486868054258,4.382588807867206,4.4010998350667,,
SOH_sqrt_fade,,exp2_cellF,2,0.75,0.9042943898734698,0.9061516927197881,4.36559603246958,4.3745623978786545,,
SOH_sqrt_fade,,exp2_cellF,2,0.8333333333333334,0.8995338693582364,0.9009525064448183,4.342614014991067,4.349462665724777,,
SOH_sqrt_fade,,exp2_cellF,2,0.9166666666666666,0.8930768140394663,0.896007405067237,4.3114417602511,4.325589560687434,,
SOH_sqrt_fade,,exp2_cellF,2,1.0,0.8916410271050312,0.8912824202326705,4.30451031644847,4.302779096221157,,
SOH_BOL_persistence,,exp3_cellA,3,0.6,0.873949597840415,1.0,4.2743657571259615,4.89086071746951,,
SOH_BOL_persistence,,exp3_cellA,3,0.7,0.8595327928385645,1.0,4.203855171870993,4.89086071746951,,
SOH_BOL_persistence,,exp3_cellA,3,0.8,0.8376336737446474,1.0,4.096749630547367,4.89086071746951,,
SOH_BOL_persistence,,exp3_cellA,3,0.9,0.7791267852597307,1.0,3.810600587955119,4.89086071746951,,
SOH_BOL_persistence,,exp3_cellA,3,1.0,0.7575357692124128,1.0,3.705001935719038,4.89086071746951,,
SOH_last_observation_persistence,,exp3_cellA,3,0.6,0.873949597840415,0.873908457956001,4.2743657571259615,4.27416454768136,,
SOH_last_observation_persistence,,exp3_cellA,3,0.7,0.8595327928385645,0.873908457956001,4.203855171870993,4.27416454768136,,
SOH_last_observation_persistence,,exp3_cellA,3,0.8,0.8376336737446474,0.873908457956001,4.096749630547367,4.27416454768136,,
SOH_last_observation_persistence,,exp3_cellA,3,0.9,0.7791267852597307,0.873908457956001,3.810600587955119,4.27416454768136,,
SOH_last_observation_persistence,,exp3_cellA,3,1.0,0.7575357692124128,0.873908457956001,3.705001935719038,4.27416454768136,,
SOH_linear_fade,,exp3_cellA,3,0.6,0.873949597840415,0.844793086312742,4.2743657571259615,4.131765320236818,,
SOH_linear_fade,,exp3_cellA,3,0.7,0.8595327928385645,0.8192300456715935,4.203855171870993,4.006740048945949,,
SOH_linear_fade,,exp3_cellA,3,0.8,0.8376336737446474,0.7936670050304448,4.096749630547367,3.881714777655078,,
SOH_linear_fade,,exp3_cellA,3,0.9,0.7791267852597307,0.7681039643892964,3.810600587955119,3.756689506364209,,
SOH_linear_fade,,exp3_cellA,3,1.0,0.7575357692124128,0.7425409237481477,3.705001935719038,3.6316642350733384,,
SOH_sqrt_fade,,exp3_cellA,3,0.6,0.873949597840415,0.874176530761442,4.2743657571259615,4.275475654434913,,
SOH_sqrt_fade,,exp3_cellA,3,0.7,0.8595327928385645,0.8629712639857456,4.203855171870993,4.220672255332893,,
SOH_sqrt_fade,,exp3_cellA,3,0.8,0.8376336737446474,0.8525416559698009,4.096749630547367,4.169662495189105,,
SOH_sqrt_fade,,exp3_cellA,3,0.9,0.7791267852597307,0.8427459539608596,3.810600587955119,4.121753081033536,,
SOH_sqrt_fade,,exp3_cellA,3,1.0,0.7575357692124128,0.8334809486424716,3.705001935719038,4.076439230474686,,
SOH_BOL_persistence,,exp3_cellB,3,0.6,0.8436353663923807,1.0,4.116083995859684,4.878984641743036,,
SOH_BOL_persistence,,exp3_cellB,3,0.7,0.8218953819738878,1.0,4.010014945770124,4.878984641743036,,
SOH_BOL_persistence,,exp3_cellB,3,0.8,0.7394175881654729,1.0,3.607607056494019,4.878984641743036,,
SOH_BOL_persistence,,exp3_cellB,3,0.9,0.7123684053550189,1.0,3.4756345089901144,4.878984641743036,,
SOH_BOL_persistence,,exp3_cellB,3,1.0,0.7738294336290892,1.0,3.775501922005038,4.878984641743036,,
SOH_last_observation_persistence,,exp3_cellB,3,0.6,0.8436353663923807,0.8755134628511037,4.116083995859684,4.271616738889796,,
SOH_last_observation_persistence,,exp3_cellB,3,0.7,0.8218953819738878,0.8755134628511037,4.010014945770124,4.271616738889796,,
SOH_last_observation_persistence,,exp3_cellB,3,0.8,0.7394175881654729,0.8755134628511037,3.607607056494019,4.271616738889796,,
SOH_last_observation_persistence,,exp3_cellB,3,0.9,0.7123684053550189,0.8755134628511037,3.4756345089901144,4.271616738889796,,
SOH_last_observation_persistence,,exp3_cellB,3,1.0,0.7738294336290892,0.8755134628511037,3.775501922005038,4.271616738889796,,
SOH_linear_fade,,exp3_cellB,3,0.6,0.8436353663923807,0.8414507588758294,4.116083995859684,4.105425329338194,,
SOH_linear_fade,,exp3_cellB,3,0.7,0.8218953819738878,0.8158526205202364,4.010014945770124,3.9805324054440425,,
SOH_linear_fade,,exp3_cellB,3,0.8,0.7394175881654729,0.7902544821646434,3.607607056494019,3.855639481549891,,
SOH_linear_fade,,exp3_cellB,3,0.9,0.7123684053550189,0.7646563438090505,3.4756345089901144,3.7307465576557393,,
SOH_linear_fade,,exp3_cellB,3,1.0,0.7738294336290892,0.7390582054534576,3.775501922005038,3.6058536337615883,,
SOH_sqrt_fade,,exp3_cellB,3,0.6,0.8436353663923807,0.8700067682567392,4.116083995859684,4.244749660537122,,
SOH_sqrt_fade,,exp3_cellB,3,0.7,0.8218953819738878,0.8586242905533855,4.010014945770124,4.189214726637478,,
SOH_sqrt_fade,,exp3_cellB,3,0.8,0.7394175881654729,0.8480297386277056,3.607607056494019,4.137524070505936,,
SOH_sqrt_fade,,exp3_cellB,3,0.9,0.7123684053550189,0.838079117911802,3.4756345089901144,4.0889751448572325,,
SOH_sqrt_fade,,exp3_cellB,3,1.0,0.7738294336290892,0.8286675868372594,3.775501922005038,4.043056429289252,,
SOH_BOL_persistence,,exp3_cellC,3,0.6,0.8971296129961095,1.0,4.324958549151195,4.820884838153203,,
SOH_BOL_persistence,,exp3_cellC,3,0.7,0.88686539707305,1.0,4.275475946232187,4.820884838153203,,
SOH_BOL_persistence,,exp3_cellC,3,0.8,0.8684117953983999,1.0,4.186513257709548,4.820884838153203,,
SOH_BOL_persistence,,exp3_cellC,3,0.9,0.8524862852889896,1.0,4.109738207483236,4.820884838153203,,
SOH_BOL_persistence,,exp3_cellC,3,1.0,0.8263742910997344,1.0,3.983855290602311,4.820884838153203,,
SOH_last_observation_persistence,,exp3_cellC,3,0.6,0.8971296129961095,0.8987984576198307,4.324958549151195,4.333003856894926,,
SOH_last_observation_persistence,,exp3_cellC,3,0.7,0.88686539707305,0.8987984576198307,4.275475946232187,4.333003856894926,,
SOH_last_observation_persistence,,exp3_cellC,3,0.8,0.8684117953983999,0.8987984576198307,4.186513257709548,4.333003856894926,,
SOH_last_observation_persistence,,exp3_cellC,3,0.9,0.8524862852889896,0.8987984576198307,4.109738207483236,4.333003856894926,,
SOH_last_observation_persistence,,exp3_cellC,3,1.0,0.8263742910997344,0.8987984576198307,3.983855290602311,4.333003856894926,,
SOH_linear_fade,,exp3_cellC,3,0.6,0.8971296129961095,0.8718811800388079,4.324958549151195,4.203238761520212,,
SOH_linear_fade,,exp3_cellC,3,0.7,0.88686539707305,0.8508489442588001,4.275475946232187,4.101844774935909,,
SOH_linear_fade,,exp3_cellC,3,0.8,0.8684117953983999,0.8298167084787924,4.186513257709548,4.000450788351607,,
SOH_linear_fade,,exp3_cellC,3,0.9,0.8524862852889896,0.8087844726987846,4.109738207483236,3.899056801767304,,
SOH_linear_fade,,exp3_cellC,3,1.0,0.8263742910997344,0.7877522369187768,3.983855290602311,3.7976628151830014,,
SOH_sqrt_fade,,exp3_cellC,3,0.6,0.8971296129961095,0.8958273968595367,4.324958549151195,4.318680715122393,,
SOH_sqrt_fade,,exp3_cellC,3,0.7,0.88686539707305,0.8865653973406713,4.275475946232187,4.274029682070912,,
SOH_sqrt_fade,,exp3_cellC,3,0.8,0.8684117953983999,0.8779445383857418,4.186513257709548,4.2324695138432356,,
SOH_sqrt_fade,,exp3_cellC,3,0.9,0.8524862852889896,0.8698476506355504,4.109738207483236,4.193435350452109,,
SOH_sqrt_fade,,exp3_cellC,3,1.0,0.8263742910997344,0.8621894237928553,3.983855290602311,4.156515920779023,,
SOH_BOL_persistence,,exp3_cellD,3,0.5454545454545454,0.8848983577362085,1.0,4.309725245858735,4.870305395168877,,
SOH_BOL_persistence,,exp3_cellD,3,0.6363636363636364,0.887787311867856,1.0,4.323795334752494,4.870305395168877,,
SOH_BOL_persistence,,exp3_cellD,3,0.7272727272727273,0.857549518588028,1.0,4.176528047003746,4.870305395168877,,
SOH_BOL_persistence,,exp3_cellD,3,0.8181818181818182,0.8543504418842668,1.0,4.160947566473859,4.870305395168877,,
SOH_BOL_persistence,,exp3_cellD,3,0.9090909090909092,0.8353594218833993,1.0,4.068455499303874,4.870305395168877,,
SOH_BOL_persistence,,exp3_cellD,3,1.0,0.855786983777141,1.0,4.167943964205111,4.870305395168877,,
SOH_last_observation_persistence,,exp3_cellD,3,0.5454545454545454,0.8848983577362085,0.9130651655320822,4.309725245858735,4.446906201831664,,
SOH_last_observation_persistence,,exp3_cellD,3,0.6363636363636364,0.887787311867856,0.9130651655320822,4.323795334752494,4.446906201831664,,
SOH_last_observation_persistence,,exp3_cellD,3,0.7272727272727273,0.857549518588028,0.9130651655320822,4.176528047003746,4.446906201831664,,
SOH_last_observation_persistence,,exp3_cellD,3,0.8181818181818182,0.8543504418842668,0.9130651655320822,4.160947566473859,4.446906201831664,,
SOH_last_observation_persistence,,exp3_cellD,3,0.9090909090909092,0.8353594218833993,0.9130651655320822,4.068455499303874,4.446906201831664,,
SOH_last_observation_persistence,,exp3_cellD,3,1.0,0.855786983777141,0.9130651655320822,4.167943964205111,4.446906201831664,,
SOH_linear_fade,,exp3_cellD,3,0.5454545454545454,0.8848983577362085,0.8936880304684264,4.309725245858735,4.352533636388225,,
SOH_linear_fade,,exp3_cellD,3,0.6363636363636364,0.887787311867856,0.8758234640342332,4.323795334752494,4.265527742101421,,
SOH_linear_fade,,exp3_cellD,3,0.7272727272727273,0.857549518588028,0.85795889760004,4.176528047003746,4.178521847814617,,
SOH_linear_fade,,exp3_cellD,3,0.8181818181818182,0.8543504418842668,0.8400943311658466,4.160947566473859,4.0915159535278125,,
SOH_linear_fade,,exp3_cellD,3,0.9090909090909092,0.8353594218833993,0.8222297647316534,4.068455499303874,4.004510059241008,,
SOH_linear_fade,,exp3_cellD,3,1.0,0.855786983777141,0.8043651982974602,4.167943964205111,3.917504164954204,,
SOH_sqrt_fade,,exp3_cellD,3,0.5454545454545454,0.8848983577362085,0.914894534681354,4.309725245858735,4.455815788269118,,
SOH_sqrt_fade,,exp3_cellD,3,0.6363636363636364,0.887787311867856,0.9071891366190771,4.323795334752494,4.418288146514487,,
SOH_sqrt_fade,,exp3_cellD,3,0.7272727272727273,0.857549518588028,0.9000171269735169,4.176528047003746,4.383358269243511,,
SOH_sqrt_fade,,exp3_cellD,3,0.8181818181818182,0.8543504418842668,0.8932810282451894,4.160947566473859,4.350551411264548,,
SOH_sqrt_fade,,exp3_cellD,3,0.9090909090909092,0.8353594218833993,0.8869098676600496,4.068455499303874,4.319521913493254,,
SOH_sqrt_fade,,exp3_cellD,3,1.0,0.855786983777141,0.8808500665065412,4.167943964205111,4.290008831241672,,
SOH_BOL_persistence,,exp3_cellE,3,0.5454545454545454,0.8764127304458983,1.0,4.279353494087043,4.882806177301656,,
SOH_BOL_persistence,,exp3_cellE,3,0.6363636363636364,0.8880560096373777,1.0,4.336205369647247,4.882806177301656,,
SOH_BOL_persistence,,exp3_cellE,3,0.7272727272727273,0.8458131769523313,1.0,4.1299418052659815,4.882806177301656,,
SOH_BOL_persistence,,exp3_cellE,3,0.8181818181818182,0.8390560662996611,1.0,4.096948143630413,4.882806177301656,,
SOH_BOL_persistence,,exp3_cellE,3,0.9090909090909092,0.8260574309036003,1.0,4.033478326422035,4.882806177301656,,
SOH_BOL_persistence,,exp3_cellE,3,1.0,0.8534566359036194,1.0,4.167263333849283,4.882806177301656,,
SOH_last_observation_persistence,,exp3_cellE,3,0.5454545454545454,0.8764127304458983,0.9086903476942779,4.279353494087043,4.43695884297601,,
SOH_last_observation_persistence,,exp3_cellE,3,0.6363636363636364,0.8880560096373777,0.9086903476942779,4.336205369647247,4.43695884297601,,
SOH_last_observation_persistence,,exp3_cellE,3,0.7272727272727273,0.8458131769523313,0.9086903476942779,4.1299418052659815,4.43695884297601,,
SOH_last_observation_persistence,,exp3_cellE,3,0.8181818181818182,0.8390560662996611,0.9086903476942779,4.096948143630413,4.43695884297601,,
SOH_last_observation_persistence,,exp3_cellE,3,0.9090909090909092,0.8260574309036003,0.9086903476942779,4.033478326422035,4.43695884297601,,
SOH_last_observation_persistence,,exp3_cellE,3,1.0,0.8534566359036194,0.9086903476942779,4.167263333849283,4.43695884297601,,
SOH_linear_fade,,exp3_cellE,3,0.5454545454545454,0.8764127304458983,0.8898782246278427,4.279353494087043,4.345102892259061,,
SOH_linear_fade,,exp3_cellE,3,0.6363636363636364,0.8880560096373777,0.8711760061405777,4.336205369647247,4.253783584300198,,
SOH_linear_fade,,exp3_cellE,3,0.7272727272727273,0.8458131769523313,0.8524737876533126,4.1299418052659815,4.162464276341335,,
SOH_linear_fade,,exp3_cellE,3,0.8181818181818182,0.8390560662996611,0.8337715691660476,4.096948143630413,4.071144968382471,,
SOH_linear_fade,,exp3_cellE,3,0.9090909090909092,0.8260574309036003,0.8150693506787825,4.033478326422035,3.9798256604236086,,
SOH_linear_fade,,exp3_cellE,3,1.0,0.8534566359036194,0.7963671321915176,4.167263333849283,3.888506352464746,,
SOH_sqrt_fade,,exp3_cellE,3,0.5454545454545454,0.8764127304458983,0.9123607642672203,4.279353494087043,4.454880775691643,,
SOH_sqrt_fade,,exp3_cellE,3,0.6363636363636364,0.8880560096373777,0.9043465968691831,4.336205369647247,4.415749149614577,,
SOH_sqrt_fade,,exp3_cellE,3,0.7272727272727273,0.8458131769523313,0.8968871917332889,4.1299418052659815,4.379326320138038,,
SOH_sqrt_fade,,exp3_cellE,3,0.8181818181818182,0.8390560662996611,0.8898811652590939,4.096948143630413,4.345117250791499,,
SOH_sqrt_fade,,exp3_cellE,3,0.9090909090909092,0.8260574309036003,0.88325470066422,4.033478326422035,4.312761508533978,,
SOH_sqrt_fade,,exp3_cellE,3,1.0,0.8534566359036194,0.8769520722405452,4.167263333849283,4.281986995533622,,
SOH_BOL_persistence,,exp3_cellF,3,0.5454545454545454,0.8960881611931472,1.0,4.394232365009932,4.9037946881911525,,
SOH_BOL_persistence,,exp3_cellF,3,0.6363636363636364,0.8986372589960113,1.0,4.406732617275297,4.9037946881911525,,
SOH_BOL_persistence,,exp3_cellF,3,0.7272727272727273,0.8858910640415816,1.0,4.344227894163116,4.9037946881911525,,
SOH_BOL_persistence,,exp3_cellF,3,0.8181818181818182,0.8819147159986288,1.0,4.3247286997516845,4.9037946881911525,,
SOH_BOL_persistence,,exp3_cellF,3,0.9090909090909092,0.8722484867937208,1.0,4.277327496321819,4.9037946881911525,,
SOH_BOL_persistence,,exp3_cellF,3,1.0,0.8792906733199577,1.0,4.31186093320243,4.9037946881911525,,
SOH_last_observation_persistence,,exp3_cellF,3,0.5454545454545454,0.8960881611931472,0.9175418189883718,4.394232365009932,4.4994366981484255,,
SOH_last_observation_persistence,,exp3_cellF,3,0.6363636363636364,0.8986372589960113,0.9175418189883718,4.406732617275297,4.4994366981484255,,
SOH_last_observation_persistence,,exp3_cellF,3,0.7272727272727273,0.8858910640415816,0.9175418189883718,4.344227894163116,4.4994366981484255,,
SOH_last_observation_persistence,,exp3_cellF,3,0.8181818181818182,0.8819147159986288,0.9175418189883718,4.3247286997516845,4.4994366981484255,,
SOH_last_observation_persistence,,exp3_cellF,3,0.9090909090909092,0.8722484867937208,0.9175418189883718,4.277327496321819,4.4994366981484255,,
SOH_last_observation_persistence,,exp3_cellF,3,1.0,0.8792906733199577,0.9175418189883718,4.31186093320243,4.4994366981484255,,
SOH_linear_fade,,exp3_cellF,3,0.5454545454545454,0.8960881611931472,0.8983291009641442,4.394232365009932,4.405221473555504,,
SOH_linear_fade,,exp3_cellF,3,0.6363636363636364,0.8986372589960113,0.8814481176096274,4.406732617275297,4.322440597050181,,
SOH_linear_fade,,exp3_cellF,3,0.7272727272727273,0.8858910640415816,0.8645671342551104,4.344227894163116,4.239659720544857,,
SOH_linear_fade,,exp3_cellF,3,0.8181818181818182,0.8819147159986288,0.8476861509005935,4.3247286997516845,4.156878844039534,,
SOH_linear_fade,,exp3_cellF,3,0.9090909090909092,0.8722484867937208,0.8308051675460767,4.277327496321819,4.074097967534211,,
SOH_linear_fade,,exp3_cellF,3,1.0,0.8792906733199577,0.8139241841915599,4.31186093320243,3.9913170910288884,,
SOH_sqrt_fade,,exp3_cellF,3,0.5454545454545454,0.8960881611931472,0.9180375650541168,4.394232365009932,4.5018677350723175,,
SOH_sqrt_fade,,exp3_cellF,3,0.6363636363636364,0.8986372589960113,0.9106947841448186,4.406732617275297,4.46586024505275,,
SOH_sqrt_fade,,exp3_cellF,3,0.7272727272727273,0.8858910640415816,0.9038602903158055,4.344227894163116,4.43234529051756,,
SOH_sqrt_fade,,exp3_cellF,3,0.8181818181818182,0.8819147159986288,0.8974411933728896,4.3247286997516845,4.400867357025905,,
SOH_sqrt_fade,,exp3_cellF,3,0.9090909090909092,0.8722484867937208,0.8913698605310905,4.277327496321819,4.37109478728605,,
SOH_sqrt_fade,,exp3_cellF,3,1.0,0.8792906733199577,0.8855952345008065,4.31186093320243,4.342777206832452,,
SOH_BOL_persistence,,exp3_cellG,3,0.5454545454545454,0.9130515923888205,1.0,4.446549073970472,4.869986659063753,,
SOH_BOL_persistence,,exp3_cellG,3,0.6363636363636364,0.9036316373179148,1.0,4.400674018446181,4.869986659063753,,
SOH_BOL_persistence,,exp3_cellG,3,0.7272727272727273,0.8821256532598138,1.0,4.295940162993191,4.869986659063753,,
SOH_BOL_persistence,,exp3_cellG,3,0.8181818181818182,0.8846423550385656,1.0,4.308196467080554,4.869986659063753,,
SOH_BOL_persistence,,exp3_cellG,3,0.9090909090909092,0.8614075712479565,1.0,4.195043379994058,4.869986659063753,,
SOH_BOL_persistence,,exp3_cellG,3,1.0,0.8355233939574123,1.0,4.068987781908266,4.869986659063753,,
SOH_last_observation_persistence,,exp3_cellG,3,0.5454545454545454,0.9130515923888205,0.9279304194647077,4.446549073970472,4.519008763332558,,
SOH_last_observation_persistence,,exp3_cellG,3,0.6363636363636364,0.9036316373179148,0.9279304194647077,4.400674018446181,4.519008763332558,,
SOH_last_observation_persistence,,exp3_cellG,3,0.7272727272727273,0.8821256532598138,0.9279304194647077,4.295940162993191,4.519008763332558,,
SOH_last_observation_persistence,,exp3_cellG,3,0.8181818181818182,0.8846423550385656,0.9279304194647077,4.308196467080554,4.519008763332558,,
SOH_last_observation_persistence,,exp3_cellG,3,0.9090909090909092,0.8614075712479565,0.9279304194647077,4.195043379994058,4.519008763332558,,
SOH_last_observation_persistence,,exp3_cellG,3,1.0,0.8355233939574123,0.9279304194647077,4.068987781908266,4.519008763332558,,
SOH_linear_fade,,exp3_cellG,3,0.5454545454545454,0.9130515923888205,0.9116989041610573,4.446549073970472,4.439961500347392,,
SOH_linear_fade,,exp3_cellG,3,0.6363636363636364,0.9036316373179148,0.8978064670544342,4.400674018446181,4.3723055169762555,,
SOH_linear_fade,,exp3_cellG,3,0.7272727272727273,0.8821256532598138,0.8839140299478112,4.295940162993191,4.304649533605119,,
SOH_linear_fade,,exp3_cellG,3,0.8181818181818182,0.8846423550385656,0.8700215928411882,4.308196467080554,4.236993550233983,,
SOH_linear_fade,,exp3_cellG,3,0.9090909090909092,0.8614075712479565,0.8561291557345652,4.195043379994058,4.169337566862846,,
SOH_linear_fade,,exp3_cellG,3,1.0,0.8355233939574123,0.8422367186279421,4.068987781908266,4.10168158349171,,
SOH_sqrt_fade,,exp3_cellG,3,0.5454545454545454,0.9130515923888205,0.9268705977733883,4.446549073970472,4.5138474458348465,,
SOH_sqrt_fade,,exp3_cellG,3,0.6363636363636364,0.9036316373179148,0.9206323845899984,4.400674018446181,4.483467430855343,,
SOH_sqrt_fade,,exp3_cellG,3,0.7272727272727273,0.8821256532598138,0.9148259973325551,4.295940162993191,4.455190402374235,,
SOH_sqrt_fade,,exp3_cellG,3,0.8181818181818182,0.8846423550385656,0.9093725191926793,4.308196467080554,4.428632036587545,,
SOH_sqrt_fade,,exp3_cellG,3,0.9090909090909092,0.8614075712479565,0.9042144913225436,4.195043379994058,4.403512509672905,,
SOH_sqrt_fade,,exp3_cellG,3,1.0,0.8355233939574123,0.8993085369332947,4.068987781908266,4.379620577247287,,
SOH_BOL_persistence,,exp3_cellH,3,0.5833333333333334,0.9101151599695884,1.0,4.405421300679533,4.840509744752237,,
SOH_BOL_persistence,,exp3_cellH,3,0.6666666666666666,0.8958425179469541,1.0,4.336334437885612,4.840509744752237,,
SOH_BOL_persistence,,exp3_cellH,3,0.75,0.8921058581696183,1.0,4.318247099820594,4.840509744752237,,
SOH_BOL_persistence,,exp3_cellH,3,0.8333333333333334,0.8780266203909394,1.0,4.250096412154215,4.840509744752237,,
SOH_BOL_persistence,,exp3_cellH,3,0.9166666666666666,0.856822653409808,1.0,4.147458403354644,4.840509744752237,,
SOH_BOL_persistence,,exp3_cellH,3,1.0,0.8550103327900257,1.0,4.1386858477339725,4.840509744752237,,
SOH_last_observation_persistence,,exp3_cellH,3,0.5833333333333334,0.9101151599695884,0.9189771998358758,4.405421300679533,4.44831809101068,,
SOH_last_observation_persistence,,exp3_cellH,3,0.6666666666666666,0.8958425179469541,0.9189771998358758,4.336334437885612,4.44831809101068,,
SOH_last_observation_persistence,,exp3_cellH,3,0.75,0.8921058581696183,0.9189771998358758,4.318247099820594,4.44831809101068,,
SOH_last_observation_persistence,,exp3_cellH,3,0.8333333333333334,0.8780266203909394,0.9189771998358758,4.250096412154215,4.44831809101068,,
SOH_last_observation_persistence,,exp3_cellH,3,0.9166666666666666,0.856822653409808,0.9189771998358758,4.147458403354644,4.44831809101068,,
SOH_last_observation_persistence,,exp3_cellH,3,1.0,0.8550103327900257,0.9189771998358758,4.1386858477339725,4.44831809101068,,
SOH_linear_fade,,exp3_cellH,3,0.5833333333333334,0.9101151599695884,0.9042054611102547,4.405421300679533,4.3768153457623775,,
SOH_linear_fade,,exp3_cellH,3,0.6666666666666666,0.8958425179469541,0.891335272935155,4.336334437885612,4.314517074484012,,
SOH_linear_fade,,exp3_cellH,3,0.75,0.8921058581696183,0.8784650847600552,4.318247099820594,4.252218803205647,,
SOH_linear_fade,,exp3_cellH,3,0.8333333333333334,0.8780266203909394,0.8655948965849556,4.250096412154215,4.1899205319272825,,
SOH_linear_fade,,exp3_cellH,3,0.9166666666666666,0.856822653409808,0.8527247084098559,4.147458403354644,4.127622260648917,,
SOH_linear_fade,,exp3_cellH,3,1.0,0.8550103327900257,0.8398545202347563,4.1386858477339725,4.065323989370552,,
SOH_sqrt_fade,,exp3_cellH,3,0.5833333333333334,0.9101151599695884,0.9197728063617125,4.405421300679533,4.452169232151982,,
SOH_sqrt_fade,,exp3_cellH,3,0.6666666666666666,0.8958425179469541,0.913799735895806,4.336334437885612,4.42325652635567,,
SOH_sqrt_fade,,exp3_cellH,3,0.75,0.8921058581696183,0.9081897054638877,4.318247099820594,4.396101119381612,,
SOH_sqrt_fade,,exp3_cellH,3,0.8333333333333334,0.8780266203909394,0.9028836067544128,4.250096412154215,4.370416896871782,,
SOH_sqrt_fade,,exp3_cellH,3,0.9166666666666666,0.856822653409808,0.8978368177666576,4.147458403354644,4.345987865596844,,
SOH_sqrt_fade,,exp3_cellH,3,1.0,0.8550103327900257,0.8930146716447382,4.1386858477339725,4.322646220303074,,
SOH_BOL_persistence,,exp3_cellI,3,0.5833333333333334,0.9065722790690582,1.0,4.392877937974479,4.8455904061896105,,
SOH_BOL_persistence,,exp3_cellI,3,0.6666666666666666,0.8895981239088468,1.0,4.310628134576985,4.8455904061896105,,
SOH_BOL_persistence,,exp3_cellI,3,0.75,0.8910378061334746,1.0,4.317604244952602,4.8455904061896105,,
SOH_BOL_persistence,,exp3_cellI,3,0.8333333333333334,0.876207266900275,1.0,4.245741526325592,4.8455904061896105,,
SOH_BOL_persistence,,exp3_cellI,3,0.9166666666666666,0.848484709734731,1.0,4.111409369289189,4.8455904061896105,,
SOH_BOL_persistence,,exp3_cellI,3,1.0,0.8512971333711653,1.0,4.125037222280036,4.8455904061896105,,
SOH_last_observation_persistence,,exp3_cellI,3,0.5833333333333334,0.9065722790690582,0.9127888723962264,4.392877937974479,4.423001002959787,,
SOH_last_observation_persistence,,exp3_cellI,3,0.6666666666666666,0.8895981239088468,0.9127888723962264,4.310628134576985,4.423001002959787,,
SOH_last_observation_persistence,,exp3_cellI,3,0.75,0.8910378061334746,0.9127888723962264,4.317604244952602,4.423001002959787,,
SOH_last_observation_persistence,,exp3_cellI,3,0.8333333333333334,0.876207266900275,0.9127888723962264,4.245741526325592,4.423001002959787,,
SOH_last_observation_persistence,,exp3_cellI,3,0.9166666666666666,0.848484709734731,0.9127888723962264,4.111409369289189,4.423001002959787,,
SOH_last_observation_persistence,,exp3_cellI,3,1.0,0.8512971333711653,0.9127888723962264,4.125037222280036,4.423001002959787,,
SOH_linear_fade,,exp3_cellI,3,0.5833333333333334,0.9065722790690582,0.8980264617871007,4.392877937974479,4.351468407739976,,
SOH_linear_fade,,exp3_cellI,3,0.6666666666666666,0.8895981239088468,0.8840724891297187,4.310628134576985,4.283853171703133,,
SOH_linear_fade,,exp3_cellI,3,0.75,0.8910378061334746,0.8701185164723366,4.317604244952602,4.216237935666291,,
SOH_linear_fade,,exp3_cellI,3,0.8333333333333334,0.876207266900275,0.8561645438149547,4.245741526325592,4.148622699629449,,
SOH_linear_fade,,exp3_cellI,3,0.9166666666666666,0.848484709734731,0.8422105711575727,4.111409369289189,4.081007463592607,,
SOH_linear_fade,,exp3_cellI,3,1.0,0.8512971333711653,0.8282565985001906,4.125037222280036,4.013392227555764,,
SOH_sqrt_fade,,exp3_cellI,3,0.5833333333333334,0.9065722790690582,0.9153584425356881,4.392877937974479,4.4354520873755945,,
SOH_sqrt_fade,,exp3_cellI,3,0.6666666666666666,0.8895981239088468,0.9089578495023127,4.310628134576985,4.404437435179147,,
SOH_sqrt_fade,,exp3_cellI,3,0.75,0.8910378061334746,0.9029462810963289,4.317604244952602,4.375307836984959,,
SOH_sqrt_fade,,exp3_cellI,3,0.8333333333333334,0.876207266900275,0.8972603983283092,4.245741526325592,4.347756377993523,,
SOH_sqrt_fade,,exp3_cellI,3,0.9166666666666666,0.848484709734731,0.8918523853774627,4.111409369289189,4.321551362322352,,
SOH_sqrt_fade,,exp3_cellI,3,1.0,0.8512971333711653,0.8866850941074125,4.125037222280036,4.2965127853182095,,
SOH_BOL_persistence,,exp4_cellA,4,0.5555555555555556,0.911691872614689,1.0,4.472674533016423,4.905905895803375,,
SOH_BOL_persistence,,exp4_cellA,4,0.6666666666666666,0.9027280630329916,1.0,4.428698926740714,4.905905895803375,,
SOH_BOL_persistence,,exp4_cellA,4,0.7777777777777778,0.8975989791621065,1.0,4.403536123938469,4.905905895803375,,
SOH_BOL_persistence,,exp4_cellA,4,0.8888888888888888,0.888880028710196,1.0,4.360761773511224,4.905905895803375,,
SOH_BOL_persistence,,exp4_cellA,4,1.0,0.8816852587888638,1.0,4.325464909335212,4.905905895803375,,
SOH_last_observation_persistence,,exp4_cellA,4,0.5555555555555556,0.911691872614689,0.9209561880432668,4.472674533016423,4.5181243926980645,,
SOH_last_observation_persistence,,exp4_cellA,4,0.6666666666666666,0.9027280630329916,0.9209561880432668,4.428698926740714,4.5181243926980645,,
SOH_last_observation_persistence,,exp4_cellA,4,0.7777777777777778,0.8975989791621065,0.9209561880432668,4.403536123938469,4.5181243926980645,,
SOH_last_observation_persistence,,exp4_cellA,4,0.8888888888888888,0.888880028710196,0.9209561880432668,4.360761773511224,4.5181243926980645,,
SOH_last_observation_persistence,,exp4_cellA,4,1.0,0.8816852587888638,0.9209561880432668,4.325464909335212,4.5181243926980645,,
SOH_linear_fade,,exp4_cellA,4,0.5555555555555556,0.911691872614689,0.8949223780868055,4.472674533016423,4.390404970942437,,
SOH_linear_fade,,exp4_cellA,4,0.6666666666666666,0.9027280630329916,0.8763224773386973,4.428698926740714,4.299155608200935,,
SOH_linear_fade,,exp4_cellA,4,0.7777777777777778,0.8975989791621065,0.8577225765905889,4.403536123938469,4.207906245459433,,
SOH_linear_fade,,exp4_cellA,4,0.8888888888888888,0.888880028710196,0.8391226758424807,4.360761773511224,4.116656882717931,,
SOH_linear_fade,,exp4_cellA,4,1.0,0.8816852587888638,0.8205227750943723,4.325464909335212,4.025407519976428,,
SOH_sqrt_fade,,exp4_cellA,4,0.5555555555555556,0.911691872614689,0.9108657128198309,4.472674533016423,4.468621470807952,,
SOH_sqrt_fade,,exp4_cellA,4,0.6666666666666666,0.9027280630329916,0.9024170748500799,4.428698926740714,4.427173247980643,,
SOH_sqrt_fade,,exp4_cellA,4,0.7777777777777778,0.8975989791621065,0.8946477504066078,4.403536123938469,4.389057673387004,,
SOH_sqrt_fade,,exp4_cellA,4,0.8888888888888888,0.888880028710196,0.8874162395362138,4.360761773511224,4.353580561572372,,
SOH_sqrt_fade,,exp4_cellA,4,1.0,0.8816852587888638,0.8806242560357311,4.325464909335212,4.320259729673154,,
SOH_BOL_persistence,,exp4_cellB,4,0.5555555555555556,0.8965273433264614,1.0,4.353698434041002,4.8561803122335405,,
SOH_BOL_persistence,,exp4_cellB,4,0.6666666666666666,0.8473381548652769,1.0,4.114826865461052,4.8561803122335405,,
SOH_BOL_persistence,,exp4_cellB,4,0.7777777777777778,0.7966265675802644,1.0,3.8685622536854622,4.8561803122335405,,
SOH_BOL_persistence,,exp4_cellB,4,0.8888888888888888,0.733695243755318,1.0,3.562956397903964,4.8561803122335405,,
SOH_BOL_persistence,,exp4_cellB,4,1.0,0.6260958680860047,1.0,3.0404344281700237,4.8561803122335405,,
SOH_last_observation_persistence,,exp4_cellB,4,0.5555555555555556,0.8965273433264614,0.9178505740365632,4.353698434041002,4.457247887208612,,
SOH_last_observation_persistence,,exp4_cellB,4,0.6666666666666666,0.8473381548652769,0.9178505740365632,4.114826865461052,4.457247887208612,,
SOH_last_observation_persistence,,exp4_cellB,4,0.7777777777777778,0.7966265675802644,0.9178505740365632,3.8685622536854622,4.457247887208612,,
SOH_last_observation_persistence,,exp4_cellB,4,0.8888888888888888,0.733695243755318,0.9178505740365632,3.562956397903964,4.457247887208612,,
SOH_last_observation_persistence,,exp4_cellB,4,1.0,0.6260958680860047,0.9178505740365632,3.0404344281700237,4.457247887208612,,
SOH_linear_fade,,exp4_cellB,4,0.5555555555555556,0.8965273433264614,0.8925313805673346,4.353698434041002,4.334293318361712,,
SOH_linear_fade,,exp4_cellB,4,0.6666666666666666,0.8473381548652769,0.8729945830574334,4.114826865461052,4.239419106930036,,
SOH_linear_fade,,exp4_cellB,4,0.7777777777777778,0.7966265675802644,0.8534577855475322,3.8685622536854622,4.144544895498361,,
SOH_linear_fade,,exp4_cellB,4,0.8888888888888888,0.733695243755318,0.8339209880376309,3.562956397903964,4.049670684066685,,
SOH_linear_fade,,exp4_cellB,4,1.0,0.6260958680860047,0.8143841905277297,3.0404344281700237,3.9547964726350098,,
SOH_sqrt_fade,,exp4_cellB,4,0.5555555555555556,0.8965273433264614,0.91015548603066,4.353698434041002,4.41987915233344,,
SOH_sqrt_fade,,exp4_cellB,4,0.6666666666666666,0.8473381548652769,0.9014673309686129,4.114826865461052,4.377687904771495,,
SOH_sqrt_fade,,exp4_cellB,4,0.7777777777777778,0.7966265675802644,0.893477747827056,3.8685622536854622,4.3388890484165135,,
SOH_sqrt_fade,,exp4_cellB,4,0.8888888888888888,0.733695243755318,0.8860412251591643,3.562956397903964,4.302775953445219,,
SOH_sqrt_fade,,exp4_cellB,4,1.0,0.6260958680860047,0.8790566903687832,3.0404344281700237,4.2688577931060605,,
SOH_BOL_persistence,,exp4_cellC,4,0.5555555555555556,0.896165286677176,1.0,4.370752838666638,4.877172664065827,,
SOH_BOL_persistence,,exp4_cellC,4,0.6666666666666666,0.856391265128893,1.0,4.176768068031387,4.877172664065827,,
SOH_BOL_persistence,,exp4_cellC,4,0.7777777777777778,0.8005060665908709,1.0,3.9042063053958542,4.877172664065827,,
SOH_BOL_persistence,,exp4_cellC,4,0.8888888888888888,0.6967940421631312,1.0,3.398384854921955,4.877172664065827,,
SOH_BOL_persistence,,exp4_cellC,4,1.0,0.607383466208973,1.0,2.962314037999953,4.877172664065827,,
SOH_last_observation_persistence,,exp4_cellC,4,0.5555555555555556,0.896165286677176,0.9152156314987642,4.370752838666638,4.463664659671516,,
SOH_last_observation_persistence,,exp4_cellC,4,0.6666666666666666,0.856391265128893,0.9152156314987642,4.176768068031387,4.463664659671516,,
SOH_last_observation_persistence,,exp4_cellC,4,0.7777777777777778,0.8005060665908709,0.9152156314987642,3.9042063053958542,4.463664659671516,,
SOH_last_observation_persistence,,exp4_cellC,4,0.8888888888888888,0.6967940421631312,0.9152156314987642,3.398384854921955,4.463664659671516,,
SOH_last_observation_persistence,,exp4_cellC,4,1.0,0.607383466208973,0.9152156314987642,2.962314037999953,4.463664659671516,,
SOH_linear_fade,,exp4_cellC,4,0.5555555555555556,0.896165286677176,0.8882882755804207,4.370752838666638,4.332335295471,,
SOH_linear_fade,,exp4_cellC,4,0.6666666666666666,0.856391265128893,0.8681932153788764,4.176768068031387,4.234328217173271,,
SOH_linear_fade,,exp4_cellC,4,0.7777777777777778,0.8005060665908709,0.8480981551773321,3.9042063053958542,4.136321138875542,,
SOH_linear_fade,,exp4_cellC,4,0.8888888888888888,0.6967940421631312,0.8280030949757878,3.398384854921955,4.038314060577814,,
SOH_linear_fade,,exp4_cellC,4,1.0,0.607383466208973,0.8079080347742436,2.962314037999953,3.9403069822800845,,
SOH_sqrt_fade,,exp4_cellC,4,0.5555555555555556,0.896165286677176,0.9060591492026228,4.370752838666638,4.419006914517772,,
SOH_sqrt_fade,,exp4_cellC,4,0.6666666666666666,0.856391265128893,0.8970470888805783,4.176768068031387,4.375053540268184,,
SOH_sqrt_fade,,exp4_cellC,4,0.7777777777777778,0.8005060665908709,0.8887596441117536,3.9042063053958542,4.334634241186717,,
SOH_sqrt_fade,,exp4_cellC,4,0.8888888888888888,0.6967940421631312,0.8810458786010469,3.398384854921955,4.297012874900885,,
SOH_sqrt_fade,,exp4_cellC,4,1.0,0.607383466208973,0.8738009516398215,2.962314037999953,4.261678115172443,,
SOH_BOL_persistence,,exp4_cellD,4,0.5555555555555556,0.9022812448120208,1.0,4.372488325204205,4.846037031519101,,
SOH_BOL_persistence,,exp4_cellD,4,0.6666666666666666,0.8923975704406814,1.0,4.3245916731932175,4.846037031519101,,
SOH_BOL_persistence,,exp4_cellD,4,0.7777777777777778,0.8835104800098998,1.0,4.281524503863191,4.846037031519101,,
SOH_BOL_persistence,,exp4_cellD,4,0.8888888888888888,0.875958910819128,1.0,4.244929319918632,4.846037031519101,,
SOH_BOL_persistence,,exp4_cellD,4,1.0,0.8644348045140147,1.0,4.18908307400889,4.846037031519101,,
SOH_last_observation_persistence,,exp4_cellD,4,0.5555555555555556,0.9022812448120208,0.9113254623700449,4.372488325204205,4.416316938411504,,
SOH_last_observation_persistence,,exp4_cellD,4,0.6666666666666666,0.8923975704406814,0.9113254623700449,4.3245916731932175,4.416316938411504,,
SOH_last_observation_persistence,,exp4_cellD,4,0.7777777777777778,0.8835104800098998,0.9113254623700449,4.281524503863191,4.416316938411504,,
SOH_last_observation_persistence,,exp4_cellD,4,0.8888888888888888,0.875958910819128,0.9113254623700449,4.244929319918632,4.416316938411504,,
SOH_last_observation_persistence,,exp4_cellD,4,1.0,0.8644348045140147,0.9113254623700449,4.18908307400889,4.416316938411504,,
SOH_linear_fade,,exp4_cellD,4,0.5555555555555556,0.9022812448120208,0.8806017194551731,4.372488325204205,4.267428542499163,,
SOH_linear_fade,,exp4_cellD,4,0.6666666666666666,0.8923975704406814,0.8592217835391853,4.3245916731932175,4.163820581318781,,
SOH_linear_fade,,exp4_cellD,4,0.7777777777777778,0.8835104800098998,0.8378418476231974,4.281524503863191,4.060212620138398,,
SOH_linear_fade,,exp4_cellD,4,0.8888888888888888,0.875958910819128,0.8164619117072096,4.244929319918632,3.9566046589580166,,
SOH_linear_fade,,exp4_cellD,4,1.0,0.8644348045140147,0.7950819757912218,4.18908307400889,3.852996697777634,,
SOH_sqrt_fade,,exp4_cellD,4,0.5555555555555556,0.9022812448120208,0.8992227624905762,4.372488325204205,4.357666806614238,,
SOH_sqrt_fade,,exp4_cellD,4,0.6666666666666666,0.8923975704406814,0.8895738258739199,4.3245916731932175,4.3109077024551405,,
SOH_sqrt_fade,,exp4_cellD,4,0.7777777777777778,0.8835104800098998,0.8807007129085276,4.281524503863191,4.267908268439997,,
SOH_sqrt_fade,,exp4_cellD,4,0.8888888888888888,0.875958910819128,0.8724418207319522,4.244929319918632,4.227885371112989,,
SOH_sqrt_fade,,exp4_cellD,4,1.0,0.8644348045140147,0.8646848996125749,4.18908307400889,4.1902950441179145,,
SOH_BOL_persistence,,exp4_cellE,4,0.5555555555555556,0.9031626739282209,1.0,4.380760041797061,4.850466220823053,,
SOH_BOL_persistence,,exp4_cellE,4,0.6666666666666666,0.8936768436122088,1.0,4.334749342272785,4.850466220823053,,
SOH_BOL_persistence,,exp4_cellE,4,0.7777777777777778,0.8845789877852711,1.0,4.290620499902306,4.850466220823053,,
SOH_BOL_persistence,,exp4_cellE,4,0.8888888888888888,0.8769456365435554,1.0,4.253595187552686,4.850466220823053,,
SOH_BOL_persistence,,exp4_cellE,4,1.0,0.866417081765175,1.0,4.202526788246066,4.850466220823053,,
SOH_last_observation_persistence,,exp4_cellE,4,0.5555555555555556,0.9031626739282209,0.9128306833982526,4.380760041797061,4.427654395154047,,
SOH_last_observation_persistence,,exp4_cellE,4,0.6666666666666666,0.8936768436122088,0.9128306833982526,4.334749342272785,4.427654395154047,,
SOH_last_observation_persistence,,exp4_cellE,4,0.7777777777777778,0.8845789877852711,0.9128306833982526,4.290620499902306,4.427654395154047,,
SOH_last_observation_persistence,,exp4_cellE,4,0.8888888888888888,0.8769456365435554,0.9128306833982526,4.253595187552686,4.427654395154047,,
SOH_last_observation_persistence,,exp4_cellE,4,1.0,0.866417081765175,0.9128306833982526,4.202526788246066,4.427654395154047,,
SOH_linear_fade,,exp4_cellE,4,0.5555555555555556,0.9031626739282209,0.8834453319262379,4.380760041797061,4.285121740452027,,
SOH_linear_fade,,exp4_cellE,4,0.6666666666666666,0.8936768436122088,0.8630522652747992,4.334749342272785,4.18620585952023,,
SOH_linear_fade,,exp4_cellE,4,0.7777777777777778,0.8845789877852711,0.8426591986233605,4.290620499902306,4.087289978588434,,
SOH_linear_fade,,exp4_cellE,4,0.8888888888888888,0.8769456365435554,0.8222661319719218,4.253595187552686,3.9883740976566373,,
SOH_linear_fade,,exp4_cellE,4,1.0,0.866417081765175,0.8018730653204831,4.202526788246066,3.8894582167248406,,
SOH_sqrt_fade,,exp4_cellE,4,0.5555555555555556,0.9031626739282209,0.9005279062112417,4.380760041797061,4.367980189986138,,
SOH_sqrt_fade,,exp4_cellE,4,0.6666666666666666,0.8936768436122088,0.8911804305321793,4.334749342272785,4.322640574954881,,
SOH_sqrt_fade,,exp4_cellE,4,0.7777777777777778,0.8845789877852711,0.882584539509494,4.290620499902306,4.28094649591147,,
SOH_sqrt_fade,,exp4_cellE,4,0.8888888888888888,0.8769456365435554,0.8745836792257534,4.253595187552686,4.242138593367661,,
SOH_sqrt_fade,,exp4_cellE,4,1.0,0.866417081765175,0.8670691069585236,4.202526788246066,4.2056894144215295,,
SOH_BOL_persistence,,exp4_cellF,4,0.5555555555555556,0.8809606852792798,1.0,4.27549648019382,4.853220525770016,,
SOH_BOL_persistence,,exp4_cellF,4,0.6666666666666666,0.8675851222355931,1.0,4.210581923086469,4.853220525770016,,
SOH_BOL_persistence,,exp4_cellF,4,0.7777777777777778,0.8544207557354694,1.0,4.146692349379309,4.853220525770016,,
SOH_BOL_persistence,,exp4_cellF,4,0.8888888888888888,0.8417297823861739,1.0,4.085100257028508,4.853220525770016,,
SOH_BOL_persistence,,exp4_cellF,4,1.0,0.82925677614945,1.0,4.024566007142383,4.853220525770016,,
SOH_last_observation_persistence,,exp4_cellF,4,0.5555555555555556,0.8809606852792798,0.8939637206425606,4.27549648019382,4.338603078316208,,
SOH_last_observation_persistence,,exp4_cellF,4,0.6666666666666666,0.8675851222355931,0.8939637206425606,4.210581923086469,4.338603078316208,,
SOH_last_observation_persistence,,exp4_cellF,4,0.7777777777777778,0.8544207557354694,0.8939637206425606,4.146692349379309,4.338603078316208,,
SOH_last_observation_persistence,,exp4_cellF,4,0.8888888888888888,0.8417297823861739,0.8939637206425606,4.085100257028508,4.338603078316208,,
SOH_last_observation_persistence,,exp4_cellF,4,1.0,0.82925677614945,0.8939637206425606,4.024566007142383,4.338603078316208,,
SOH_linear_fade,,exp4_cellF,4,0.5555555555555556,0.8809606852792798,0.8592368770647486,4.27549648019382,4.170066048269166,,
SOH_linear_fade,,exp4_cellF,4,0.6666666666666666,0.8675851222355931,0.8343705062183889,4.210581923086469,4.049384066876204,,
SOH_linear_fade,,exp4_cellF,4,0.7777777777777778,0.8544207557354694,0.8095041353720293,4.146692349379309,3.928702085483242,,
SOH_linear_fade,,exp4_cellF,4,0.8888888888888888,0.8417297823861739,0.7846377645256696,4.085100257028508,3.8080201040902804,,
SOH_linear_fade,,exp4_cellF,4,1.0,0.82925677614945,0.7597713936793099,4.024566007142383,3.6873381226973185,,
SOH_sqrt_fade,,exp4_cellF,4,0.5555555555555556,0.8809606852792798,0.8804891559618035,4.27549648019382,4.273208044431742,,
SOH_sqrt_fade,,exp4_cellF,4,0.6666666666666666,0.8675851222355931,0.8691808478440051,4.210581923086469,4.218326331362711,,
SOH_sqrt_fade,,exp4_cellF,4,0.7777777777777778,0.8544207557354694,0.8587817852982447,4.146692349379309,4.16785738756686,,
SOH_sqrt_fade,,exp4_cellF,4,0.8888888888888888,0.8417297823861739,0.8491025738830543,4.085100257028508,4.120882040053391,,
SOH_sqrt_fade,,exp4_cellF,4,1.0,0.82925677614945,0.8400116597700986,4.024566007142383,4.076761829082382,,
SOH_BOL_persistence,,exp4_cellG,4,0.5555555555555556,0.8780279430687331,1.0,4.248364841997807,4.838530340104723,,
SOH_BOL_persistence,,exp4_cellG,4,0.6666666666666666,0.8647319796128923,1.0,4.184031919415798,4.838530340104723,,
SOH_BOL_persistence,,exp4_cellG,4,0.7777777777777778,0.8502466450778778,1.0,4.113944188781564,4.838530340104723,,
SOH_BOL_persistence,,exp4_cellG,4,0.8888888888888888,0.8388371519855474,1.0,4.058739010289107,4.838530340104723,,
SOH_BOL_persistence,,exp4_cellG,4,1.0,0.823557638651194,1.0,3.984808621438804,4.838530340104723,,
SOH_last_observation_persistence,,exp4_cellG,4,0.5555555555555556,0.8780279430687331,0.8914547511617235,4.248364841997807,4.313330860326505,,
SOH_last_observation_persistence,,exp4_cellG,4,0.6666666666666666,0.8647319796128923,0.8914547511617235,4.184031919415798,4.313330860326505,,
SOH_last_observation_persistence,,exp4_cellG,4,0.7777777777777778,0.8502466450778778,0.8914547511617235,4.113944188781564,4.313330860326505,,
SOH_last_observation_persistence,,exp4_cellG,4,0.8888888888888888,0.8388371519855474,0.8914547511617235,4.058739010289107,4.313330860326505,,
SOH_last_observation_persistence,,exp4_cellG,4,1.0,0.823557638651194,0.8914547511617235,3.984808621438804,4.313330860326505,,
SOH_linear_fade,,exp4_cellG,4,0.5555555555555556,0.8780279430687331,0.8560241654103901,4.248364841997807,4.1418988962009955,,
SOH_linear_fade,,exp4_cellG,4,0.6666666666666666,0.8647319796128923,0.830625960477658,4.184031919415798,4.019008911049775,,
SOH_linear_fade,,exp4_cellG,4,0.7777777777777778,0.8502466450778778,0.8052277555449259,4.113944188781564,3.8961189258985525,,
SOH_linear_fade,,exp4_cellG,4,0.8888888888888888,0.8388371519855474,0.7798295506121938,4.058739010289107,3.773228940747331,,
SOH_linear_fade,,exp4_cellG,4,1.0,0.823557638651194,0.7544313456794618,3.984808621438804,3.65033895559611,,
SOH_sqrt_fade,,exp4_cellG,4,0.5555555555555556,0.8780279430687331,0.8776773654162318,4.248364841997807,4.246668561389617,,
SOH_sqrt_fade,,exp4_cellG,4,0.6666666666666666,0.8647319796128923,0.8661158334274478,4.184031919415798,4.190727738083794,,
SOH_sqrt_fade,,exp4_cellG,4,0.7777777777777778,0.8502466450778778,0.8554839074997362,4.113944188781564,4.1392848419088155,,
SOH_sqrt_fade,,exp4_cellG,4,0.8888888888888888,0.8388371519855474,0.8455879521333632,4.058739010289107,4.091402961624298,,
SOH_sqrt_fade,,exp4_cellG,4,1.0,0.823557638651194,0.8362934676508617,3.984808621438804,4.046431316460081,,
SOH_BOL_persistence,,exp4_cellH,4,0.5555555555555556,0.8799346262856523,1.0,4.2794830399062285,4.86341020351776,,
SOH_BOL_persistence,,exp4_cellH,4,0.6666666666666666,0.8664328187037518,1.0,4.21381821114648,4.86341020351776,,
SOH_BOL_persistence,,exp4_cellH,4,0.7777777777777778,0.8527671069811423,1.0,4.147356249316409,4.86341020351776,,
SOH_BOL_persistence,,exp4_cellH,4,0.8888888888888888,0.8397879246540428,1.0,4.084233161553476,4.86341020351776,,
SOH_BOL_persistence,,exp4_cellH,4,1.0,0.827136982019207,1.0,4.022706438059098,4.86341020351776,,
SOH_last_observation_persistence,,exp4_cellH,4,0.5555555555555556,0.8799346262856523,0.8931133347909208,4.2794830399062285,4.3435765053199376,,
SOH_last_observation_persistence,,exp4_cellH,4,0.6666666666666666,0.8664328187037518,0.8931133347909208,4.21381821114648,4.3435765053199376,,
SOH_last_observation_persistence,,exp4_cellH,4,0.7777777777777778,0.8527671069811423,0.8931133347909208,4.147356249316409,4.3435765053199376,,
SOH_last_observation_persistence,,exp4_cellH,4,0.8888888888888888,0.8397879246540428,0.8931133347909208,4.084233161553476,4.3435765053199376,,
SOH_last_observation_persistence,,exp4_cellH,4,1.0,0.827136982019207,0.8931133347909208,4.022706438059098,4.3435765053199376,,
SOH_linear_fade,,exp4_cellH,4,0.5555555555555556,0.8799346262856523,0.8579611196527301,4.2794830399062285,4.172616863540609,,
SOH_linear_fade,,exp4_cellH,4,0.6666666666666666,0.8664328187037518,0.8329235153050603,4.21381821114648,4.050848723084512,,
SOH_linear_fade,,exp4_cellH,4,0.7777777777777778,0.8527671069811423,0.8078859109573905,4.147356249316409,3.9290805826284134,,
SOH_linear_fade,,exp4_cellH,4,0.8888888888888888,0.8397879246540428,0.7828483066097206,4.084233161553476,3.8073124421723152,,
SOH_linear_fade,,exp4_cellH,4,1.0,0.827136982019207,0.7578107022620508,4.022706438059098,3.685544301716217,,
SOH_sqrt_fade,,exp4_cellH,4,0.5555555555555556,0.8799346262856523,0.8792649306180259,4.2794830399062285,4.276226035163043,,
SOH_sqrt_fade,,exp4_cellH,4,0.6666666666666666,0.8664328187037518,0.8678586533666108,4.21381821114648,4.220752629994358,,
SOH_sqrt_fade,,exp4_cellH,4,0.7777777777777778,0.8527671069811423,0.8573694989045867,4.147356249316409,4.169739569157476,,
SOH_sqrt_fade,,exp4_cellH,4,0.8888888888888888,0.8397879246540428,0.8476064319783366,4.084233161553476,4.122257769850725,,
SOH_sqrt_fade,,exp4_cellH,4,1.0,0.827136982019207,0.8384367590475142,4.022706438059098,4.077661888956042,,
SOH_BOL_persistence,,exp5_cellA,5,0.5333333333333333,0.8044691536942838,1.0,3.924912141,4.87888457,,
SOH_BOL_persistence,,exp5_cellA,5,0.6,0.7915716013752708,1.0,3.861986472,4.87888457,,
SOH_BOL_persistence,,exp5_cellA,5,0.6666666666666666,0.7817580260973462,1.0,3.814107171,4.87888457,,
SOH_BOL_persistence,,exp5_cellA,5,0.7333333333333333,0.7690068432998406,1.0,3.751895622,4.87888457,,
SOH_BOL_persistence,,exp5_cellA,5,0.8,0.7560403342356591,1.0,3.688633521,4.87888457,,
SOH_BOL_persistence,,exp5_cellA,5,0.8666666666666667,0.7455051429921409,1.0,3.637233539,4.87888457,,
SOH_BOL_persistence,,exp5_cellA,5,0.9333333333333332,0.730968649254188,1.0,3.566311664,4.87888457,,
SOH_BOL_persistence,,exp5_cellA,5,1.0,0.7223409558959908,1.0,3.524218144,4.87888457,,
SOH_last_observation_persistence,,exp5_cellA,5,0.5333333333333333,0.8044691536942838,0.8145993552374615,3.924912141,3.974336225,,
SOH_last_observation_persistence,,exp5_cellA,5,0.6,0.7915716013752708,0.8145993552374615,3.861986472,3.974336225,,
SOH_last_observation_persistence,,exp5_cellA,5,0.6666666666666666,0.7817580260973462,0.8145993552374615,3.814107171,3.974336225,,
SOH_last_observation_persistence,,exp5_cellA,5,0.7333333333333333,0.7690068432998406,0.8145993552374615,3.751895622,3.974336225,,
SOH_last_observation_persistence,,exp5_cellA,5,0.8,0.7560403342356591,0.8145993552374615,3.688633521,3.974336225,,
SOH_last_observation_persistence,,exp5_cellA,5,0.8666666666666667,0.7455051429921409,0.8145993552374615,3.637233539,3.974336225,,
SOH_last_observation_persistence,,exp5_cellA,5,0.9333333333333332,0.730968649254188,0.8145993552374615,3.566311664,3.974336225,,
SOH_last_observation_persistence,,exp5_cellA,5,1.0,0.7223409558959908,0.8145993552374615,3.524218144,3.974336225,,
SOH_linear_fade,,exp5_cellA,5,0.5333333333333333,0.8044691536942838,0.7750670319199614,3.924912141,3.7814625827499975,,
SOH_linear_fade,,exp5_cellA,5,0.6,0.7915716013752708,0.7502707805573949,3.861986472,3.6604845345833303,,
SOH_linear_fade,,exp5_cellA,5,0.6666666666666666,0.7817580260973462,0.7254745291948286,3.814107171,3.539506486416664,,
SOH_linear_fade,,exp5_cellA,5,0.7333333333333333,0.7690068432998406,0.7006782778322621,3.751895622,3.418528438249997,,
SOH_linear_fade,,exp5_cellA,5,0.8,0.7560403342356591,0.6758820264696956,3.688633521,3.29755039008333,,
SOH_linear_fade,,exp5_cellA,5,0.8666666666666667,0.7455051429921409,0.6510857751071292,3.637233539,3.1765723419166627,,
SOH_linear_fade,,exp5_cellA,5,0.9333333333333332,0.730968649254188,0.6262895237445628,3.566311664,3.0555942937499965,,
SOH_linear_fade,,exp5_cellA,5,1.0,0.7223409558959908,0.6014932723819963,3.524218144,2.9346162455833293,,
SOH_sqrt_fade,,exp5_cellA,5,0.5333333333333333,0.8044691536942838,0.8047915867152676,3.924912141,3.9264852544909363,,
SOH_sqrt_fade,,exp5_cellA,5,0.6,0.7915716013752708,0.7925118478036308,3.861986472,3.866573825791323,,
SOH_sqrt_fade,,exp5_cellA,5,0.6666666666666666,0.7817580260973462,0.7808973819674015,3.814107171,3.809908187634152,,
SOH_sqrt_fade,,exp5_cellA,5,0.7333333333333333,0.7690068432998406,0.7698505165601907,3.751895622,3.756011806452044,,
SOH_sqrt_fade,,exp5_cellA,5,0.8,0.7560403342356591,0.7592953696515344,3.688633521,3.7045144630653177,,
SOH_sqrt_fade,,exp5_cellA,5,0.8666666666666667,0.7455051429921409,0.7491715963256147,3.637233539,3.6551217415953103,,
SOH_sqrt_fade,,exp5_cellA,5,0.9333333333333332,0.730968649254188,0.7394302691566672,3.566311664,3.6075949307794106,,
SOH_sqrt_fade,,exp5_cellA,5,1.0,0.7223409558959908,0.730031064930605,3.524218144,3.561737298310597,,
SOH_BOL_persistence,,exp5_cellB,5,0.5333333333333333,0.8143553276793362,1.0,3.959118123,4.861659264,,
SOH_BOL_persistence,,exp5_cellB,5,0.6,0.8065707255620619,1.0,3.92127204,4.861659264,,
SOH_BOL_persistence,,exp5_cellB,5,0.6666666666666666,0.8007887687293093,1.0,3.893162136,4.861659264,,
SOH_BOL_persistence,,exp5_cellB,5,0.7333333333333333,0.7934484824068493,1.0,3.857476165,4.861659264,,
SOH_BOL_persistence,,exp5_cellB,5,0.8,0.7866488837091813,1.0,3.824418833,4.861659264,,
SOH_BOL_persistence,,exp5_cellB,5,0.8666666666666667,0.7825607629831625,1.0,3.804543783,4.861659264,,
SOH_BOL_persistence,,exp5_cellB,5,0.9333333333333332,0.7757626314800493,1.0,3.771493584,4.861659264,,
SOH_BOL_persistence,,exp5_cellB,5,1.0,0.7725232717995762,1.0,3.755744921,4.861659264,,
SOH_last_observation_persistence,,exp5_cellB,5,0.5333333333333333,0.8143553276793362,0.8226337075110989,3.959118123,3.9993647850000005,,
SOH_last_observation_persistence,,exp5_cellB,5,0.6,0.8065707255620619,0.8226337075110989,3.92127204,3.9993647850000005,,
SOH_last_observation_persistence,,exp5_cellB,5,0.6666666666666666,0.8007887687293093,0.8226337075110989,3.893162136,3.9993647850000005,,
SOH_last_observation_persistence,,exp5_cellB,5,0.7333333333333333,0.7934484824068493,0.8226337075110989,3.857476165,3.9993647850000005,,
SOH_last_observation_persistence,,exp5_cellB,5,0.8,0.7866488837091813,0.8226337075110989,3.824418833,3.9993647850000005,,
SOH_last_observation_persistence,,exp5_cellB,5,0.8666666666666667,0.7825607629831625,0.8226337075110989,3.804543783,3.9993647850000005,,
SOH_last_observation_persistence,,exp5_cellB,5,0.9333333333333332,0.7757626314800493,0.8226337075110989,3.771493584,3.9993647850000005,,
SOH_last_observation_persistence,,exp5_cellB,5,1.0,0.7725232717995762,0.8226337075110989,3.755744921,3.9993647850000005,,
SOH_linear_fade,,exp5_cellB,5,0.5333333333333333,0.8143553276793362,0.7791964479628091,3.959118123,3.7881876297142845,,
SOH_linear_fade,,exp5_cellB,5,0.6,0.8065707255620619,0.7545310712315216,3.92127204,3.668272972428571,,
SOH_linear_fade,,exp5_cellB,5,0.6666666666666666,0.8007887687293093,0.7298656945002341,3.893162136,3.548358315142857,,
SOH_linear_fade,,exp5_cellB,5,0.7333333333333333,0.7934484824068493,0.7052003177689465,3.857476165,3.4284436578571427,,
SOH_linear_fade,,exp5_cellB,5,0.8,0.7866488837091813,0.6805349410376591,3.824418833,3.308529000571429,,
SOH_linear_fade,,exp5_cellB,5,0.8666666666666667,0.7825607629831625,0.6558695643063714,3.804543783,3.1886143432857144,,
SOH_linear_fade,,exp5_cellB,5,0.9333333333333332,0.7757626314800493,0.631204187575084,3.771493584,3.068699686000001,,
SOH_linear_fade,,exp5_cellB,5,1.0,0.7725232717995762,0.6065388108437965,3.755744921,2.948785028714287,,
SOH_sqrt_fade,,exp5_cellB,5,0.5333333333333333,0.8143553276793362,0.8090315900024104,3.959118123,3.9332359244038684,,
SOH_sqrt_fade,,exp5_cellB,5,0.6,0.8065707255620619,0.7968567876927957,3.92127204,3.874046183967961,,
SOH_sqrt_fade,,exp5_cellB,5,0.6666666666666666,0.8007887687293093,0.7853415733624757,3.893162136,3.8180631355420154,,
SOH_sqrt_fade,,exp5_cellB,5,0.7333333333333333,0.7934484824068493,0.7743891090274022,3.857476165,3.764815985843776,,
SOH_sqrt_fade,,exp5_cellB,5,0.8,0.7866488837091813,0.7639241612067239,3.824418833,3.7139389753240986,,
SOH_sqrt_fade,,exp5_cellB,5,0.8666666666666667,0.7825607629831625,0.7538869006625586,3.804543783,3.6651412346143757,,
SOH_sqrt_fade,,exp5_cellB,5,0.9333333333333332,0.7757626314800493,0.7442288180788298,3.771493584,3.6181869279487135,,
SOH_sqrt_fade,,exp5_cellB,5,1.0,0.7725232717995762,0.7349099348237824,3.755744921,3.572881692841678,,
SOH_BOL_persistence,,exp5_cellC,5,0.5333333333333333,0.8214546359438883,1.0,4.012352958,4.884448614,,
SOH_BOL_persistence,,exp5_cellC,5,0.6,0.8140619179825401,1.0,3.976243607,4.884448614,,
SOH_BOL_persistence,,exp5_cellC,5,0.6666666666666666,0.8081618464949624,1.0,3.947425011,4.884448614,,
SOH_BOL_persistence,,exp5_cellC,5,0.7333333333333333,0.8007939995087437,1.0,3.911437141,4.884448614,,
SOH_BOL_persistence,,exp5_cellC,5,0.8,0.7932565004152995,1.0,3.874620614,4.884448614,,
SOH_BOL_persistence,,exp5_cellC,5,0.8666666666666667,0.7884116982953278,1.0,3.850956427,4.884448614,,
SOH_BOL_persistence,,exp5_cellC,5,0.9333333333333332,0.7817976432498098,1.0,3.818650415,4.884448614,,
SOH_BOL_persistence,,exp5_cellC,5,1.0,0.7777849401692979,1.0,3.799050573,4.884448614,,
SOH_last_observation_persistence,,exp5_cellC,5,0.5333333333333333,0.8214546359438883,0.8295573875802883,4.012352958,4.051930432,,
SOH_last_observation_persistence,,exp5_cellC,5,0.6,0.8140619179825401,0.8295573875802883,3.976243607,4.051930432,,
SOH_last_observation_persistence,,exp5_cellC,5,0.6666666666666666,0.8081618464949624,0.8295573875802883,3.947425011,4.051930432,,
SOH_last_observation_persistence,,exp5_cellC,5,0.7333333333333333,0.8007939995087437,0.8295573875802883,3.911437141,4.051930432,,
SOH_last_observation_persistence,,exp5_cellC,5,0.8,0.7932565004152995,0.8295573875802883,3.874620614,4.051930432,,
SOH_last_observation_persistence,,exp5_cellC,5,0.8666666666666667,0.7884116982953278,0.8295573875802883,3.850956427,4.051930432,,
SOH_last_observation_persistence,,exp5_cellC,5,0.9333333333333332,0.7817976432498098,0.8295573875802883,3.818650415,4.051930432,,
SOH_last_observation_persistence,,exp5_cellC,5,1.0,0.7777849401692979,0.8295573875802883,3.799050573,4.051930432,,
SOH_linear_fade,,exp5_cellC,5,0.5333333333333333,0.8214546359438883,0.7866967965038408,4.012352958,3.8425800773214256,,
SOH_linear_fade,,exp5_cellC,5,0.6,0.8140619179825401,0.7634318327057036,3.976243607,3.7289435571428537,,
SOH_linear_fade,,exp5_cellC,5,0.6666666666666666,0.8081618464949624,0.7401668689075664,3.947425011,3.615307036964283,,
SOH_linear_fade,,exp5_cellC,5,0.7333333333333333,0.8007939995087437,0.7169019051094292,3.911437141,3.501670516785711,,
SOH_linear_fade,,exp5_cellC,5,0.8,0.7932565004152995,0.6936369413112919,3.874620614,3.388033996607139,,
SOH_linear_fade,,exp5_cellC,5,0.8666666666666667,0.7884116982953278,0.6703719775131547,3.850956427,3.2743974764285677,,
SOH_linear_fade,,exp5_cellC,5,0.9333333333333332,0.7817976432498098,0.6471070137150177,3.818650415,3.160760956249997,,
SOH_linear_fade,,exp5_cellC,5,1.0,0.7777849401692979,0.6238420499168804,3.799050573,3.0471244360714254,,
SOH_sqrt_fade,,exp5_cellC,5,0.5333333333333333,0.8214546359438883,0.8137558858582505,4.012352958,3.9747488088146743,,
SOH_sqrt_fade,,exp5_cellC,5,0.6,0.8140619179825401,0.8021099954000598,3.976243607,3.9178650553073684,,
SOH_sqrt_fade,,exp5_cellC,5,0.6666666666666666,0.8081618464949624,0.7910950383368484,3.947425011,3.8640630635466957,,
SOH_sqrt_fade,,exp5_cellC,5,0.7333333333333333,0.8007939995087437,0.7806183836323384,3.911437141,3.8128903819958957,,
SOH_sqrt_fade,,exp5_cellC,5,0.8,0.7932565004152995,0.7706080661856185,3.874620614,3.7639955008175647,,
SOH_sqrt_fade,,exp5_cellC,5,0.8666666666666667,0.7884116982953278,0.7610068559297972,3.850956427,3.7170988826907956,,
SOH_sqrt_fade,,exp5_cellC,5,0.9333333333333332,0.7817976432498098,0.7517683509466454,3.818650415,3.6719738798304076,,
SOH_sqrt_fade,,exp5_cellC,5,1.0,0.7777849401692979,0.7428543094023944,3.799050573,3.6284337019644526,,
SOH_BOL_persistence,,exp5_cellD,5,0.5333333333333333,0.862591076376204,1.0,4.192222457,4.860034577,,
SOH_BOL_persistence,,exp5_cellD,5,0.6,0.8552786413642833,1.0,4.15668377,4.860034577,,
SOH_BOL_persistence,,exp5_cellD,5,0.6666666666666666,0.8493641208923439,1.0,4.127938996,4.860034577,,
SOH_BOL_persistence,,exp5_cellD,5,0.7333333333333333,0.8407250784462886,1.0,4.085952951,4.860034577,,
SOH_BOL_persistence,,exp5_cellD,5,0.8,0.8330016712553935,1.0,4.048416925,4.860034577,,
SOH_BOL_persistence,,exp5_cellD,5,0.8666666666666667,0.8255998395543926,1.0,4.012443767000001,4.860034577,,
SOH_BOL_persistence,,exp5_cellD,5,0.9333333333333332,0.8173156266826287,1.0,3.972182206,4.860034577,,
SOH_BOL_persistence,,exp5_cellD,5,1.0,0.8103250072823504,1.0,3.938207554,4.860034577,,
SOH_last_observation_persistence,,exp5_cellD,5,0.5333333333333333,0.862591076376204,0.8689542753432141,4.192222457,4.223147824,,
SOH_last_observation_persistence,,exp5_cellD,5,0.6,0.8552786413642833,0.8689542753432141,4.15668377,4.223147824,,
SOH_last_observation_persistence,,exp5_cellD,5,0.6666666666666666,0.8493641208923439,0.8689542753432141,4.127938996,4.223147824,,
SOH_last_observation_persistence,,exp5_cellD,5,0.7333333333333333,0.8407250784462886,0.8689542753432141,4.085952951,4.223147824,,
SOH_last_observation_persistence,,exp5_cellD,5,0.8,0.8330016712553935,0.8689542753432141,4.048416925,4.223147824,,
SOH_last_observation_persistence,,exp5_cellD,5,0.8666666666666667,0.8255998395543926,0.8689542753432141,4.012443767000001,4.223147824,,
SOH_last_observation_persistence,,exp5_cellD,5,0.9333333333333332,0.8173156266826287,0.8689542753432141,3.972182206,4.223147824,,
SOH_last_observation_persistence,,exp5_cellD,5,1.0,0.8103250072823504,0.8689542753432141,3.938207554,4.223147824,,
SOH_linear_fade,,exp5_cellD,5,0.5333333333333333,0.862591076376204,0.8346455324509099,4.192222457,4.056406147249998,,
SOH_linear_fade,,exp5_cellD,5,0.6,0.8552786413642833,0.8168514781158653,4.15668377,3.969926427916665,,
SOH_linear_fade,,exp5_cellD,5,0.6666666666666666,0.8493641208923439,0.7990574237808209,4.127938996,3.8834467085833317,,
SOH_linear_fade,,exp5_cellD,5,0.7333333333333333,0.8407250784462886,0.7812633694457763,4.085952951,3.7969669892499986,,
SOH_linear_fade,,exp5_cellD,5,0.8,0.8330016712553935,0.7634693151107319,4.048416925,3.710487269916666,,
SOH_linear_fade,,exp5_cellD,5,0.8666666666666667,0.8255998395543926,0.7456752607756874,4.012443767000001,3.624007550583333,,
SOH_linear_fade,,exp5_cellD,5,0.9333333333333332,0.8173156266826287,0.7278812064406429,3.972182206,3.53752783125,,
SOH_linear_fade,,exp5_cellD,5,1.0,0.8103250072823504,0.7100871521055984,3.938207554,3.4510481119166667,,
SOH_sqrt_fade,,exp5_cellD,5,0.5333333333333333,0.862591076376204,0.8548190725061154,4.192222457,4.154450249458791,,
SOH_sqrt_fade,,exp5_cellD,5,0.6,0.8552786413642833,0.8458334198783506,4.15668377,4.110779666990943,,
SOH_sqrt_fade,,exp5_cellD,5,0.6666666666666666,0.8493641208923439,0.8373345783140157,4.127938996,4.069475003123831,,
SOH_sqrt_fade,,exp5_cellD,5,0.7333333333333333,0.8407250784462886,0.82925107622255,4.085952951,4.030188903456056,,
SOH_sqrt_fade,,exp5_cellD,5,0.8,0.8330016712553935,0.8215273872875735,4.048416925,3.9926515081700775,,
SOH_sqrt_fade,,exp5_cellD,5,0.8666666666666667,0.8255998395543926,0.8141193543445652,4.012443767000001,3.9566482119195023,,
SOH_sqrt_fade,,exp5_cellD,5,0.9333333333333332,0.8173156266826287,0.806991174934283,3.972182206,3.9220050135144713,,
SOH_sqrt_fade,,exp5_cellD,5,1.0,0.8103250072823504,0.8001133426969234,3.938207554,3.888578511026098,,
SOH_BOL_persistence,,exp5_cellE,5,0.5333333333333333,0.8656172401950055,1.0,4.211511139000001,4.865327241,,
SOH_BOL_persistence,,exp5_cellE,5,0.6,0.8583629495272422,1.0,4.176216641,4.865327241,,
SOH_BOL_persistence,,exp5_cellE,5,0.6666666666666666,0.851483072523713,1.0,4.142743788,4.865327241,,
SOH_BOL_persistence,,exp5_cellE,5,0.7333333333333333,0.8441469335073652,1.0,4.107051071,4.865327241,,
SOH_BOL_persistence,,exp5_cellE,5,0.8,0.8366904562340003,1.0,4.070772869,4.865327241,,
SOH_BOL_persistence,,exp5_cellE,5,0.8666666666666667,0.8299388540553875,1.0,4.037924115,4.865327241,,
SOH_BOL_persistence,,exp5_cellE,5,0.9333333333333332,0.8222797423134317,1.0,4.00066003,4.865327241,,
SOH_BOL_persistence,,exp5_cellE,5,1.0,0.8160525188402225,1.0,3.97036255,4.865327241,,
SOH_last_observation_persistence,,exp5_cellE,5,0.5333333333333333,0.8656172401950055,0.8717252492821583,4.211511139000001,4.2412286020000005,,
SOH_last_observation_persistence,,exp5_cellE,5,0.6,0.8583629495272422,0.8717252492821583,4.176216641,4.2412286020000005,,
SOH_last_observation_persistence,,exp5_cellE,5,0.6666666666666666,0.851483072523713,0.8717252492821583,4.142743788,4.2412286020000005,,
SOH_last_observation_persistence,,exp5_cellE,5,0.7333333333333333,0.8441469335073652,0.8717252492821583,4.107051071,4.2412286020000005,,
SOH_last_observation_persistence,,exp5_cellE,5,0.8,0.8366904562340003,0.8717252492821583,4.070772869,4.2412286020000005,,
SOH_last_observation_persistence,,exp5_cellE,5,0.8666666666666667,0.8299388540553875,0.8717252492821583,4.037924115,4.2412286020000005,,
SOH_last_observation_persistence,,exp5_cellE,5,0.9333333333333332,0.8222797423134317,0.8717252492821583,4.00066003,4.2412286020000005,,
SOH_last_observation_persistence,,exp5_cellE,5,1.0,0.8160525188402225,0.8717252492821583,3.97036255,4.2412286020000005,,
SOH_linear_fade,,exp5_cellE,5,0.5333333333333333,0.8656172401950055,0.8390266474399071,4.211511139000001,4.0821392037142825,,
SOH_linear_fade,,exp5_cellE,5,0.6,0.8583629495272422,0.8217360938035279,4.176216641,3.9980150020952356,,
SOH_linear_fade,,exp5_cellE,5,0.6666666666666666,0.851483072523713,0.8044455401671486,4.142743788,3.9138908004761883,,
SOH_linear_fade,,exp5_cellE,5,0.7333333333333333,0.8441469335073652,0.7871549865307694,4.107051071,3.8297665988571405,,
SOH_linear_fade,,exp5_cellE,5,0.8,0.8366904562340003,0.7698644328943901,4.070772869,3.745642397238093,,
SOH_linear_fade,,exp5_cellE,5,0.8666666666666667,0.8299388540553875,0.7525738792580108,4.037924115,3.661518195619045,,
SOH_linear_fade,,exp5_cellE,5,0.9333333333333332,0.8222797423134317,0.7352833256216316,4.00066003,3.5773939939999972,,
SOH_linear_fade,,exp5_cellE,5,1.0,0.8160525188402225,0.7179927719852524,3.97036255,3.49326979238095,,
SOH_sqrt_fade,,exp5_cellE,5,0.5333333333333333,0.8656172401950055,0.8586823095152366,4.211511139000001,4.177770431849274,,
SOH_sqrt_fade,,exp5_cellE,5,0.6,0.8583629495272422,0.8499588584993999,4.176216641,4.135327987986395,,
SOH_sqrt_fade,,exp5_cellE,5,0.6666666666666666,0.851483072523713,0.8417080133856294,4.142743788,4.095184926493095,,
SOH_sqrt_fade,,exp5_cellE,5,0.7333333333333333,0.8441469335073652,0.8338603881265105,4.107051071,4.057003661542745,,
SOH_sqrt_fade,,exp5_cellE,5,0.8,0.8366904562340003,0.8263620766652329,4.070772869,4.020521922528688,,
SOH_sqrt_fade,,exp5_cellE,5,0.8666666666666667,0.8299388540553875,0.8191702103446545,4.037924115,3.985531139405548,,
SOH_sqrt_fade,,exp5_cellE,5,0.9333333333333332,0.8222797423134317,0.812250031422363,4.00066003,3.9518622043823286,,
SOH_sqrt_fade,,exp5_cellE,5,1.0,0.8160525188402225,0.8055728945350142,3.97036255,3.919375748392425,,
SOH_BOL_persistence,,exp5_cellF,5,0.5333333333333333,0.8522315864914315,1.0,4.121763642,4.836436137,,
SOH_BOL_persistence,,exp5_cellF,5,0.6,0.8423039313668911,1.0,4.073749171999999,4.836436137,,
SOH_BOL_persistence,,exp5_cellF,5,0.6666666666666666,0.8322107221075873,1.0,4.02493401,4.836436137,,
SOH_BOL_persistence,,exp5_cellF,5,0.7333333333333333,0.8210154999509715,1.0,3.970789033,4.836436137,,
SOH_BOL_persistence,,exp5_cellF,5,0.8,0.8096480195495653,1.0,3.91581094,4.836436137,,
SOH_BOL_persistence,,exp5_cellF,5,0.8666666666666667,0.7985219847016456,1.0,3.862000583,4.836436137,,
SOH_BOL_persistence,,exp5_cellF,5,0.9333333333333332,0.7866654996007033,1.0,3.80465745,4.836436137,,
SOH_BOL_persistence,,exp5_cellF,5,1.0,0.7678683443349683,1.0,3.713746209,4.836436137,,
SOH_last_observation_persistence,,exp5_cellF,5,0.5333333333333333,0.8522315864914315,0.8625318337373098,4.121763642,4.171580130000001,,
SOH_last_observation_persistence,,exp5_cellF,5,0.6,0.8423039313668911,0.8625318337373098,4.073749171999999,4.171580130000001,,
SOH_last_observation_persistence,,exp5_cellF,5,0.6666666666666666,0.8322107221075873,0.8625318337373098,4.02493401,4.171580130000001,,
SOH_last_observation_persistence,,exp5_cellF,5,0.7333333333333333,0.8210154999509715,0.8625318337373098,3.970789033,4.171580130000001,,
SOH_last_observation_persistence,,exp5_cellF,5,0.8,0.8096480195495653,0.8625318337373098,3.91581094,4.171580130000001,,
SOH_last_observation_persistence,,exp5_cellF,5,0.8666666666666667,0.7985219847016456,0.8625318337373098,3.862000583,4.171580130000001,,
SOH_last_observation_persistence,,exp5_cellF,5,0.9333333333333332,0.7866654996007033,0.8625318337373098,3.80465745,4.171580130000001,,
SOH_last_observation_persistence,,exp5_cellF,5,1.0,0.7678683443349683,0.8625318337373098,3.713746209,4.171580130000001,,
SOH_linear_fade,,exp5_cellF,5,0.5333333333333333,0.8522315864914315,0.8320099550165345,4.121763642,4.023963012785711,,
SOH_linear_fade,,exp5_cellF,5,0.6,0.8423039313668911,0.8136692344353171,4.073749171999999,3.9352592889880924,,
SOH_linear_fade,,exp5_cellF,5,0.6666666666666666,0.8322107221075873,0.7953285138540999,4.02493401,3.8465555651904735,,
SOH_linear_fade,,exp5_cellF,5,0.7333333333333333,0.8210154999509715,0.7769877932728826,3.970789033,3.7578518413928546,,
SOH_linear_fade,,exp5_cellF,5,0.8,0.8096480195495653,0.7586470726916652,3.91581094,3.669148117595235,,
SOH_linear_fade,,exp5_cellF,5,0.8666666666666667,0.7985219847016456,0.7403063521104478,3.862000583,3.580444393797616,,
SOH_linear_fade,,exp5_cellF,5,0.9333333333333332,0.7866654996007033,0.7219656315292305,3.80465745,3.491740669999997,,
SOH_linear_fade,,exp5_cellF,5,1.0,0.7678683443349683,0.7036249109480133,3.713746209,3.403036946202378,,
SOH_sqrt_fade,,exp5_cellF,5,0.5333333333333333,0.8522315864914315,0.8536021052961237,4.121763642,4.128392068673452,,
SOH_sqrt_fade,,exp5_cellF,5,0.6,0.8423039313668911,0.8444602323688354,4.073749171999999,4.084177984088052,,
SOH_sqrt_fade,,exp5_cellF,5,0.6666666666666666,0.8322107221075873,0.8358136339714931,4.02493401,4.04235926313702,,
SOH_sqrt_fade,,exp5_cellF,5,0.7333333333333333,0.8210154999509715,0.8275895959423232,3.970789033,4.00258422842068,,
SOH_sqrt_fade,,exp5_cellF,5,0.8,0.8096480195495653,0.8197316266107151,3.91581094,3.964579661581853,,
SOH_sqrt_fade,,exp5_cellF,5,0.8666666666666667,0.7985219847016456,0.8121948011166059,3.862000583,3.9281282864038807,,
SOH_sqrt_fade,,exp5_cellF,5,0.9333333333333332,0.7866654996007033,0.8049426945561587,3.80465745,3.893053936165559,,
SOH_sqrt_fade,,exp5_cellF,5,1.0,0.7678683443349683,0.7979452875859775,3.713746209,3.8592114242296787,,
SOH_BOL_persistence,,exp5_cellG,5,0.5333333333333333,0.8498714817160511,1.0,4.123182213,4.851536146,,
SOH_BOL_persistence,,exp5_cellG,5,0.6,0.8400058427597255,1.0,4.075318709,4.851536146,,
SOH_BOL_persistence,,exp5_cellG,5,0.6666666666666666,0.8299328251567766,1.0,4.0264491,4.851536146,,
SOH_BOL_persistence,,exp5_cellG,5,0.7333333333333333,0.8194936798065443,1.0,3.975803209,4.851536146,,
SOH_BOL_persistence,,exp5_cellG,5,0.8,0.8085936348705501,1.0,3.922921247,4.851536146,,
SOH_BOL_persistence,,exp5_cellG,5,0.8666666666666667,0.7978404378562369,1.0,3.870751723,4.851536146,,
SOH_BOL_persistence,,exp5_cellG,5,0.9333333333333332,0.7855218228441083,1.0,3.810987517,4.851536146,,
SOH_BOL_persistence,,exp5_cellG,5,1.0,0.7696642878933628,1.0,3.734054113,4.851536146,,
SOH_last_observation_persistence,,exp5_cellG,5,0.5333333333333333,0.8498714817160511,0.8610739016021339,4.123182213,4.177531158,,
SOH_last_observation_persistence,,exp5_cellG,5,0.6,0.8400058427597255,0.8610739016021339,4.075318709,4.177531158,,
SOH_last_observation_persistence,,exp5_cellG,5,0.6666666666666666,0.8299328251567766,0.8610739016021339,4.0264491,4.177531158,,
SOH_last_observation_persistence,,exp5_cellG,5,0.7333333333333333,0.8194936798065443,0.8610739016021339,3.975803209,4.177531158,,
SOH_last_observation_persistence,,exp5_cellG,5,0.8,0.8085936348705501,0.8610739016021339,3.922921247,4.177531158,,
SOH_last_observation_persistence,,exp5_cellG,5,0.8666666666666667,0.7978404378562369,0.8610739016021339,3.870751723,4.177531158,,
SOH_last_observation_persistence,,exp5_cellG,5,0.9333333333333332,0.7855218228441083,0.8610739016021339,3.810987517,4.177531158,,
SOH_last_observation_persistence,,exp5_cellG,5,1.0,0.7696642878933628,0.8610739016021339,3.734054113,4.177531158,,
SOH_linear_fade,,exp5_cellG,5,0.5333333333333333,0.8498714817160511,0.8301691509456894,4.123182213,4.0275956431071425,,
SOH_linear_fade,,exp5_cellG,5,0.6,0.8400058427597255,0.8116326224243049,4.075318709,3.9376650049642854,,
SOH_linear_fade,,exp5_cellG,5,0.6666666666666666,0.8299328251567766,0.7930960939029204,4.0264491,3.8477343668214283,,
SOH_linear_fade,,exp5_cellG,5,0.7333333333333333,0.8194936798065443,0.7745595653815358,3.975803209,3.7578037286785713,,
SOH_linear_fade,,exp5_cellG,5,0.8,0.8085936348705501,0.7560230368601513,3.922921247,3.667873090535714,,
SOH_linear_fade,,exp5_cellG,5,0.8666666666666667,0.7978404378562369,0.7374865083387667,3.870751723,3.577942452392857,,
SOH_linear_fade,,exp5_cellG,5,0.9333333333333332,0.7855218228441083,0.7189499798173822,3.810987517,3.48801181425,,
SOH_linear_fade,,exp5_cellG,5,1.0,0.7696642878933628,0.7004134512959976,3.734054113,3.398081176107143,,
SOH_sqrt_fade,,exp5_cellG,5,0.5333333333333333,0.8498714817160511,0.8519780352158979,4.123182213,4.133402233447989,,
SOH_sqrt_fade,,exp5_cellG,5,0.6,0.8400058427597255,0.8427364942969778,4.075318709,4.088566563635111,,
SOH_sqrt_fade,,exp5_cellG,5,0.6666666666666666,0.8299328251567766,0.8339956275693312,4.0264491,4.046159932758564,,
SOH_sqrt_fade,,exp5_cellG,5,0.7333333333333333,0.8194936798065443,0.8256819281152005,3.975803209,4.005825719349868,,
SOH_sqrt_fade,,exp5_cellG,5,0.8,0.8085936348705501,0.8177382883714335,3.922921247,3.967286864002181,,
SOH_sqrt_fade,,exp5_cellG,5,0.8666666666666667,0.7978404378562369,0.8101192936909604,3.870751723,3.930323035913684,,
SOH_sqrt_fade,,exp5_cellG,5,0.9333333333333332,0.7855218228441083,0.8027881220525223,3.810987517,3.8947555917172716,,
SOH_sqrt_fade,,exp5_cellG,5,1.0,0.7696642878933628,0.795714426831028,3.734054113,3.8604373036644044,,
SOH_BOL_persistence,,exp5_cellH,5,0.5333333333333333,0.8526440302059033,1.0,4.133824681,4.848242097,,
SOH_BOL_persistence,,exp5_cellH,5,0.6,0.8431704595629644,1.0,4.0878945170000005,4.848242097,,
SOH_BOL_persistence,,exp5_cellH,5,0.6666666666666666,0.8318238318782536,1.0,4.032883319,4.848242097,,
SOH_BOL_persistence,,exp5_cellH,5,0.7333333333333333,0.8228976751117055,1.0,3.98960715,4.848242097,,
SOH_BOL_persistence,,exp5_cellH,5,0.8,0.8125378294201961,1.0,3.93938011,4.848242097,,
SOH_BOL_persistence,,exp5_cellH,5,0.8666666666666667,0.8025090494980701,1.0,3.890758157,4.848242097,,
SOH_BOL_persistence,,exp5_cellH,5,0.9333333333333332,0.7914666613646212,1.0,3.837221986,4.848242097,,
SOH_BOL_persistence,,exp5_cellH,5,1.0,0.7759335636988509,1.0,3.761913768,4.848242097,,
SOH_last_observation_persistence,,exp5_cellH,5,0.5333333333333333,0.8526440302059033,0.8633707080325284,4.133824681,4.185830212,,
SOH_last_observation_persistence,,exp5_cellH,5,0.6,0.8431704595629644,0.8633707080325284,4.0878945170000005,4.185830212,,
SOH_last_observation_persistence,,exp5_cellH,5,0.6666666666666666,0.8318238318782536,0.8633707080325284,4.032883319,4.185830212,,
SOH_last_observation_persistence,,exp5_cellH,5,0.7333333333333333,0.8228976751117055,0.8633707080325284,3.98960715,4.185830212,,
SOH_last_observation_persistence,,exp5_cellH,5,0.8,0.8125378294201961,0.8633707080325284,3.93938011,4.185830212,,
SOH_last_observation_persistence,,exp5_cellH,5,0.8666666666666667,0.8025090494980701,0.8633707080325284,3.890758157,4.185830212,,
SOH_last_observation_persistence,,exp5_cellH,5,0.9333333333333332,0.7914666613646212,0.8633707080325284,3.837221986,4.185830212,,
SOH_last_observation_persistence,,exp5_cellH,5,1.0,0.7759335636988509,0.8633707080325284,3.761913768,4.185830212,,
SOH_linear_fade,,exp5_cellH,5,0.5333333333333333,0.8526440302059033,0.8327790044468857,4.133824681,4.037514226857142,,
SOH_linear_fade,,exp5_cellH,5,0.6,0.8431704595629644,0.8145782489027695,4.0878945170000005,3.9492725576309513,,
SOH_linear_fade,,exp5_cellH,5,0.6666666666666666,0.8318238318782536,0.7963774933586534,4.032883319,3.8610308884047613,,
SOH_linear_fade,,exp5_cellH,5,0.7333333333333333,0.8228976751117055,0.7781767378145371,3.98960715,3.772789219178571,,
SOH_linear_fade,,exp5_cellH,5,0.8,0.8125378294201961,0.7599759822704208,3.93938011,3.68454754995238,,
SOH_linear_fade,,exp5_cellH,5,0.8666666666666667,0.8025090494980701,0.7417752267263047,3.890758157,3.59630588072619,,
SOH_linear_fade,,exp5_cellH,5,0.9333333333333332,0.7914666613646212,0.7235744711821885,3.837221986,3.5080642115,,
SOH_linear_fade,,exp5_cellH,5,1.0,0.7759335636988509,0.7053737156380723,3.761913768,3.4198225422738093,,
SOH_sqrt_fade,,exp5_cellH,5,0.5333333333333333,0.8526440302059033,0.854098306322559,4.133824681,4.140875363689432,,
SOH_sqrt_fade,,exp5_cellH,5,0.6,0.8431704595629644,0.8450099866885148,4.0878945170000005,4.096812989848667,,
SOH_sqrt_fade,,exp5_cellH,5,0.6666666666666666,0.8318238318782536,0.8364140402552961,4.032883319,4.055137760487579,,
SOH_sqrt_fade,,exp5_cellH,5,0.7333333333333333,0.8228976751117055,0.828238178822293,3.98960715,4.0154992049088545,,
SOH_sqrt_fade,,exp5_cellH,5,0.8,0.8125378294201961,0.8204262416483472,3.93938011,3.9776250422430115,,
SOH_sqrt_fade,,exp5_cellH,5,0.8666666666666667,0.8025090494980701,0.812933567044217,3.890758157,3.941298741808145,,
SOH_sqrt_fade,,exp5_cellH,5,0.9333333333333332,0.7914666613646212,0.8057239434839557,3.837221986,3.9063447413597627,,
SOH_sqrt_fade,,exp5_cellH,5,1.0,0.7759335636988509,0.7987675274781427,3.761913768,3.872618352436136,,
source_pretrained_head_adapted,42.0,exp1_cellA,1,0.5714285714285714,0.8549561721374236,0.91396564245224,4.161854263183007,4.449107368782453,1.1526787381402472,1.0781590938568115
source_pretrained_head_adapted,42.0,exp1_cellA,1,0.6428571428571429,0.8339231857086502,0.91396564245224,4.059467465954306,4.449107368782453,1.1764673298760704,1.0781590938568115
source_pretrained_head_adapted,42.0,exp1_cellA,1,0.7142857142857143,0.818224933858435,0.91396564245224,3.983049705001716,4.449107368782453,1.2002559216118935,1.0781590938568115
source_pretrained_head_adapted,42.0,exp1_cellA,1,0.7857142857142857,0.7639284558682716,0.91396564245224,3.718739047024665,4.449107368782453,1.3340435794062142,1.0781590938568115
source_pretrained_head_adapted,42.0,exp1_cellA,1,0.8571428571428571,0.7250005917778434,0.91396564245224,3.52924150036526,4.449107368782453,1.4678312372005347,1.0781590938568115
source_pretrained_head_adapted,42.0,exp1_cellA,1,0.9285714285714286,0.6434004407516708,0.91396564245224,3.132018873647892,4.449107368782453,1.6131902334747197,1.0781590938568115
source_pretrained_head_adapted,42.0,exp1_cellA,1,1.0,0.5856790719679541,0.91396564245224,2.8510361372478603,4.449107368782453,1.7585492297489045,1.0781590938568115
source_pretrained_head_adapted,42.0,exp1_cellB,1,0.5714285714285714,0.8593055242284461,0.91396564245224,4.176906007468412,4.442597510363025,1.1371669739008392,1.0781590938568115
source_pretrained_head_adapted,42.0,exp1_cellB,1,0.6428571428571429,0.8383723891509776,0.91396564245224,4.075154377582485,4.442597510363025,1.1910745065479214,1.0781590938568115
source_pretrained_head_adapted,42.0,exp1_cellB,1,0.7142857142857143,0.7994437874381211,0.91396564245224,3.885930515088674,4.442597510363025,1.244982039195004,1.0781590938568115
source_pretrained_head_adapted,42.0,exp1_cellB,1,0.7857142857142857,0.7144807798517927,0.91396564245224,3.47294294920684,4.442597510363025,1.404277943400622,1.0781590938568115
source_pretrained_head_adapted,42.0,exp1_cellB,1,0.8571428571428571,0.6308130172936719,0.91396564245224,3.066251300885086,4.442597510363025,1.5635738476062404,1.0781590938568115
source_pretrained_head_adapted,42.0,exp1_cellB,1,0.9285714285714286,0.5586363849136401,0.91396564245224,2.71541565409033,4.442597510363025,1.7772623308717677,1.0781590938568115
source_pretrained_head_adapted,42.0,exp1_cellB,1,1.0,0.492781344774241,0.91396564245224,2.395307956624624,4.442597510363025,1.9909508141372947,1.0781590938568115
source_pretrained_head_adapted,42.0,exp1_cellD,1,0.5384615384615384,0.8181553504521012,0.91396564245224,4.002078276099845,4.470742678317168,1.1916693068263018,1.0781590938568115
source_pretrained_head_adapted,42.0,exp1_cellD,1,0.6153846153846154,0.8129632683847705,0.91396564245224,3.976680753688106,4.470742678317168,1.2118230578580662,1.0781590938568115
source_pretrained_head_adapted,42.0,exp1_cellD,1,0.6923076923076923,0.8031377766449331,0.91396564245224,3.928618503624872,4.470742678317168,1.2083870831053638,1.0781590938568115
source_pretrained_head_adapted,42.0,exp1_cellD,1,0.7692307692307693,0.7984539437080421,0.91396564245224,3.905707126176501,4.470742678317168,1.2049511083526614,1.0781590938568115
source_pretrained_head_adapted,42.0,exp1_cellD,1,0.8461538461538461,0.7884549637044503,0.91396564245224,3.856796243135256,4.470742678317168,1.2043092563409348,1.0781590938568115
source_pretrained_head_adapted,42.0,exp1_cellD,1,0.9230769230769232,0.7820982650781715,0.91396564245224,3.825701897219304,4.470742678317168,1.2036674043292082,1.0781590938568115
source_pretrained_head_adapted,42.0,exp1_cellD,1,1.0,0.7696990653997923,0.91396564245224,3.765050130233432,4.470742678317168,1.2036674043292082,1.0781590938568115
source_pretrained_head_adapted,42.0,exp1_cellE,1,0.5714285714285714,0.7961913353698228,0.91396564245224,3.865615255227751,4.43742524348918,1.2205143504053828,1.0781590938568115
source_pretrained_head_adapted,42.0,exp1_cellE,1,0.6428571428571429,0.7814493934456567,0.91396564245224,3.794041158572619,4.43742524348918,1.2289631743676406,1.0781590938568115
source_pretrained_head_adapted,42.0,exp1_cellE,1,0.7142857142857143,0.7731770269753371,0.91396564245224,3.7538777146817752,4.43742524348918,1.2374119983298986,1.0781590938568115
source_pretrained_head_adapted,42.0,exp1_cellE,1,0.7857142857142857,0.7562960683651517,0.91396564245224,3.671918406375449,4.43742524348918,1.2766134133528204,1.0781590938568115
source_pretrained_head_adapted,42.0,exp1_cellE,1,0.8571428571428571,0.7375311809904169,0.91396564245224,3.580812372340662,4.43742524348918,1.3158148283757425,1.0781590938568115
source_pretrained_head_adapted,42.0,exp1_cellE,1,0.9285714285714286,0.6725044310535847,0.91396564245224,3.265098817838162,4.43742524348918,1.5495855177442008,1.0781590938568115
source_pretrained_head_adapted,42.0,exp1_cellE,1,1.0,0.5587558414481429,0.91396564245224,2.712834225514765,4.43742524348918,1.7833562071126594,1.0781590938568115
source_pretrained_head_adapted,42.0,exp1_cellF,1,0.5714285714285714,0.7914942251085741,0.91396564245224,3.847663007702252,4.443028996569001,1.2061693643987719,1.0781590938568115
source_pretrained_head_adapted,42.0,exp1_cellF,1,0.6428571428571429,0.765044545670987,0.91396564245224,3.7190841123557616,4.443028996569001,1.2562988315510932,1.0781590938568115
source_pretrained_head_adapted,42.0,exp1_cellF,1,0.7142857142857143,0.7502677805201031,0.91396564245224,3.6472503442233912,4.443028996569001,1.3064282987034144,1.0781590938568115
source_pretrained_head_adapted,42.0,exp1_cellF,1,0.7857142857142857,0.6973659111361276,0.91396564245224,3.3900803492823703,4.443028996569001,1.5300580379135538,1.0781590938568115
source_pretrained_head_adapted,42.0,exp1_cellF,1,0.8571428571428571,0.5855959939675742,0.91396564245224,2.8467371864129323,4.443028996569001,1.7536877771236934,1.0781590938568115
source_pretrained_head_adapted,42.0,exp1_cellF,1,0.9285714285714286,0.5498386118680253,0.91396564245224,2.672911083843661,4.443028996569001,1.9363589350491521,1.0781590938568115
source_pretrained_head_adapted,42.0,exp1_cellF,1,1.0,0.44945260077179,0.91396564245224,2.184908102731843,4.443028996569001,2.119030092974611,1.0781590938568115
source_pretrained_head_adapted,42.0,exp1_cellJ,1,0.6,0.9283996811708648,0.91396564245224,4.479245641129816,4.409605801386699,1.0461622608767824,1.0781590938568115
source_pretrained_head_adapted,42.0,exp1_cellJ,1,0.7,0.9084019156276106,0.91396564245224,4.382762514348698,4.409605801386699,1.070007889842271,1.0781590938568115
source_pretrained_head_adapted,42.0,exp1_cellJ,1,0.8,0.8905796338743112,0.91396564245224,4.296775434131507,4.409605801386699,1.0938535188077592,1.0781590938568115
source_pretrained_head_adapted,42.0,exp1_cellJ,1,0.9,0.8734456000301964,0.91396564245224,4.214108940413596,4.409605801386699,1.1120970413504792,1.0781590938568115
source_pretrained_head_adapted,42.0,exp1_cellJ,1,1.0,0.8612822153989198,0.91396564245224,4.155424314927384,4.409605801386699,1.130340563893199,1.0781590938568115
source_pretrained_head_adapted,42.0,exp1_cellK,1,0.6,0.8068862227834716,0.91396564245224,3.918879495398503,4.438942089442467,1.1758467449275036,1.0781590938568115
source_pretrained_head_adapted,42.0,exp1_cellK,1,0.7,0.7961825254601345,0.91396564245224,3.866893851349858,4.438942089442467,1.1973632239702936,1.0781590938568115
source_pretrained_head_adapted,42.0,exp1_cellK,1,0.8,0.7877533102337295,0.91396564245224,3.825954896413799,4.438942089442467,1.2188797030130838,1.0781590938568115
source_pretrained_head_adapted,42.0,exp1_cellK,1,0.9,0.7790779761794198,0.91396564245224,3.7838205932354807,4.438942089442467,1.2367410711453302,1.0781590938568115
source_pretrained_head_adapted,42.0,exp1_cellK,1,1.0,0.7717907926718258,0.91396564245224,3.748428250150724,4.438942089442467,1.2546024392775765,1.0781590938568115
source_pretrained_head_adapted,42.0,exp1_cellL,1,0.6,0.8070037299410662,0.91396564245224,3.911680712389937,4.430142814369135,1.1585168241866015,1.0781590938568115
source_pretrained_head_adapted,42.0,exp1_cellL,1,0.7,0.7977274944560124,0.91396564245224,3.866717262923449,4.430142814369135,1.1769333624986371,1.0781590938568115
source_pretrained_head_adapted,42.0,exp1_cellL,1,0.8,0.7902851473030869,0.91396564245224,3.830642973880033,4.430142814369135,1.1953499008106725,1.0781590938568115
source_pretrained_head_adapted,42.0,exp1_cellL,1,0.9,0.7826036305284555,0.91396564245224,3.793409390075632,4.430142814369135,1.21332140108182,1.0781590938568115
source_pretrained_head_adapted,42.0,exp1_cellL,1,1.0,0.7761383115014312,0.91396564245224,3.762070918146505,4.430142814369135,1.2312929013529677,1.0781590938568115
source_pretrained_head_adapted,42.0,exp1_cellM,1,0.6,0.8094657288379769,0.91396564245224,3.907895631767987,4.412394761730599,1.1857881455883141,1.0781590938568115
source_pretrained_head_adapted,42.0,exp1_cellM,1,0.7,0.8010379454939867,0.91396564245224,3.8672084271809,4.412394761730599,1.2026227698652867,1.0781590938568115
source_pretrained_head_adapted,42.0,exp1_cellM,1,0.8,0.794506580500605,0.91396564245224,3.83567665033377,4.412394761730599,1.2194573941422593,1.0781590938568115
source_pretrained_head_adapted,42.0,exp1_cellM,1,0.9,0.7878186379024347,0.91396564245224,3.803388956446564,4.412394761730599,1.2348615811671344,1.0781590938568115
source_pretrained_head_adapted,42.0,exp1_cellM,1,1.0,0.7831291042673945,0.91396564245224,3.780749075158803,4.412394761730599,1.2502657681920093,1.0781590938568115
source_pretrained_head_adapted,42.0,exp2_cellA,2,0.5833333333333334,0.9249928121553804,0.91396564245224,4.482643358757167,4.4292041661644275,1.0317597793434083,1.0781590938568115
source_pretrained_head_adapted,42.0,exp2_cellA,2,0.6666666666666666,0.9189006441015372,0.91396564245224,4.453119868079051,4.4292041661644275,1.0351754162063005,1.0781590938568115
source_pretrained_head_adapted,42.0,exp2_cellA,2,0.75,0.9161023998591324,0.91396564245224,4.439559188682886,4.4292041661644275,1.0349482098005431,1.0781590938568115
source_pretrained_head_adapted,42.0,exp2_cellA,2,0.8333333333333334,0.9124277118108484,0.91396564245224,4.42175114114059,4.4292041661644275,1.034721003394786,1.0781590938568115
source_pretrained_head_adapted,42.0,exp2_cellA,2,0.9166666666666666,0.9109432059512895,0.91396564245224,4.414557020013442,4.4292041661644275,1.0360149698349184,1.0781590938568115
source_pretrained_head_adapted,42.0,exp2_cellA,2,1.0,0.9107642676506382,0.91396564245224,4.413689860210143,4.4292041661644275,1.037308936275051,1.0781590938568115
source_pretrained_head_adapted,42.0,exp2_cellB,2,0.5833333333333334,0.9215232607161805,0.91396564245224,4.461646432162857,4.425055472389629,1.0185466313375071,1.0781590938568115
source_pretrained_head_adapted,42.0,exp2_cellB,2,0.6666666666666666,0.9108267995628626,0.91396564245224,4.409858452655557,4.425055472389629,1.028362923646641,1.0781590938568115
source_pretrained_head_adapted,42.0,exp2_cellB,2,0.75,0.9058028992907209,0.91396564245224,4.385534740297691,4.425055472389629,1.0297177633062533,1.0781590938568115
source_pretrained_head_adapted,42.0,exp2_cellB,2,0.8333333333333334,0.9001834664415093,0.91396564245224,4.35832769779398,4.425055472389629,1.0310726029658654,1.0781590938568115
source_pretrained_head_adapted,42.0,exp2_cellB,2,0.9166666666666666,0.8956699538478909,0.91396564245224,4.336475078095385,4.425055472389629,1.0299008119149284,1.0781590938568115
source_pretrained_head_adapted,42.0,exp2_cellB,2,1.0,0.8959111069771764,0.91396564245224,4.337642644932543,4.425055472389629,1.0287290208639914,1.0781590938568115
source_pretrained_head_adapted,42.0,exp2_cellC,2,0.5833333333333334,0.9374129888404765,0.91396564245224,4.529879087947729,4.416574018211796,1.0282826226508421,1.0781590938568115
source_pretrained_head_adapted,42.0,exp2_cellC,2,0.6666666666666666,0.9303869734073997,0.91396564245224,4.495927136395126,4.416574018211796,1.0318308773780704,1.0781590938568115
source_pretrained_head_adapted,42.0,exp2_cellC,2,0.75,0.928262601289942,0.91396564245224,4.485661491535869,4.416574018211796,1.0358076599085582,1.0781590938568115
source_pretrained_head_adapted,42.0,exp2_cellC,2,0.8333333333333334,0.9253155389115526,0.91396564245224,4.471420344466575,4.416574018211796,1.0397844424390466,1.0781590938568115
source_pretrained_head_adapted,42.0,exp2_cellC,2,0.9166666666666666,0.9200752424845271,0.91396564245224,4.446097557731145,4.416574018211796,1.0473832552450855,1.0781590938568115
source_pretrained_head_adapted,42.0,exp2_cellC,2,1.0,0.9180942687374104,0.91396564245224,4.4365248596165845,4.416574018211796,1.0549820680511246,1.0781590938568115
source_pretrained_head_adapted,42.0,exp2_cellD,2,0.5833333333333334,0.934022005775634,0.91396564245224,4.505097731281088,4.408359242950786,1.0483765989649787,1.0781590938568115
source_pretrained_head_adapted,42.0,exp2_cellD,2,0.6666666666666666,0.9250959575914592,0.91396564245224,4.462044442198849,4.408359242950786,1.059262296343421,1.0781590938568115
source_pretrained_head_adapted,42.0,exp2_cellD,2,0.75,0.9199823232382219,0.91396564245224,4.437379688712404,4.408359242950786,1.061095264542489,1.0781590938568115
source_pretrained_head_adapted,42.0,exp2_cellD,2,0.8333333333333334,0.9145132805755902,0.91396564245224,4.411000683143643,4.408359242950786,1.0629282327415572,1.0781590938568115
source_pretrained_head_adapted,42.0,exp2_cellD,2,0.9166666666666666,0.9105086329801314,0.91396564245224,4.391684940382421,4.408359242950786,1.0721670635052118,1.0781590938568115
source_pretrained_head_adapted,42.0,exp2_cellD,2,1.0,0.9100229179493048,0.91396564245224,4.389342175790265,4.408359242950786,1.0814058942688665,1.0781590938568115
source_pretrained_head_adapted,42.0,exp2_cellE,2,0.5833333333333334,0.921390350630106,0.91396564245224,4.466412726676465,4.430421671338408,1.0454157351444686,1.0781590938568115
source_pretrained_head_adapted,42.0,exp2_cellE,2,0.6666666666666666,0.9165428840789561,0.91396564245224,4.442914774607194,4.430421671338408,1.0502823695220944,1.0781590938568115
source_pretrained_head_adapted,42.0,exp2_cellE,2,0.75,0.911727243647203,0.91396564245224,4.419571098719151,4.430421671338408,1.0545276514730193,1.0781590938568115
source_pretrained_head_adapted,42.0,exp2_cellE,2,0.8333333333333334,0.9073976174354801,0.91396564245224,4.39858336252182,4.430421671338408,1.058772933423944,1.0781590938568115
source_pretrained_head_adapted,42.0,exp2_cellE,2,0.9166666666666666,0.9031805240556576,0.91396564245224,4.378141125929759,4.430421671338408,1.0621200206058443,1.0781590938568115
source_pretrained_head_adapted,42.0,exp2_cellE,2,1.0,0.8946822541703837,0.91396564245224,4.336946011671876,4.430421671338408,1.0654671077877444,1.0781590938568115
source_pretrained_head_adapted,42.0,exp2_cellF,2,0.5833333333333334,0.9170734708438081,0.91396564245224,4.427288669079348,4.412285232756223,1.0652078517860382,1.0781590938568115
source_pretrained_head_adapted,42.0,exp2_cellF,2,0.6666666666666666,0.9078142921608467,0.91396564245224,4.382588807867206,4.412285232756223,1.070479113842055,1.0781590938568115
source_pretrained_head_adapted,42.0,exp2_cellF,2,0.75,0.9042943898734698,0.91396564245224,4.36559603246958,4.412285232756223,1.0745110763335914,1.0781590938568115
source_pretrained_head_adapted,42.0,exp2_cellF,2,0.8333333333333334,0.8995338693582364,0.91396564245224,4.342614014991067,4.412285232756223,1.0785430388251278,1.0781590938568115
source_pretrained_head_adapted,42.0,exp2_cellF,2,0.9166666666666666,0.8930768140394663,0.91396564245224,4.3114417602511,4.412285232756223,1.0804146733474087,1.0781590938568115
source_pretrained_head_adapted,42.0,exp2_cellF,2,1.0,0.8916410271050312,0.91396564245224,4.30451031644847,4.412285232756223,1.082286307869689,1.0781590938568115
source_pretrained_head_adapted,42.0,exp3_cellA,3,0.6,0.873949597840415,0.91396564245224,4.2743657571259615,4.470078657786444,1.1336774373714231,1.0781590938568115
source_pretrained_head_adapted,42.0,exp3_cellA,3,0.7,0.8595327928385645,0.91396564245224,4.203855171870993,4.470078657786444,1.1831843398251038,1.0781590938568115
source_pretrained_head_adapted,42.0,exp3_cellA,3,0.8,0.8376336737446474,0.91396564245224,4.096749630547367,4.470078657786444,1.232691242278785,1.0781590938568115
source_pretrained_head_adapted,42.0,exp3_cellA,3,0.9,0.7791267852597307,0.91396564245224,3.810600587955119,4.470078657786444,1.3508831141859985,1.0781590938568115
source_pretrained_head_adapted,42.0,exp3_cellA,3,1.0,0.7575357692124128,0.91396564245224,3.705001935719038,4.470078657786444,1.4690749860932122,1.0781590938568115
source_pretrained_head_adapted,42.0,exp3_cellB,3,0.6,0.8436353663923807,0.91396564245224,4.116083995859684,4.459224332605285,1.1659863773095838,1.0781590938568115
source_pretrained_head_adapted,42.0,exp3_cellB,3,0.7,0.8218953819738878,0.91396564245224,4.010014945770124,4.459224332605285,1.318438170555717,1.0781590938568115
source_pretrained_head_adapted,42.0,exp3_cellB,3,0.8,0.7394175881654729,0.91396564245224,3.607607056494019,4.459224332605285,1.47088996380185,1.0781590938568115
source_pretrained_head_adapted,42.0,exp3_cellB,3,0.9,0.7123684053550189,0.91396564245224,3.4756345089901144,4.459224332605285,1.4998609949574946,1.0781590938568115
source_pretrained_head_adapted,42.0,exp3_cellB,3,1.0,0.7738294336290892,0.91396564245224,3.775501922005038,4.459224332605285,1.528832026113139,1.0781590938568115
source_pretrained_head_adapted,42.0,exp3_cellC,3,0.6,0.8971296129961095,0.91396564245224,4.324958549151195,4.406123108290956,1.1023593275514205,1.0781590938568115
source_pretrained_head_adapted,42.0,exp3_cellC,3,0.7,0.88686539707305,0.91396564245224,4.275475946232187,4.406123108290956,1.1325279115772933,1.0781590938568115
source_pretrained_head_adapted,42.0,exp3_cellC,3,0.8,0.8684117953983999,0.91396564245224,4.186513257709548,4.406123108290956,1.1626964956031665,1.0781590938568115
source_pretrained_head_adapted,42.0,exp3_cellC,3,0.9,0.8524862852889896,0.91396564245224,4.109738207483236,4.406123108290956,1.4009633705973525,1.0781590938568115
source_pretrained_head_adapted,42.0,exp3_cellC,3,1.0,0.8263742910997344,0.91396564245224,3.983855290602311,4.406123108290956,1.6392302455915388,1.0781590938568115
source_pretrained_head_adapted,42.0,exp3_cellD,3,0.5454545454545454,0.8848983577362085,0.91396564245224,4.309725245858735,4.4512917994341334,1.1118191520181597,1.0781590938568115
source_pretrained_head_adapted,42.0,exp3_cellD,3,0.6363636363636364,0.887787311867856,0.91396564245224,4.323795334752494,4.4512917994341334,1.1253571792920565,1.0781590938568115
source_pretrained_head_adapted,42.0,exp3_cellD,3,0.7272727272727273,0.857549518588028,0.91396564245224,4.176528047003746,4.4512917994341334,1.1388952065659532,1.0781590938568115
source_pretrained_head_adapted,42.0,exp3_cellD,3,0.8181818181818182,0.8543504418842668,0.91396564245224,4.160947566473859,4.4512917994341334,1.1607064304892893,1.0781590938568115
source_pretrained_head_adapted,42.0,exp3_cellD,3,0.9090909090909092,0.8353594218833993,0.91396564245224,4.068455499303874,4.4512917994341334,1.1825176544126255,1.0781590938568115
source_pretrained_head_adapted,42.0,exp3_cellD,3,1.0,0.855786983777141,0.91396564245224,4.167943964205111,4.4512917994341334,1.1825176544126255,1.0781590938568115
source_pretrained_head_adapted,42.0,exp3_cellE,3,0.5454545454545454,0.8764127304458983,0.91396564245224,4.279353494087043,4.462717084807274,1.1102010880588071,1.0781590938568115
source_pretrained_head_adapted,42.0,exp3_cellE,3,0.6363636363636364,0.8880560096373777,0.91396564245224,4.336205369647247,4.462717084807274,1.1392512618921713,1.0781590938568115
source_pretrained_head_adapted,42.0,exp3_cellE,3,0.7272727272727273,0.8458131769523313,0.91396564245224,4.1299418052659815,4.462717084807274,1.1683014357255352,1.0781590938568115
source_pretrained_head_adapted,42.0,exp3_cellE,3,0.8181818181818182,0.8390560662996611,0.91396564245224,4.096948143630413,4.462717084807274,1.19957109054225,1.0781590938568115
source_pretrained_head_adapted,42.0,exp3_cellE,3,0.9090909090909092,0.8260574309036003,0.91396564245224,4.033478326422035,4.462717084807274,1.230840745358965,1.0781590938568115
source_pretrained_head_adapted,42.0,exp3_cellE,3,1.0,0.8534566359036194,0.91396564245224,4.167263333849283,4.462717084807274,1.230840745358965,1.0781590938568115
source_pretrained_head_adapted,42.0,exp3_cellF,3,0.5454545454545454,0.8960881611931472,0.91396564245224,4.394232365009932,4.481899862646508,1.0509728244971537,1.0781590938568115
source_pretrained_head_adapted,42.0,exp3_cellF,3,0.6363636363636364,0.8986372589960113,0.91396564245224,4.406732617275297,4.481899862646508,1.0565565302232416,1.0781590938568115
source_pretrained_head_adapted,42.0,exp3_cellF,3,0.7272727272727273,0.8858910640415816,0.91396564245224,4.344227894163116,4.481899862646508,1.0621402359493297,1.0781590938568115
source_pretrained_head_adapted,42.0,exp3_cellF,3,0.8181818181818182,0.8819147159986288,0.91396564245224,4.3247286997516845,4.481899862646508,1.0723233425722347,1.0781590938568115
source_pretrained_head_adapted,42.0,exp3_cellF,3,0.9090909090909092,0.8722484867937208,0.91396564245224,4.277327496321819,4.481899862646508,1.0825064491951395,1.0781590938568115
source_pretrained_head_adapted,42.0,exp3_cellF,3,1.0,0.8792906733199577,0.91396564245224,4.31186093320243,4.481899862646508,1.0825064491951395,1.0781590938568115
source_pretrained_head_adapted,42.0,exp3_cellG,3,0.5454545454545454,0.9130515923888205,0.91396564245224,4.446549073970472,4.451000485585041,1.1117924779760167,1.0781590938568115
source_pretrained_head_adapted,42.0,exp3_cellG,3,0.6363636363636364,0.9036316373179148,0.91396564245224,4.400674018446181,4.451000485585041,1.137557999044256,1.0781590938568115
source_pretrained_head_adapted,42.0,exp3_cellG,3,0.7272727272727273,0.8821256532598138,0.91396564245224,4.295940162993191,4.451000485585041,1.1633235201124954,1.0781590938568115
source_pretrained_head_adapted,42.0,exp3_cellG,3,0.8181818181818182,0.8846423550385656,0.91396564245224,4.308196467080554,4.451000485585041,1.2051773476963223,1.0781590938568115
source_pretrained_head_adapted,42.0,exp3_cellG,3,0.9090909090909092,0.8614075712479565,0.91396564245224,4.195043379994058,4.451000485585041,1.247031175280149,1.0781590938568115
source_pretrained_head_adapted,42.0,exp3_cellG,3,1.0,0.8355233939574123,0.91396564245224,4.068987781908266,4.451000485585041,1.247031175280149,1.0781590938568115
source_pretrained_head_adapted,42.0,exp3_cellH,3,0.5833333333333334,0.9101151599695884,0.91396564245224,4.405421300679533,4.424059598658806,1.152916864042138,1.0781590938568115
source_pretrained_head_adapted,42.0,exp3_cellH,3,0.6666666666666666,0.8958425179469541,0.91396564245224,4.336334437885612,4.424059598658806,1.1742413337529805,1.0781590938568115
source_pretrained_head_adapted,42.0,exp3_cellH,3,0.75,0.8921058581696183,0.91396564245224,4.318247099820594,4.424059598658806,1.2052971567773032,1.0781590938568115
source_pretrained_head_adapted,42.0,exp3_cellH,3,0.8333333333333334,0.8780266203909394,0.91396564245224,4.250096412154215,4.424059598658806,1.2363529798016262,1.0781590938568115
source_pretrained_head_adapted,42.0,exp3_cellH,3,0.9166666666666666,0.856822653409808,0.91396564245224,4.147458403354644,4.424059598658806,1.2531625041290193,1.0781590938568115
source_pretrained_head_adapted,42.0,exp3_cellH,3,1.0,0.8550103327900257,0.91396564245224,4.1386858477339725,4.424059598658806,1.2699720284564129,1.0781590938568115
source_pretrained_head_adapted,42.0,exp3_cellI,3,0.5833333333333334,0.9065722790690582,0.91396564245224,4.392877937974479,4.428703148653498,1.1542619400491336,1.0781590938568115
source_pretrained_head_adapted,42.0,exp3_cellI,3,0.6666666666666666,0.8895981239088468,0.91396564245224,4.310628134576985,4.428703148653498,1.1765678882144186,1.0781590938568115
source_pretrained_head_adapted,42.0,exp3_cellI,3,0.75,0.8910378061334746,0.91396564245224,4.317604244952602,4.428703148653498,1.2131443205798447,1.0781590938568115
source_pretrained_head_adapted,42.0,exp3_cellI,3,0.8333333333333334,0.876207266900275,0.91396564245224,4.245741526325592,4.428703148653498,1.2497207529452707,1.0781590938568115
source_pretrained_head_adapted,42.0,exp3_cellI,3,0.9166666666666666,0.848484709734731,0.91396564245224,4.111409369289189,4.428703148653498,1.27719374175336,1.0781590938568115
source_pretrained_head_adapted,42.0,exp3_cellI,3,1.0,0.8512971333711653,0.91396564245224,4.125037222280036,4.428703148653498,1.3046667305614497,1.0781590938568115
source_pretrained_head_adapted,42.0,exp4_cellA,4,0.5555555555555556,0.911691872614689,0.91396564245224,4.472674533016423,4.483829433868164,1.067734335942842,1.0781590938568115
source_pretrained_head_adapted,42.0,exp4_cellA,4,0.6666666666666666,0.9027280630329916,0.91396564245224,4.428698926740714,4.483829433868164,1.1125671748506414,1.0781590938568115
source_pretrained_head_adapted,42.0,exp4_cellA,4,0.7777777777777778,0.8975989791621065,0.91396564245224,4.403536123938469,4.483829433868164,1.1173135353886186,1.0781590938568115
source_pretrained_head_adapted,42.0,exp4_cellA,4,0.8888888888888888,0.888880028710196,0.91396564245224,4.360761773511224,4.483829433868164,1.122059895926596,1.0781590938568115
source_pretrained_head_adapted,42.0,exp4_cellA,4,1.0,0.8816852587888638,0.91396564245224,4.325464909335212,4.483829433868164,1.122059895926596,1.0781590938568115
source_pretrained_head_adapted,42.0,exp4_cellB,4,0.5555555555555556,0.8965273433264614,0.91396564245224,4.353698434041002,4.438381958934447,1.0712715811958393,1.0781590938568115
source_pretrained_head_adapted,42.0,exp4_cellB,4,0.6666666666666666,0.8473381548652769,0.91396564245224,4.114826865461052,4.438381958934447,1.1095998862805168,1.0781590938568115
source_pretrained_head_adapted,42.0,exp4_cellB,4,0.7777777777777778,0.7966265675802644,0.91396564245224,3.8685622536854622,4.438381958934447,1.1835435772385512,1.0781590938568115
source_pretrained_head_adapted,42.0,exp4_cellB,4,0.8888888888888888,0.733695243755318,0.91396564245224,3.562956397903964,4.438381958934447,1.2574872681965856,1.0781590938568115
source_pretrained_head_adapted,42.0,exp4_cellB,4,1.0,0.6260958680860047,0.91396564245224,3.0404344281700237,4.438381958934447,1.2574872681965856,1.0781590938568115
source_pretrained_head_adapted,42.0,exp4_cellC,4,0.5555555555555556,0.896165286677176,0.91396564245224,4.370752838666638,4.457568247263427,1.262270345598159,1.0781590938568115
source_pretrained_head_adapted,42.0,exp4_cellC,4,0.6666666666666666,0.856391265128893,0.91396564245224,4.176768068031387,4.457568247263427,1.0993217703645564,1.0781590938568115
source_pretrained_head_adapted,42.0,exp4_cellC,4,0.7777777777777778,0.8005060665908709,0.91396564245224,3.9042063053958542,4.457568247263427,1.2222356651812845,1.0781590938568115
source_pretrained_head_adapted,42.0,exp4_cellC,4,0.8888888888888888,0.6967940421631312,0.91396564245224,3.398384854921955,4.457568247263427,1.3451495599980128,1.0781590938568115
source_pretrained_head_adapted,42.0,exp4_cellC,4,1.0,0.607383466208973,0.91396564245224,2.962314037999953,4.457568247263427,1.3451495599980128,1.0781590938568115
source_pretrained_head_adapted,42.0,exp4_cellD,4,0.5555555555555556,0.9022812448120208,0.91396564245224,4.372488325204205,4.429111348859701,1.0643641147474425,1.0781590938568115
source_pretrained_head_adapted,42.0,exp4_cellD,4,0.6666666666666666,0.8923975704406814,0.91396564245224,4.3245916731932175,4.429111348859701,1.0742102663696715,1.0781590938568115
source_pretrained_head_adapted,42.0,exp4_cellD,4,0.7777777777777778,0.8835104800098998,0.91396564245224,4.281524503863191,4.429111348859701,1.0741775775599118,1.0781590938568115
source_pretrained_head_adapted,42.0,exp4_cellD,4,0.8888888888888888,0.875958910819128,0.91396564245224,4.244929319918632,4.429111348859701,1.0741448887501521,1.0781590938568115
source_pretrained_head_adapted,42.0,exp4_cellD,4,1.0,0.8644348045140147,0.91396564245224,4.18908307400889,4.429111348859701,1.0741448887501521,1.0781590938568115
source_pretrained_head_adapted,42.0,exp4_cellE,4,0.5555555555555556,0.9031626739282209,0.91396564245224,4.380760041797061,4.433159475707431,1.0669487385914673,1.0781590938568115
source_pretrained_head_adapted,42.0,exp4_cellE,4,0.6666666666666666,0.8936768436122088,0.91396564245224,4.334749342272785,4.433159475707431,1.0718064659333733,1.0781590938568115
source_pretrained_head_adapted,42.0,exp4_cellE,4,0.7777777777777778,0.8845789877852711,0.91396564245224,4.290620499902306,4.433159475707431,1.0895330986657066,1.0781590938568115
source_pretrained_head_adapted,42.0,exp4_cellE,4,0.8888888888888888,0.8769456365435554,0.91396564245224,4.253595187552686,4.433159475707431,1.1072597313980397,1.0781590938568115
source_pretrained_head_adapted,42.0,exp4_cellE,4,1.0,0.866417081765175,0.91396564245224,4.202526788246066,4.433159475707431,1.1072597313980397,1.0781590938568115
source_pretrained_head_adapted,42.0,exp4_cellF,4,0.5555555555555556,0.8809606852792798,0.91396564245224,4.27549648019382,4.435676815797791,1.1248434980139999,1.0781590938568115
source_pretrained_head_adapted,42.0,exp4_cellF,4,0.6666666666666666,0.8675851222355931,0.91396564245224,4.210581923086469,4.435676815797791,1.1481679921046537,1.0781590938568115
source_pretrained_head_adapted,42.0,exp4_cellF,4,0.7777777777777778,0.8544207557354694,0.91396564245224,4.146692349379309,4.435676815797791,1.138748075171229,1.0781590938568115
source_pretrained_head_adapted,42.0,exp4_cellF,4,0.8888888888888888,0.8417297823861739,0.91396564245224,4.085100257028508,4.435676815797791,1.129328158237804,1.0781590938568115
source_pretrained_head_adapted,42.0,exp4_cellF,4,1.0,0.82925677614945,0.91396564245224,4.024566007142383,4.435676815797791,1.129328158237804,1.0781590938568115
source_pretrained_head_adapted,42.0,exp4_cellG,4,0.5555555555555556,0.8780279430687331,0.91396564245224,4.248364841997807,4.422250490818468,1.1238179341122128,1.0781590938568115
source_pretrained_head_adapted,42.0,exp4_cellG,4,0.6666666666666666,0.8647319796128923,0.91396564245224,4.184031919415798,4.422250490818468,1.1471082309620073,1.0781590938568115
source_pretrained_head_adapted,42.0,exp4_cellG,4,0.7777777777777778,0.8502466450778778,0.91396564245224,4.113944188781564,4.422250490818468,1.1465147414639307,1.0781590938568115
source_pretrained_head_adapted,42.0,exp4_cellG,4,0.8888888888888888,0.8388371519855474,0.91396564245224,4.058739010289107,4.422250490818468,1.1459212519658541,1.0781590938568115
source_pretrained_head_adapted,42.0,exp4_cellG,4,1.0,0.823557638651194,0.91396564245224,3.984808621438804,4.422250490818468,1.1459212519658541,1.0781590938568115
source_pretrained_head_adapted,42.0,exp4_cellH,4,0.5555555555555556,0.8799346262856523,0.91396564245224,4.2794830399062285,4.444989831166889,1.1203208313975448,1.0781590938568115
source_pretrained_head_adapted,42.0,exp4_cellH,4,0.6666666666666666,0.8664328187037518,0.91396564245224,4.21381821114648,4.444989831166889,1.1454743242688907,1.0781590938568115
source_pretrained_head_adapted,42.0,exp4_cellH,4,0.7777777777777778,0.8527671069811423,0.91396564245224,4.147356249316409,4.444989831166889,1.1762497763661797,1.0781590938568115
source_pretrained_head_adapted,42.0,exp4_cellH,4,0.8888888888888888,0.8397879246540428,0.91396564245224,4.084233161553476,4.444989831166889,1.2070252284634688,1.0781590938568115
source_pretrained_head_adapted,42.0,exp4_cellH,4,1.0,0.827136982019207,0.91396564245224,4.022706438059098,4.444989831166889,1.2070252284634688,1.0781590938568115
source_pretrained_head_adapted,42.0,exp5_cellA,5,0.5333333333333333,0.8044691536942838,0.91396564245224,3.924912141,4.459132870470371,1.2063797378032324,1.0781590938568115
source_pretrained_head_adapted,42.0,exp5_cellA,5,0.6,0.7915716013752708,0.91396564245224,3.861986472,4.459132870470371,1.2350145971619613,1.0781590938568115
source_pretrained_head_adapted,42.0,exp5_cellA,5,0.6666666666666666,0.7817580260973462,0.91396564245224,3.814107171,4.459132870470371,1.2636494565206902,1.0781590938568115
source_pretrained_head_adapted,42.0,exp5_cellA,5,0.7333333333333333,0.7690068432998406,0.91396564245224,3.751895622,4.459132870470371,1.2998531789224779,1.0781590938568115
source_pretrained_head_adapted,42.0,exp5_cellA,5,0.8,0.7560403342356591,0.91396564245224,3.688633521,4.459132870470371,1.336056901324266,1.0781590938568115
source_pretrained_head_adapted,42.0,exp5_cellA,5,0.8666666666666667,0.7455051429921409,0.91396564245224,3.637233539,4.459132870470371,1.3523752966828282,1.0781590938568115
source_pretrained_head_adapted,42.0,exp5_cellA,5,0.9333333333333332,0.730968649254188,0.91396564245224,3.566311664,4.459132870470371,1.3686936920413904,1.0781590938568115
source_pretrained_head_adapted,42.0,exp5_cellA,5,1.0,0.7223409558959908,0.91396564245224,3.524218144,4.459132870470371,1.3686936920413904,1.0781590938568115
source_pretrained_head_adapted,42.0,exp5_cellB,5,0.5333333333333333,0.8143553276793362,0.91396564245224,3.959118123,4.443389532605644,1.191444056407467,1.0781590938568115
source_pretrained_head_adapted,42.0,exp5_cellB,5,0.6,0.8065707255620619,0.91396564245224,3.92127204,4.443389532605644,1.2036275403487529,1.0781590938568115
source_pretrained_head_adapted,42.0,exp5_cellB,5,0.6666666666666666,0.8007887687293093,0.91396564245224,3.893162136,4.443389532605644,1.2158110242900386,1.0781590938568115
source_pretrained_head_adapted,42.0,exp5_cellB,5,0.7333333333333333,0.7934484824068493,0.91396564245224,3.857476165,4.443389532605644,1.2290721055376792,1.0781590938568115
source_pretrained_head_adapted,42.0,exp5_cellB,5,0.8,0.7866488837091813,0.91396564245224,3.824418833,4.443389532605644,1.2423331867853196,1.0781590938568115
source_pretrained_head_adapted,42.0,exp5_cellB,5,0.8666666666666667,0.7825607629831625,0.91396564245224,3.804543783,4.443389532605644,1.2620825999439529,1.0781590938568115
source_pretrained_head_adapted,42.0,exp5_cellB,5,0.9333333333333332,0.7757626314800493,0.91396564245224,3.771493584,4.443389532605644,1.281832013102586,1.0781590938568115
source_pretrained_head_adapted,42.0,exp5_cellB,5,1.0,0.7725232717995762,0.91396564245224,3.755744921,4.443389532605644,1.281832013102586,1.0781590938568115
source_pretrained_head_adapted,42.0,exp5_cellC,5,0.5333333333333333,0.8214546359438883,0.91396564245224,4.012352958,4.464218215519463,1.1912918944993611,1.0781590938568115
source_pretrained_head_adapted,42.0,exp5_cellC,5,0.6,0.8140619179825401,0.91396564245224,3.976243607,4.464218215519463,1.1932901956847763,1.0781590938568115
source_pretrained_head_adapted,42.0,exp5_cellC,5,0.6666666666666666,0.8081618464949624,0.91396564245224,3.947425011,4.464218215519463,1.1952884968701913,1.0781590938568115
source_pretrained_head_adapted,42.0,exp5_cellC,5,0.7333333333333333,0.8007939995087437,0.91396564245224,3.911437141,4.464218215519463,1.215425593808408,1.0781590938568115
source_pretrained_head_adapted,42.0,exp5_cellC,5,0.8,0.7932565004152995,0.91396564245224,3.874620614,4.464218215519463,1.2355626907466244,1.0781590938568115
source_pretrained_head_adapted,42.0,exp5_cellC,5,0.8666666666666667,0.7884116982953278,0.91396564245224,3.850956427,4.464218215519463,1.2535908385505172,1.0781590938568115
source_pretrained_head_adapted,42.0,exp5_cellC,5,0.9333333333333332,0.7817976432498098,0.91396564245224,3.818650415,4.464218215519463,1.2716189863544103,1.0781590938568115
source_pretrained_head_adapted,42.0,exp5_cellC,5,1.0,0.7777849401692979,0.91396564245224,3.799050573,4.464218215519463,1.2716189863544103,1.0781590938568115
source_pretrained_head_adapted,42.0,exp5_cellD,5,0.5333333333333333,0.862591076376204,0.91396564245224,4.192222457,4.441904624507906,1.1210099277230234,1.0781590938568115
source_pretrained_head_adapted,42.0,exp5_cellD,5,0.6,0.8552786413642833,0.91396564245224,4.15668377,4.441904624507906,1.1303166616459792,1.0781590938568115
source_pretrained_head_adapted,42.0,exp5_cellD,5,0.6666666666666666,0.8493641208923439,0.91396564245224,4.127938996,4.441904624507906,1.139623395568935,1.0781590938568115
source_pretrained_head_adapted,42.0,exp5_cellD,5,0.7333333333333333,0.8407250784462886,0.91396564245224,4.085952951,4.441904624507906,1.145763977123925,1.0781590938568115
source_pretrained_head_adapted,42.0,exp5_cellD,5,0.8,0.8330016712553935,0.91396564245224,4.048416925,4.441904624507906,1.1519045586789147,1.0781590938568115
source_pretrained_head_adapted,42.0,exp5_cellD,5,0.8666666666666667,0.8255998395543926,0.91396564245224,4.012443767000001,4.441904624507906,1.1733459434437157,1.0781590938568115
source_pretrained_head_adapted,42.0,exp5_cellD,5,0.9333333333333332,0.8173156266826287,0.91396564245224,3.972182206,4.441904624507906,1.1947873282085169,1.0781590938568115
source_pretrained_head_adapted,42.0,exp5_cellD,5,1.0,0.8103250072823504,0.91396564245224,3.938207554,4.441904624507906,1.1947873282085169,1.0781590938568115
source_pretrained_head_adapted,42.0,exp5_cellE,5,0.5333333333333333,0.8656172401950055,0.91396564245224,4.211511139000001,4.446741937560949,1.1208975213605896,1.0781590938568115
source_pretrained_head_adapted,42.0,exp5_cellE,5,0.6,0.8583629495272422,0.91396564245224,4.176216641,4.446741937560949,1.1205962447236646,1.0781590938568115
source_pretrained_head_adapted,42.0,exp5_cellE,5,0.6666666666666666,0.851483072523713,0.91396564245224,4.142743788,4.446741937560949,1.1202949680867398,1.0781590938568115
source_pretrained_head_adapted,42.0,exp5_cellE,5,0.7333333333333333,0.8441469335073652,0.91396564245224,4.107051071,4.446741937560949,1.1287087838725094,1.0781590938568115
source_pretrained_head_adapted,42.0,exp5_cellE,5,0.8,0.8366904562340003,0.91396564245224,4.070772869,4.446741937560949,1.1371225996582792,1.0781590938568115
source_pretrained_head_adapted,42.0,exp5_cellE,5,0.8666666666666667,0.8299388540553875,0.91396564245224,4.037924115,4.446741937560949,1.1538529249624887,1.0781590938568115
source_pretrained_head_adapted,42.0,exp5_cellE,5,0.9333333333333332,0.8222797423134317,0.91396564245224,4.00066003,4.446741937560949,1.1705832502666982,1.0781590938568115
source_pretrained_head_adapted,42.0,exp5_cellE,5,1.0,0.8160525188402225,0.91396564245224,3.97036255,4.446741937560949,1.1705832502666982,1.0781590938568115
source_pretrained_head_adapted,42.0,exp5_cellF,5,0.5333333333333333,0.8522315864914315,0.91396564245224,4.121763642,4.420336461132434,1.1883123049065991,1.0781590938568115
source_pretrained_head_adapted,42.0,exp5_cellF,5,0.6,0.8423039313668911,0.91396564245224,4.073749171999999,4.420336461132434,1.2087664381431986,1.0781590938568115
source_pretrained_head_adapted,42.0,exp5_cellF,5,0.6666666666666666,0.8322107221075873,0.91396564245224,4.02493401,4.420336461132434,1.2292205713797981,1.0781590938568115
source_pretrained_head_adapted,42.0,exp5_cellF,5,0.7333333333333333,0.8210154999509715,0.91396564245224,3.970789033,4.420336461132434,1.2371509847644246,1.0781590938568115
source_pretrained_head_adapted,42.0,exp5_cellF,5,0.8,0.8096480195495653,0.91396564245224,3.91581094,4.420336461132434,1.2450813981490514,1.0781590938568115
source_pretrained_head_adapted,42.0,exp5_cellF,5,0.8666666666666667,0.7985219847016456,0.91396564245224,3.862000583,4.420336461132434,1.284781990745257,1.0781590938568115
source_pretrained_head_adapted,42.0,exp5_cellF,5,0.9333333333333332,0.7866654996007033,0.91396564245224,3.80465745,4.420336461132434,1.3244825833414624,1.0781590938568115
source_pretrained_head_adapted,42.0,exp5_cellF,5,1.0,0.7678683443349683,0.91396564245224,3.713746209,4.420336461132434,1.3244825833414624,1.0781590938568115
source_pretrained_head_adapted,42.0,exp5_cellG,5,0.5333333333333333,0.8498714817160511,0.91396564245224,4.123182213,4.434137350559154,1.2228939135477763,1.0781590938568115
source_pretrained_head_adapted,42.0,exp5_cellG,5,0.6,0.8400058427597255,0.91396564245224,4.075318709,4.434137350559154,1.236867862376435,1.0781590938568115
source_pretrained_head_adapted,42.0,exp5_cellG,5,0.6666666666666666,0.8299328251567766,0.91396564245224,4.0264491,4.434137350559154,1.250841811205094,1.0781590938568115
source_pretrained_head_adapted,42.0,exp5_cellG,5,0.7333333333333333,0.8194936798065443,0.91396564245224,3.975803209,4.434137350559154,1.2541946824482297,1.0781590938568115
source_pretrained_head_adapted,42.0,exp5_cellG,5,0.8,0.8085936348705501,0.91396564245224,3.922921247,4.434137350559154,1.2575475536913652,1.0781590938568115
source_pretrained_head_adapted,42.0,exp5_cellG,5,0.8666666666666667,0.7978404378562369,0.91396564245224,3.870751723,4.434137350559154,1.316380148152523,1.0781590938568115
source_pretrained_head_adapted,42.0,exp5_cellG,5,0.9333333333333332,0.7855218228441083,0.91396564245224,3.810987517,4.434137350559154,1.3752127426136804,1.0781590938568115
source_pretrained_head_adapted,42.0,exp5_cellG,5,1.0,0.7696642878933628,0.91396564245224,3.734054113,4.434137350559154,1.3752127426136804,1.0781590938568115
source_pretrained_head_adapted,42.0,exp5_cellH,5,0.5333333333333333,0.8526440302059033,0.91396564245224,4.133824681,4.431126702948601,1.1977016713887478,1.0781590938568115
source_pretrained_head_adapted,42.0,exp5_cellH,5,0.6,0.8431704595629644,0.91396564245224,4.0878945170000005,4.431126702948601,1.2144315202885887,1.0781590938568115
source_pretrained_head_adapted,42.0,exp5_cellH,5,0.6666666666666666,0.8318238318782536,0.91396564245224,4.032883319,4.431126702948601,1.2311613691884293,1.0781590938568115
source_pretrained_head_adapted,42.0,exp5_cellH,5,0.7333333333333333,0.8228976751117055,0.91396564245224,3.98960715,4.431126702948601,1.2292285687011615,1.0781590938568115
source_pretrained_head_adapted,42.0,exp5_cellH,5,0.8,0.8125378294201961,0.91396564245224,3.93938011,4.431126702948601,1.2272957682138939,1.0781590938568115
source_pretrained_head_adapted,42.0,exp5_cellH,5,0.8666666666666667,0.8025090494980701,0.91396564245224,3.890758157,4.431126702948601,1.2802798968420732,1.0781590938568115
source_pretrained_head_adapted,42.0,exp5_cellH,5,0.9333333333333332,0.7914666613646212,0.91396564245224,3.837221986,4.431126702948601,1.333264025470253,1.0781590938568115
source_pretrained_head_adapted,42.0,exp5_cellH,5,1.0,0.7759335636988509,0.91396564245224,3.761913768,4.431126702948601,1.333264025470253,1.0781590938568115
target_only_LSTM_from_scratch,42.0,exp1_cellA,1,0.5714285714285714,0.8549561721374236,0.8530658483505249,4.161854263183007,4.1526523270280435,1.1526787381402472,1.1360125541687012
target_only_LSTM_from_scratch,42.0,exp1_cellA,1,0.6428571428571429,0.8339231857086502,0.8424743413925171,4.059467465954306,4.101093767860601,1.1764673298760704,1.1556342840194702
target_only_LSTM_from_scratch,42.0,exp1_cellA,1,0.7142857142857143,0.818224933858435,0.8330968022346497,3.983049705001716,4.055444701166615,1.2002559216118935,1.175883412361145
target_only_LSTM_from_scratch,42.0,exp1_cellA,1,0.7857142857142857,0.7639284558682716,0.8252720236778259,3.718739047024665,4.017354341617816,1.3340435794062142,1.1908833980560303
target_only_LSTM_from_scratch,42.0,exp1_cellA,1,0.8571428571428571,0.7250005917778434,0.8199904561042786,3.52924150036526,3.991644117820842,1.4678312372005347,1.2022687196731567
target_only_LSTM_from_scratch,42.0,exp1_cellA,1,0.9285714285714286,0.6434004407516708,0.816988468170166,3.132018873647892,3.9770306947135787,1.6131902334747197,1.2108287811279297
target_only_LSTM_from_scratch,42.0,exp1_cellA,1,1.0,0.5856790719679541,0.8155309557914734,2.8510361372478603,3.9699356478508387,1.7585492297489045,1.2164493799209595
target_only_LSTM_from_scratch,42.0,exp1_cellB,1,0.5714285714285714,0.8593055242284461,0.8608697652816772,4.176906007468412,4.184509458939572,1.1371669739008392,1.1224009990692139
target_only_LSTM_from_scratch,42.0,exp1_cellB,1,0.6428571428571429,0.8383723891509776,0.8496934175491333,4.075154377582485,4.1301835496216555,1.1910745065479214,1.1403224468231201
target_only_LSTM_from_scratch,42.0,exp1_cellB,1,0.7142857142857143,0.7994437874381211,0.8399567008018494,3.885930515088674,4.082855388067865,1.244982039195004,1.1631938219070435
target_only_LSTM_from_scratch,42.0,exp1_cellB,1,0.7857142857142857,0.7144807798517927,0.8314396142959595,3.47294294920684,4.041455596271435,1.404277943400622,1.1811736822128296
target_only_LSTM_from_scratch,42.0,exp1_cellB,1,0.8571428571428571,0.6308130172936719,0.8249346017837524,3.066251300885086,4.009836079027798,1.5635738476062404,1.194267749786377
target_only_LSTM_from_scratch,42.0,exp1_cellB,1,0.9285714285714286,0.5586363849136401,0.820848286151886,2.71541565409033,3.9899733458905,1.7772623308717677,1.2043235301971436
target_only_LSTM_from_scratch,42.0,exp1_cellB,1,1.0,0.492781344774241,0.8185853958129883,2.395307956624624,3.9789739050812827,1.9909508141372947,1.211478352546692
target_only_LSTM_from_scratch,42.0,exp1_cellD,1,0.5384615384615384,0.8181553504521012,0.8115110397338867,4.002078276099845,3.9695770505436845,1.1916693068263018,1.1955392360687256
target_only_LSTM_from_scratch,42.0,exp1_cellD,1,0.6153846153846154,0.8129632683847705,0.8060147166252136,3.976680753688106,3.9426913065349325,1.2118230578580662,1.2100776433944702
target_only_LSTM_from_scratch,42.0,exp1_cellD,1,0.6923076923076923,0.8031377766449331,0.8034376502037048,3.928618503624872,3.9300853612998528,1.2083870831053638,1.2202365398406982
target_only_LSTM_from_scratch,42.0,exp1_cellD,1,0.7692307692307693,0.7984539437080421,0.8025279641151428,3.905707126176501,3.925635552432756,1.2049511083526614,1.2266207933425903
target_only_LSTM_from_scratch,42.0,exp1_cellD,1,0.8461538461538461,0.7884549637044503,0.8024762868881226,3.856796243135256,3.9253827687682445,1.2043092563409348,1.2306833267211914
target_only_LSTM_from_scratch,42.0,exp1_cellD,1,0.9230769230769232,0.7820982650781715,0.8029603958129883,3.825701897219304,3.9277508298099533,1.2036674043292082,1.232927918434143
target_only_LSTM_from_scratch,42.0,exp1_cellD,1,1.0,0.7696990653997923,0.8037274479866028,3.765050130233432,3.931502932438093,1.2036674043292082,1.2342443466186523
target_only_LSTM_from_scratch,42.0,exp1_cellE,1,0.5714285714285714,0.7961913353698228,0.803016185760498,3.865615255227751,3.89875081525314,1.2205143504053828,1.2144452333450317
target_only_LSTM_from_scratch,42.0,exp1_cellE,1,0.6428571428571429,0.7814493934456567,0.8011002540588379,3.794041158572619,3.88944871099139,1.2289631743676406,1.2229511737823486
target_only_LSTM_from_scratch,42.0,exp1_cellE,1,0.7142857142857143,0.7731770269753371,0.8005318641662598,3.7538777146817752,3.8866891021611245,1.2374119983298986,1.228721022605896
target_only_LSTM_from_scratch,42.0,exp1_cellE,1,0.7857142857142857,0.7562960683651517,0.8006829619407654,3.671918406375449,3.8874227020336836,1.2766134133528204,1.2322170734405518
target_only_LSTM_from_scratch,42.0,exp1_cellE,1,0.8571428571428571,0.7375311809904169,0.8012132048606873,3.580812372340662,3.8899971022176225,1.3158148283757425,1.2343887090682983
target_only_LSTM_from_scratch,42.0,exp1_cellE,1,0.9285714285714286,0.6725044310535847,0.8019786477088928,3.265098817838162,3.893713429461568,1.5495855177442008,1.2355881929397583
target_only_LSTM_from_scratch,42.0,exp1_cellE,1,1.0,0.5587558414481429,0.8028883337974548,2.712834225514765,3.8981300768994362,1.7833562071126594,1.2361987829208374
target_only_LSTM_from_scratch,42.0,exp1_cellF,1,0.5714285714285714,0.7914942251085741,0.8020833134651184,3.847663007702252,3.8991393700840207,1.2061693643987719,1.2163424491882324
target_only_LSTM_from_scratch,42.0,exp1_cellF,1,0.6428571428571429,0.765044545670987,0.80033940076828,3.7190841123557616,3.8906617486947215,1.2562988315510932,1.2238807678222656
target_only_LSTM_from_scratch,42.0,exp1_cellF,1,0.7142857142857143,0.7502677805201031,0.7999380230903625,3.6472503442233912,3.8887105455217243,1.3064282987034144,1.229201316833496
target_only_LSTM_from_scratch,42.0,exp1_cellF,1,0.7857142857142857,0.6973659111361276,0.8001844882965088,3.3900803492823703,3.889908678150228,1.5300580379135538,1.2326083183288574
target_only_LSTM_from_scratch,42.0,exp1_cellF,1,0.8571428571428571,0.5855959939675742,0.8007951378822327,2.8467371864129323,3.8928772074800992,1.7536877771236934,1.2346488237380981
target_only_LSTM_from_scratch,42.0,exp1_cellF,1,0.9285714285714286,0.5498386118680253,0.8015745282173157,2.672911083843661,3.8966660302734026,1.9363589350491521,1.2359658479690552
target_only_LSTM_from_scratch,42.0,exp1_cellF,1,1.0,0.44945260077179,0.8025399446487427,2.184908102731843,3.9013591751788126,2.119030092974611,1.2363861799240112
target_only_LSTM_from_scratch,42.0,exp1_cellJ,1,0.6,0.9283996811708648,0.9298443794250488,4.479245641129816,4.486215870104518,1.0461622608767824,1.0453366041183472
target_only_LSTM_from_scratch,42.0,exp1_cellJ,1,0.7,0.9084019156276106,0.9131768941879272,4.382762514348698,4.405800331289579,1.070007889842271,1.0574051141738892
target_only_LSTM_from_scratch,42.0,exp1_cellJ,1,0.8,0.8905796338743112,0.8952258825302124,4.296775434131507,4.319192168498869,1.0938535188077592,1.0729717016220093
target_only_LSTM_from_scratch,42.0,exp1_cellJ,1,0.9,0.8734456000301964,0.8804066181182861,4.214108940413596,4.2476937321377575,1.1120970413504792,1.0995289087295532
target_only_LSTM_from_scratch,42.0,exp1_cellJ,1,1.0,0.8612822153989198,0.8704755902290344,4.155424314927384,4.199779547883873,1.130340563893199,1.1124674081802368
target_only_LSTM_from_scratch,42.0,exp1_cellK,1,0.6,0.8068862227834716,0.8097405433654785,3.918879495398503,3.932742340104829,1.1758467449275036,1.1923575401306152
target_only_LSTM_from_scratch,42.0,exp1_cellK,1,0.7,0.7961825254601345,0.8052388429641724,3.866893851349858,3.9108785123445178,1.1973632239702936,1.208473563194275
target_only_LSTM_from_scratch,42.0,exp1_cellK,1,0.8,0.7877533102337295,0.8031396269798279,3.825954896413799,3.900683054490396,1.2188797030130838,1.2190927267074585
target_only_LSTM_from_scratch,42.0,exp1_cellK,1,0.9,0.7790779761794198,0.8024569749832153,3.7838205932354807,3.8973675549360856,1.2367410711453302,1.2255727052688599
target_only_LSTM_from_scratch,42.0,exp1_cellK,1,1.0,0.7717907926718258,0.8026012182235718,3.748428250150724,3.898068114520599,1.2546024392775765,1.2294212579727173
target_only_LSTM_from_scratch,42.0,exp1_cellL,1,0.6,0.8070037299410662,0.8098921179771423,3.911680712389937,3.9256812074947636,1.1585168241866015,1.1911405324935913
target_only_LSTM_from_scratch,42.0,exp1_cellL,1,0.7,0.7977274944560124,0.8052954077720642,3.866717262923449,3.903400191952291,1.1769333624986371,1.2078887224197388
target_only_LSTM_from_scratch,42.0,exp1_cellL,1,0.8,0.7902851473030869,0.80315101146698,3.830642973880033,3.8930059479666643,1.1953499008106725,1.2187738418579102
target_only_LSTM_from_scratch,42.0,exp1_cellL,1,0.9,0.7826036305284555,0.802438497543335,3.793409390075632,3.889552274992148,1.21332140108182,1.2253748178482056
target_only_LSTM_from_scratch,42.0,exp1_cellL,1,1.0,0.7761383115014312,0.8025591969490051,3.762070918146505,3.890137324998288,1.2312929013529677,1.229290246963501
target_only_LSTM_from_scratch,42.0,exp1_cellM,1,0.6,0.8094657288379769,0.8094494938850403,3.907895631767987,3.9078172535249034,1.1857881455883141,1.1934723854064941
target_only_LSTM_from_scratch,42.0,exp1_cellM,1,0.7,0.8010379454939867,0.8049871921539307,3.8672084271809,3.886274390348142,1.2026227698652867,1.20903742313385
target_only_LSTM_from_scratch,42.0,exp1_cellM,1,0.8,0.794506580500605,0.8029135465621948,3.83567665033377,3.876263354351087,1.2194573941422593,1.219404697418213
target_only_LSTM_from_scratch,42.0,exp1_cellM,1,0.9,0.7878186379024347,0.8022497296333313,3.803388956446564,3.873058614256255,1.2348615811671344,1.225768804550171
target_only_LSTM_from_scratch,42.0,exp1_cellM,1,1.0,0.7831291042673945,0.8023970723152161,3.780749075158803,3.873769947426267,1.2502657681920093,1.229593276977539
target_only_LSTM_from_scratch,42.0,exp2_cellA,2,0.5833333333333334,0.9249928121553804,0.9220962524414062,4.482643358757167,4.4686062289606285,1.0317597793434083,1.0479979515075684
target_only_LSTM_from_scratch,42.0,exp2_cellA,2,0.6666666666666666,0.9189006441015372,0.9096937775611877,4.453119868079051,4.408502116881728,1.0351754162063005,1.057131052017212
target_only_LSTM_from_scratch,42.0,exp2_cellA,2,0.75,0.9161023998591324,0.8963304162025452,4.439559188682886,4.343741415762973,1.0349482098005431,1.0719186067581177
target_only_LSTM_from_scratch,42.0,exp2_cellA,2,0.8333333333333334,0.9124277118108484,0.8839775919914246,4.42175114114059,4.283877917707409,1.034721003394786,1.0918550491333008
target_only_LSTM_from_scratch,42.0,exp2_cellA,2,0.9166666666666666,0.9109432059512895,0.875080406665802,4.414557020013442,4.240760924594133,1.0360149698349184,1.1054917573928833
target_only_LSTM_from_scratch,42.0,exp2_cellA,2,1.0,0.9107642676506382,0.868187427520752,4.413689860210143,4.207356592386825,1.037308936275051,1.117958426475525
target_only_LSTM_from_scratch,42.0,exp2_cellB,2,0.5833333333333334,0.9215232607161805,0.9186528325080872,4.461646432162857,4.447748968778735,1.0185466313375071,1.048080325126648
target_only_LSTM_from_scratch,42.0,exp2_cellB,2,0.6666666666666666,0.9108267995628626,0.9062496423721313,4.409858452655557,4.3876976913161165,1.028362923646641,1.0587495565414429
target_only_LSTM_from_scratch,42.0,exp2_cellB,2,0.75,0.9058028992907209,0.8926404118537903,4.385534740297691,4.321807249506271,1.0297177633062533,1.07503342628479
target_only_LSTM_from_scratch,42.0,exp2_cellB,2,0.8333333333333334,0.9001834664415093,0.8808068037033081,4.35832769779398,4.264513659821753,1.0310726029658654,1.09641695022583
target_only_LSTM_from_scratch,42.0,exp2_cellB,2,0.9166666666666666,0.8956699538478909,0.8724237680435181,4.336475078095385,4.223926359710491,1.0299008119149284,1.1091889142990112
target_only_LSTM_from_scratch,42.0,exp2_cellB,2,1.0,0.8959111069771764,0.865624725818634,4.337642644932543,4.1910081212048205,1.0287290208639914,1.123018503189087
target_only_LSTM_from_scratch,42.0,exp2_cellC,2,0.5833333333333334,0.9374129888404765,0.9333380460739136,4.529879087947729,4.510187662458021,1.0282826226508421,1.0541529655456543
target_only_LSTM_from_scratch,42.0,exp2_cellC,2,0.6666666666666666,0.9303869734073997,0.9238348603248596,4.495927136395126,4.464265232423452,1.0318308773780704,1.0596709251403809
target_only_LSTM_from_scratch,42.0,exp2_cellC,2,0.75,0.928262601289942,0.9121318459510803,4.485661491535869,4.407712527576351,1.0358076599085582,1.0699028968811035
target_only_LSTM_from_scratch,42.0,exp2_cellC,2,0.8333333333333334,0.9253155389115526,0.8998689651489258,4.471420344466575,4.348454369256626,1.0397844424390466,1.0820610523223877
target_only_LSTM_from_scratch,42.0,exp2_cellC,2,0.9166666666666666,0.9200752424845271,0.8883108496665955,4.446097557731145,4.292601862151668,1.0473832552450855,1.099974513053894
target_only_LSTM_from_scratch,42.0,exp2_cellC,2,1.0,0.9180942687374104,0.8800503015518188,4.4365248596165845,4.252684254218372,1.0549820680511246,1.1172667741775513
target_only_LSTM_from_scratch,42.0,exp2_cellD,2,0.5833333333333334,0.934022005775634,0.9347702860832214,4.505097731281088,4.508706935234773,1.0483765989649787,1.0542007684707642
target_only_LSTM_from_scratch,42.0,exp2_cellD,2,0.6666666666666666,0.9250959575914592,0.9249403476715088,4.462044442198849,4.461293883975382,1.059262296343421,1.0598704814910889
target_only_LSTM_from_scratch,42.0,exp2_cellD,2,0.75,0.9199823232382219,0.913061261177063,4.437379688712404,4.4039971122881045,1.061095264542489,1.0699063539505005
target_only_LSTM_from_scratch,42.0,exp2_cellD,2,0.8333333333333334,0.9145132805755902,0.9007227420806885,4.411000683143643,4.344484344875002,1.0629282327415572,1.0815662145614624
target_only_LSTM_from_scratch,42.0,exp2_cellD,2,0.9166666666666666,0.9105086329801314,0.8890966773033142,4.391684940382421,4.288407980797497,1.0721670635052118,1.0986398458480835
target_only_LSTM_from_scratch,42.0,exp2_cellD,2,1.0,0.9100229179493048,0.8806930780410767,4.389342175790265,4.2478746360403115,1.0814058942688665,1.1160670518875122
target_only_LSTM_from_scratch,42.0,exp2_cellE,2,0.5833333333333334,0.921390350630106,0.9186945557594299,4.466412726676465,4.453344940031355,1.0454157351444686,1.0786668062210083
target_only_LSTM_from_scratch,42.0,exp2_cellE,2,0.6666666666666666,0.9165428840789561,0.9085171222686768,4.442914774607194,4.404010129397712,1.0502823695220944,1.0931190252304077
target_only_LSTM_from_scratch,42.0,exp2_cellE,2,0.75,0.911727243647203,0.8977000713348389,4.419571098719151,4.351574791950384,1.0545276514730193,1.1097230911254883
target_only_LSTM_from_scratch,42.0,exp2_cellE,2,0.8333333333333334,0.9073976174354801,0.8886910676956177,4.39858336252182,4.307903910785441,1.058772933423944,1.1267977952957153
target_only_LSTM_from_scratch,42.0,exp2_cellE,2,0.9166666666666666,0.9031805240556576,0.8815598487854004,4.378141125929759,4.273335536072673,1.0621200206058443,1.1388081312179565
target_only_LSTM_from_scratch,42.0,exp2_cellE,2,1.0,0.8946822541703837,0.8763329982757568,4.336946011671876,4.247998531381076,1.0654671077877444,1.1448862552642822
target_only_LSTM_from_scratch,42.0,exp2_cellF,2,0.5833333333333334,0.9170734708438081,0.9123802781105042,4.427288669079348,4.404631685020215,1.0652078517860382,1.0883151292800903
target_only_LSTM_from_scratch,42.0,exp2_cellF,2,0.6666666666666666,0.9078142921608467,0.9014756083488464,4.382588807867206,4.351988006611965,1.070479113842055,1.1042704582214355
target_only_LSTM_from_scratch,42.0,exp2_cellF,2,0.75,0.9042943898734698,0.8915830850601196,4.36559603246958,4.30423059386674,1.0745110763335914,1.1210737228393555
target_only_LSTM_from_scratch,42.0,exp2_cellF,2,0.8333333333333334,0.8995338693582364,0.8832205533981323,4.342614014991067,4.263859410042321,1.0785430388251278,1.1375179290771484
target_only_LSTM_from_scratch,42.0,exp2_cellF,2,0.9166666666666666,0.8930768140394663,0.8770976066589355,4.3114417602511,4.23430010690941,1.0804146733474087,1.1451833248138428
target_only_LSTM_from_scratch,42.0,exp2_cellF,2,1.0,0.8916410271050312,0.8720832467079163,4.30451031644847,4.210092647311428,1.082286307869689,1.15089750289917
target_only_LSTM_from_scratch,42.0,exp3_cellA,3,0.6,0.873949597840415,0.8643182516098022,4.2743657571259615,4.2272601841903095,1.1336774373714231,1.1180671453475952
target_only_LSTM_from_scratch,42.0,exp3_cellA,3,0.7,0.8595327928385645,0.8542746305465698,4.203855171870993,4.178138232470997,1.1831843398251038,1.1305068731307983
target_only_LSTM_from_scratch,42.0,exp3_cellA,3,0.8,0.8376336737446474,0.8453707695007324,4.096749630547367,4.134590688248103,1.232691242278785,1.1495451927185059
target_only_LSTM_from_scratch,42.0,exp3_cellA,3,0.9,0.7791267852597307,0.837650716304779,3.810600587955119,4.09683298333524,1.3508831141859985,1.1667468547821045
target_only_LSTM_from_scratch,42.0,exp3_cellA,3,1.0,0.7575357692124128,0.8318018913269043,3.705001935719038,4.068227195007598,1.4690749860932122,1.1803447008132935
target_only_LSTM_from_scratch,42.0,exp3_cellB,3,0.6,0.8436353663923807,0.8632639646530151,4.116083995859684,4.2118516253122635,1.1659863773095838,1.1188695430755615
target_only_LSTM_from_scratch,42.0,exp3_cellB,3,0.7,0.8218953819738878,0.8532164096832275,4.010014945770124,4.162829758927601,1.318438170555717,1.1322171688079834
target_only_LSTM_from_scratch,42.0,exp3_cellB,3,0.8,0.7394175881654729,0.8443576097488403,3.607607056494019,4.119607810103451,1.47088996380185,1.1512902975082397
target_only_LSTM_from_scratch,42.0,exp3_cellB,3,0.9,0.7123684053550189,0.8367029428482056,3.4756345089901144,4.082260807857596,1.4998609949574946,1.1683964729309082
target_only_LSTM_from_scratch,42.0,exp3_cellB,3,1.0,0.7738294336290892,0.830988883972168,3.775501922005038,4.054382002359393,1.528832026113139,1.1818145513534546
target_only_LSTM_from_scratch,42.0,exp3_cellC,3,0.6,0.8971296129961095,0.8820017576217651,4.324958549151195,4.252028900543244,1.1023593275514205,1.0892853736877441
target_only_LSTM_from_scratch,42.0,exp3_cellC,3,0.7,0.88686539707305,0.8704914450645447,4.275475946232187,4.196539009253735,1.1325279115772933,1.1014013290405273
target_only_LSTM_from_scratch,42.0,exp3_cellC,3,0.8,0.8684117953983999,0.8614931106567383,4.186513257709548,4.153159075338509,1.1626964956031665,1.1169347763061523
target_only_LSTM_from_scratch,42.0,exp3_cellC,3,0.9,0.8524862852889896,0.8536074161529541,4.109738207483236,4.115143050266908,1.4009633705973525,1.1354246139526367
target_only_LSTM_from_scratch,42.0,exp3_cellC,3,1.0,0.8263742910997344,0.8468831777572632,3.983855290602311,4.082726271336994,1.6392302455915388,1.151689887046814
target_only_LSTM_from_scratch,42.0,exp3_cellD,3,0.5454545454545454,0.8848983577362085,0.8942207098007202,4.309725245858735,4.35512794741419,1.1118191520181597,1.1069434881210327
target_only_LSTM_from_scratch,42.0,exp3_cellD,3,0.6363636363636364,0.887787311867856,0.8797634840011597,4.323795334752494,4.284716842603416,1.1253571792920565,1.119528889656067
target_only_LSTM_from_scratch,42.0,exp3_cellD,3,0.7272727272727273,0.857549518588028,0.8692168593406677,4.176528047003746,4.233351559618601,1.1388952065659532,1.1318193674087524
target_only_LSTM_from_scratch,42.0,exp3_cellD,3,0.8181818181818182,0.8543504418842668,0.8607439398765564,4.160947566473859,4.192085854239708,1.1607064304892893,1.1442899703979492
target_only_LSTM_from_scratch,42.0,exp3_cellD,3,0.9090909090909092,0.8353594218833993,0.8536983728408813,4.068455499303874,4.157771791093836,1.1825176544126255,1.1564233303070068
target_only_LSTM_from_scratch,42.0,exp3_cellD,3,1.0,0.855786983777141,0.848171591758728,4.167943964205111,4.130854679371508,1.1825176544126255,1.1668500900268555
target_only_LSTM_from_scratch,42.0,exp3_cellE,3,0.5454545454545454,0.8764127304458983,0.8945591449737549,4.279353494087043,4.367958919039538,1.1102010880588071,1.0995839834213257
target_only_LSTM_from_scratch,42.0,exp3_cellE,3,0.6363636363636364,0.8880560096373777,0.8805991411209106,4.336205369647247,4.299794925991715,1.1392512618921713,1.1138252019882202
target_only_LSTM_from_scratch,42.0,exp3_cellE,3,0.7272727272727273,0.8458131769523313,0.8701578974723816,4.1299418052659815,4.248812357005965,1.1683014357255352,1.1277098655700684
target_only_LSTM_from_scratch,42.0,exp3_cellE,3,0.8181818181818182,0.8390560662996611,0.8617223501205444,4.096948143630413,4.207623214287494,1.19957109054225,1.140738844871521
target_only_LSTM_from_scratch,42.0,exp3_cellE,3,0.9090909090909092,0.8260574309036003,0.8545928597450256,4.033478326422035,4.172811294640899,1.230840745358965,1.1535898447036743
target_only_LSTM_from_scratch,42.0,exp3_cellE,3,1.0,0.8534566359036194,0.8489393591880798,4.167263333849283,4.145206347198065,1.230840745358965,1.1644001007080078
target_only_LSTM_from_scratch,42.0,exp3_cellF,3,0.5454545454545454,0.8960881611931472,0.8980951309204102,4.394232365009932,4.404074132497845,1.0509728244971537,1.0993915796279907
target_only_LSTM_from_scratch,42.0,exp3_cellF,3,0.6363636363636364,0.8986372589960113,0.8838374018669128,4.406732617275297,4.334157156499637,1.0565565302232416,1.1095017194747925
target_only_LSTM_from_scratch,42.0,exp3_cellF,3,0.7272727272727273,0.8858910640415816,0.8727155327796936,4.344227894163116,4.279617793946973,1.0621402359493297,1.123498797416687
target_only_LSTM_from_scratch,42.0,exp3_cellF,3,0.8181818181818182,0.8819147159986288,0.8640978932380676,4.3247286997516845,4.2373586589380015,1.0723233425722347,1.1366089582443237
target_only_LSTM_from_scratch,42.0,exp3_cellF,3,0.9090909090909092,0.8722484867937208,0.8568173050880432,4.277327496321819,4.201656149441004,1.0825064491951395,1.1498157978057861
target_only_LSTM_from_scratch,42.0,exp3_cellF,3,1.0,0.8792906733199577,0.8510012030601501,4.31186093320243,4.173135179210645,1.0825064491951395,1.1606347560882568
target_only_LSTM_from_scratch,42.0,exp3_cellG,3,0.5454545454545454,0.9130515923888205,0.9180132746696472,4.446549073970472,4.470712400484611,1.1117924779760167,1.0926154851913452
target_only_LSTM_from_scratch,42.0,exp3_cellG,3,0.6363636363636364,0.9036316373179148,0.9066205620765686,4.400674018446181,4.41523004214577,1.137557999044256,1.103477954864502
target_only_LSTM_from_scratch,42.0,exp3_cellG,3,0.7272727272727273,0.8821256532598138,0.8957105278968811,4.295940162993191,4.3620983212407625,1.1633235201124954,1.1177048683166504
target_only_LSTM_from_scratch,42.0,exp3_cellG,3,0.8181818181818182,0.8846423550385656,0.8867697715759277,4.308196467080554,4.31855695723578,1.2051773476963223,1.1326839923858643
target_only_LSTM_from_scratch,42.0,exp3_cellG,3,0.9090909090909092,0.8614075712479565,0.8797515630722046,4.195043379994058,4.28437837545212,1.247031175280149,1.1423484086990356
target_only_LSTM_from_scratch,42.0,exp3_cellG,3,1.0,0.8355233939574123,0.8744730353355408,4.068987781908266,4.258672015795069,1.247031175280149,1.1477125883102417
target_only_LSTM_from_scratch,42.0,exp3_cellH,3,0.5833333333333334,0.9101151599695884,0.9050873517990112,4.405421300679533,4.38108414623511,1.152916864042138,1.1134862899780273
target_only_LSTM_from_scratch,42.0,exp3_cellH,3,0.6666666666666666,0.8958425179469541,0.8937197327613831,4.336334437885612,4.32605907550884,1.1742413337529805,1.1281371116638184
target_only_LSTM_from_scratch,42.0,exp3_cellH,3,0.75,0.8921058581696183,0.8845174908638,4.318247099820594,4.281515533930022,1.2052971567773032,1.141927719116211
target_only_LSTM_from_scratch,42.0,exp3_cellH,3,0.8333333333333334,0.8780266203909394,0.8775156140327454,4.250096412154215,4.2476228808977465,1.2363529798016262,1.1494724750518799
target_only_LSTM_from_scratch,42.0,exp3_cellH,3,0.9166666666666666,0.856822653409808,0.8719198107719421,4.147458403354644,4.220536340684112,1.2531625041290193,1.1547470092773438
target_only_LSTM_from_scratch,42.0,exp3_cellH,3,1.0,0.8550103327900257,0.8672208189964294,4.1386858477339725,4.197790825204232,1.2699720284564129,1.1590962409973145
target_only_LSTM_from_scratch,42.0,exp3_cellI,3,0.5833333333333334,0.9065722790690582,0.9005496501922607,4.392877937974479,4.3636947452690285,1.1542619400491336,1.1203776597976685
target_only_LSTM_from_scratch,42.0,exp3_cellI,3,0.6666666666666666,0.8895981239088468,0.8897228240966797,4.310628134576985,4.3112323806107975,1.1765678882144186,1.134643316268921
target_only_LSTM_from_scratch,42.0,exp3_cellI,3,0.75,0.8910378061334746,0.881020188331604,4.317604244952602,4.269062972238984,1.2131443205798447,1.1464592218399048
target_only_LSTM_from_scratch,42.0,exp3_cellI,3,0.8333333333333334,0.876207266900275,0.8744691610336304,4.245741526325592,4.237319377213237,1.2497207529452707,1.1524293422698975
target_only_LSTM_from_scratch,42.0,exp3_cellI,3,0.9166666666666666,0.848484709734731,0.868961751461029,4.111409369289189,4.210632726225283,1.27719374175336,1.1576429605484009
target_only_LSTM_from_scratch,42.0,exp3_cellI,3,1.0,0.8512971333711653,0.8643273115158081,4.125037222280036,4.188176128488658,1.3046667305614497,1.1621167659759521
target_only_LSTM_from_scratch,42.0,exp4_cellA,4,0.5555555555555556,0.911691872614689,0.9159260988235474,4.472674533016423,4.493447248338626,1.067734335942842,1.0886521339416504
target_only_LSTM_from_scratch,42.0,exp4_cellA,4,0.6666666666666666,0.9027280630329916,0.9097744822502136,4.428698926740714,4.463267996322786,1.1125671748506414,1.102957844734192
target_only_LSTM_from_scratch,42.0,exp4_cellA,4,0.7777777777777778,0.8975989791621065,0.9032917022705078,4.403536123938469,4.431464087799151,1.1173135353886186,1.1051448583602905
target_only_LSTM_from_scratch,42.0,exp4_cellA,4,0.8888888888888888,0.888880028710196,0.8971453309059143,4.360761773511224,4.401310568283795,1.122059895926596,1.1054892539978027
target_only_LSTM_from_scratch,42.0,exp4_cellA,4,1.0,0.8816852587888638,0.89283686876297,4.325464909335212,4.380173658454879,1.122059895926596,1.105859398841858
target_only_LSTM_from_scratch,42.0,exp4_cellB,4,0.5555555555555556,0.8965273433264614,0.9151350259780884,4.353698434041002,4.444060696190123,1.0712715811958393,1.0940781831741333
target_only_LSTM_from_scratch,42.0,exp4_cellB,4,0.6666666666666666,0.8473381548652769,0.9089904427528381,4.114826865461052,4.414221492104781,1.1095998862805168,1.1066937446594238
target_only_LSTM_from_scratch,42.0,exp4_cellB,4,0.7777777777777778,0.7966265675802644,0.9026843905448914,3.8685622536854622,4.383598165524634,1.1835435772385512,1.1069977283477783
target_only_LSTM_from_scratch,42.0,exp4_cellB,4,0.8888888888888888,0.733695243755318,0.8967168927192688,3.562956397903964,4.354618920070549,1.2574872681965856,1.1063237190246582
target_only_LSTM_from_scratch,42.0,exp4_cellB,4,1.0,0.6260958680860047,0.8911086916923523,3.0404344281700237,4.327384484656589,1.2574872681965856,1.111625075340271
target_only_LSTM_from_scratch,42.0,exp4_cellC,4,0.5555555555555556,0.896165286677176,0.8985015749931335,4.370752838666638,4.382147320176602,1.262270345598159,1.7729806900024414
target_only_LSTM_from_scratch,42.0,exp4_cellC,4,0.6666666666666666,0.856391265128893,0.8820627927780151,4.176768068031387,4.301972540926496,1.0993217703645564,1.9912688732147217
target_only_LSTM_from_scratch,42.0,exp4_cellC,4,0.7777777777777778,0.8005060665908709,0.8638396859169006,3.9042063053958542,4.213095302289117,1.2222356651812845,1.596484661102295
target_only_LSTM_from_scratch,42.0,exp4_cellC,4,0.8888888888888888,0.6967940421631312,0.8543983697891235,3.398384854921955,4.167048373357919,1.3451495599980128,1.220055341720581
target_only_LSTM_from_scratch,42.0,exp4_cellC,4,1.0,0.607383466208973,0.850780189037323,2.962314037999953,4.149401881101588,1.3451495599980128,1.1929693222045898
target_only_LSTM_from_scratch,42.0,exp4_cellD,4,0.5555555555555556,0.9022812448120208,0.9029561281204224,4.372488325204205,4.375758834708672,1.0643641147474425,1.0823960304260254
target_only_LSTM_from_scratch,42.0,exp4_cellD,4,0.6666666666666666,0.8923975704406814,0.896903395652771,4.3245916731932175,4.3464270690285565,1.0742102663696715,1.0920602083206177
target_only_LSTM_from_scratch,42.0,exp4_cellD,4,0.7777777777777778,0.8835104800098998,0.8913620710372925,4.281524503863191,4.319573604738279,1.0741775775599118,1.1046404838562012
target_only_LSTM_from_scratch,42.0,exp4_cellD,4,0.8888888888888888,0.875958910819128,0.8861817717552185,4.244929319918632,4.294469682582997,1.0741448887501521,1.1185057163238525
target_only_LSTM_from_scratch,42.0,exp4_cellD,4,1.0,0.8644348045140147,0.8811155557632446,4.18908307400889,4.269918612276217,1.0741448887501521,1.1304785013198853
target_only_LSTM_from_scratch,42.0,exp4_cellE,4,0.5555555555555556,0.9031626739282209,0.9026344418525696,4.380760041797061,4.378197869957359,1.0669487385914673,1.0830978155136108
target_only_LSTM_from_scratch,42.0,exp4_cellE,4,0.6666666666666666,0.8936768436122088,0.8964846134185791,4.334749342272785,4.348368334874431,1.0718064659333733,1.09282386302948
target_only_LSTM_from_scratch,42.0,exp4_cellE,4,0.7777777777777778,0.8845789877852711,0.8908371925354004,4.290620499902306,4.320975710645802,1.0895330986657066,1.105976939201355
target_only_LSTM_from_scratch,42.0,exp4_cellE,4,0.8888888888888888,0.8769456365435554,0.8855203986167908,4.253595187552686,4.295186781340509,1.1072597313980397,1.1203522682189941
target_only_LSTM_from_scratch,42.0,exp4_cellE,4,1.0,0.866417081765175,0.8803093433380127,4.202526788246066,4.269910733735954,1.1072597313980397,1.1321744918823242
target_only_LSTM_from_scratch,42.0,exp4_cellF,4,0.5555555555555556,0.8809606852792798,0.8860489130020142,4.27549648019382,4.300190771417586,1.1248434980139999,1.1152888536453247
target_only_LSTM_from_scratch,42.0,exp4_cellF,4,0.6666666666666666,0.8675851222355931,0.8775623440742493,4.210581923086469,4.259003580903996,1.1481679921046537,1.135940432548523
target_only_LSTM_from_scratch,42.0,exp4_cellF,4,0.7777777777777778,0.8544207557354694,0.8695064783096313,4.146692349379309,4.219906687822304,1.138748075171229,1.151159644126892
target_only_LSTM_from_scratch,42.0,exp4_cellF,4,0.8888888888888888,0.8417297823861739,0.8621215224266052,4.085100257028508,4.184065868348896,1.129328158237804,1.1633156538009644
target_only_LSTM_from_scratch,42.0,exp4_cellF,4,1.0,0.82925677614945,0.8554890751838684,4.024566007142383,4.151877139254359,1.129328158237804,1.1732760667800903
target_only_LSTM_from_scratch,42.0,exp4_cellG,4,0.5555555555555556,0.8780279430687331,0.8846918344497681,4.248364841997807,4.2806082826281076,1.1238179341122128,1.1183258295059204
target_only_LSTM_from_scratch,42.0,exp4_cellG,4,0.6666666666666666,0.8647319796128923,0.8760577440261841,4.184031919415798,4.2388319741543885,1.1471082309620073,1.1384646892547607
target_only_LSTM_from_scratch,42.0,exp4_cellG,4,0.7777777777777778,0.8502466450778778,0.8678996562957764,4.113944188781564,4.1993588191535745,1.1465147414639307,1.1535154581069946
target_only_LSTM_from_scratch,42.0,exp4_cellG,4,0.8888888888888888,0.8388371519855474,0.8603957891464233,4.058739010289107,4.163051130283315,1.1459212519658541,1.1658543348312378
target_only_LSTM_from_scratch,42.0,exp4_cellG,4,1.0,0.823557638651194,0.8536781072616577,3.984808621438804,4.1305474226687044,1.1459212519658541,1.1758276224136353
target_only_LSTM_from_scratch,42.0,exp4_cellH,4,0.5555555555555556,0.8799346262856523,0.8860859274864197,4.2794830399062285,4.309399340930951,1.1203208313975448,1.1138800382614136
target_only_LSTM_from_scratch,42.0,exp4_cellH,4,0.6666666666666666,0.8664328187037518,0.8776881098747253,4.21381821114648,4.268557309070956,1.1454743242688907,1.1349377632141113
target_only_LSTM_from_scratch,42.0,exp4_cellH,4,0.7777777777777778,0.8527671069811423,0.869685709476471,4.147356249316409,4.229638353321451,1.1762497763661797,1.1504956483840942
target_only_LSTM_from_scratch,42.0,exp4_cellH,4,0.8888888888888888,0.8397879246540428,0.8623279333114624,4.084233161553476,4.193854469645348,1.2070252284634688,1.1628388166427612
target_only_LSTM_from_scratch,42.0,exp4_cellH,4,1.0,0.827136982019207,0.8557054400444031,4.022706438059098,4.161646568317605,1.2070252284634688,1.1729084253311157
target_only_LSTM_from_scratch,42.0,exp5_cellA,5,0.5333333333333333,0.8044691536942838,0.808152973651886,3.924912141,3.9428850733498035,1.2063797378032324,1.2011194229125977
target_only_LSTM_from_scratch,42.0,exp5_cellA,5,0.6,0.7915716013752708,0.8051670789718628,3.861986472,3.9283172378677933,1.2350145971619613,1.212261438369751
target_only_LSTM_from_scratch,42.0,exp5_cellA,5,0.6666666666666666,0.7817580260973462,0.8040343523025513,3.814107171,3.9227907951988614,1.2636494565206902,1.2193130254745483
target_only_LSTM_from_scratch,42.0,exp5_cellA,5,0.7333333333333333,0.7690068432998406,0.8037574887275696,3.751895622,3.9214400097748885,1.2998531789224779,1.2235769033432007
target_only_LSTM_from_scratch,42.0,exp5_cellA,5,0.8,0.7560403342356591,0.8038878440856934,3.688633521,3.9220759985202553,1.336056901324266,1.2264763116836548
target_only_LSTM_from_scratch,42.0,exp5_cellA,5,0.8666666666666667,0.7455051429921409,0.8042815327644348,3.637233539,3.923996760140351,1.3523752966828282,1.228272557258606
target_only_LSTM_from_scratch,42.0,exp5_cellA,5,0.9333333333333332,0.730968649254188,0.8048329949378967,3.566311664,3.926687280429393,1.3686936920413904,1.2294193506240845
target_only_LSTM_from_scratch,42.0,exp5_cellA,5,1.0,0.7223409558959908,0.8055451512336731,3.524218144,3.9301618087922843,1.3686936920413904,1.229947805404663
target_only_LSTM_from_scratch,42.0,exp5_cellB,5,0.5333333333333333,0.8143553276793362,0.8207477927207947,3.959118123,3.990196109888603,1.191444056407467,1.1826120615005493
target_only_LSTM_from_scratch,42.0,exp5_cellB,5,0.6,0.8065707255620619,0.8143835067749023,3.92127204,3.9592551201610107,1.2036275403487529,1.1952122449874878
target_only_LSTM_from_scratch,42.0,exp5_cellB,5,0.6666666666666666,0.8007887687293093,0.8106079697608948,3.893162136,3.940899745660286,1.2158110242900386,1.206971287727356
target_only_LSTM_from_scratch,42.0,exp5_cellB,5,0.7333333333333333,0.7934484824068493,0.8087463974952698,3.857476165,3.9318494156095047,1.2290721055376792,1.215389609336853
target_only_LSTM_from_scratch,42.0,exp5_cellB,5,0.8,0.7866488837091813,0.8079336881637573,3.824418833,3.927898299759018,1.2423331867853196,1.2207846641540527
target_only_LSTM_from_scratch,42.0,exp5_cellB,5,0.8666666666666667,0.7825607629831625,0.8076717257499695,3.804543783,3.9266247277632065,1.2620825999439529,1.2242417335510254
target_only_LSTM_from_scratch,42.0,exp5_cellB,5,0.9333333333333332,0.7757626314800493,0.8077518939971924,3.771493584,3.9270144784649963,1.281832013102586,1.2263216972351074
target_only_LSTM_from_scratch,42.0,exp5_cellB,5,1.0,0.7725232717995762,0.8080927133560181,3.755744921,3.9286714260581816,1.281832013102586,1.2274190187454224
target_only_LSTM_from_scratch,42.0,exp5_cellC,5,0.5333333333333333,0.8214546359438883,0.8231935501098633,4.012352958,4.020846594887861,1.1912918944993611,1.1774545907974243
target_only_LSTM_from_scratch,42.0,exp5_cellC,5,0.6,0.8140619179825401,0.8164746165275574,3.976243607,3.9880283090642092,1.1932901956847763,1.1916697025299072
target_only_LSTM_from_scratch,42.0,exp5_cellC,5,0.6666666666666666,0.8081618464949624,0.8122547268867493,3.947425011,3.967416474956931,1.1952884968701913,1.2042235136032104
target_only_LSTM_from_scratch,42.0,exp5_cellC,5,0.7333333333333333,0.8007939995087437,0.8100389838218689,3.911437141,3.956593791814696,1.215425593808408,1.2135536670684814
target_only_LSTM_from_scratch,42.0,exp5_cellC,5,0.8,0.7932565004152995,0.8090119957923889,3.874620614,3.9515775215575077,1.2355626907466244,1.2194174528121948
target_only_LSTM_from_scratch,42.0,exp5_cellC,5,0.8666666666666667,0.7884116982953278,0.8086009621620178,3.850956427,3.9495698489113344,1.2535908385505172,1.2231929302215576
target_only_LSTM_from_scratch,42.0,exp5_cellC,5,0.9333333333333332,0.7817976432498098,0.8085968494415283,3.818650415,3.9495497605394396,1.2716189863544103,1.2253966331481934
target_only_LSTM_from_scratch,42.0,exp5_cellC,5,1.0,0.7777849401692979,0.8088705539703369,3.799050573,3.9508866562458245,1.2716189863544103,1.2266316413879395
target_only_LSTM_from_scratch,42.0,exp5_cellD,5,0.5333333333333333,0.862591076376204,0.8619548678398132,4.192222457,4.189130461514958,1.1210099277230234,1.1367883682250977
target_only_LSTM_from_scratch,42.0,exp5_cellD,5,0.6,0.8552786413642833,0.8542270660400391,4.15668377,4.151573077563853,1.1303166616459792,1.1545193195343018
target_only_LSTM_from_scratch,42.0,exp5_cellD,5,0.6666666666666666,0.8493641208923439,0.8469623923301697,4.127938996,4.116266512143264,1.139623395568935,1.169189214706421
target_only_LSTM_from_scratch,42.0,exp5_cellD,5,0.7333333333333333,0.8407250784462886,0.8404030799865723,4.085952951,4.0843880273520385,1.145763977123925,1.181016206741333
target_only_LSTM_from_scratch,42.0,exp5_cellD,5,0.8,0.8330016712553935,0.8346443176269531,4.048416925,4.056400243163563,1.1519045586789147,1.1908173561096191
target_only_LSTM_from_scratch,42.0,exp5_cellD,5,0.8666666666666667,0.8255998395543926,0.8297176957130432,4.012443767000001,4.032456690314155,1.1733459434437157,1.1988494396209717
target_only_LSTM_from_scratch,42.0,exp5_cellD,5,0.9333333333333332,0.8173156266826287,0.8256614208221436,3.972182206,4.012743054090566,1.1947873282085169,1.2051750421524048
target_only_LSTM_from_scratch,42.0,exp5_cellD,5,1.0,0.8103250072823504,0.8224254250526428,3.938207554,3.9970160027597665,1.1947873282085169,1.2101832628250122
target_only_LSTM_from_scratch,42.0,exp5_cellE,5,0.5333333333333333,0.8656172401950055,0.8650340437889099,4.211511139000001,4.20867369763857,1.1208975213605896,1.130523443222046
target_only_LSTM_from_scratch,42.0,exp5_cellE,5,0.6,0.8583629495272422,0.857355535030365,4.176216641,4.171315239805365,1.1205962447236646,1.1486645936965942
target_only_LSTM_from_scratch,42.0,exp5_cellE,5,0.6666666666666666,0.851483072523713,0.8500305414199829,4.142743788,4.135676748852622,1.1202949680867398,1.1640127897262573
target_only_LSTM_from_scratch,42.0,exp5_cellE,5,0.7333333333333333,0.8441469335073652,0.8434250950813293,4.107051071,4.103539090842207,1.1287087838725094,1.1758924722671509
target_only_LSTM_from_scratch,42.0,exp5_cellE,5,0.8,0.8366904562340003,0.8374907374382019,4.070772869,4.074666498943262,1.1371225996582792,1.1863155364990234
target_only_LSTM_from_scratch,42.0,exp5_cellE,5,0.8666666666666667,0.8299388540553875,0.8323708176612854,4.037924115,4.049756413780896,1.1538529249624887,1.1947309970855713
target_only_LSTM_from_scratch,42.0,exp5_cellE,5,0.9333333333333332,0.8222797423134317,0.8281035423278809,4.00066003,4.028994722856435,1.1705832502666982,1.2014845609664917
target_only_LSTM_from_scratch,42.0,exp5_cellE,5,1.0,0.8160525188402225,0.8246535658836365,3.97036255,4.012209458481445,1.1705832502666982,1.2069017887115479
target_only_LSTM_from_scratch,42.0,exp5_cellF,5,0.5333333333333333,0.8522315864914315,0.8551070690155029,4.121763642,4.135670729590731,1.1883123049065991,1.1678602695465088
target_only_LSTM_from_scratch,42.0,exp5_cellF,5,0.6,0.8423039313668911,0.8460865020751953,4.073749171999999,4.0920433336643995,1.2087664381431986,1.1792432069778442
target_only_LSTM_from_scratch,42.0,exp5_cellF,5,0.6666666666666666,0.8322107221075873,0.8380351662635803,4.02493401,4.053103562193983,1.2292205713797981,1.189345121383667
target_only_LSTM_from_scratch,42.0,exp5_cellF,5,0.7333333333333333,0.8210154999509715,0.8311147093772888,3.970789033,4.019633214424572,1.2371509847644246,1.1978425979614258
target_only_LSTM_from_scratch,42.0,exp5_cellF,5,0.8,0.8096480195495653,0.8252597451210022,3.91581094,3.991316053714624,1.2450813981490514,1.2052525281906128
target_only_LSTM_from_scratch,42.0,exp5_cellF,5,0.8666666666666667,0.7985219847016456,0.8205089569091797,3.862000583,3.968339169927732,1.284781990745257,1.2107317447662354
target_only_LSTM_from_scratch,42.0,exp5_cellF,5,0.9333333333333332,0.7866654996007033,0.8167510628700256,3.80465745,3.950164355397751,1.3244825833414624,1.2149685621261597
target_only_LSTM_from_scratch,42.0,exp5_cellF,5,1.0,0.7678683443349683,0.8139061331748962,3.713746209,3.9364050346130024,1.3244825833414624,1.2179856300354004
target_only_LSTM_from_scratch,42.0,exp5_cellG,5,0.5333333333333333,0.8498714817160511,0.8528005480766296,4.123182213,4.137392684322379,1.2228939135477763,1.1744189262390137
target_only_LSTM_from_scratch,42.0,exp5_cellG,5,0.6,0.8400058427597255,0.8438711166381836,4.075318709,4.094071224935529,1.236867862376435,1.183327317237854
target_only_LSTM_from_scratch,42.0,exp5_cellG,5,0.6666666666666666,0.8299328251567766,0.8359363079071045,4.0264491,4.055575213565103,1.250841811205094,1.192583441734314
target_only_LSTM_from_scratch,42.0,exp5_cellG,5,0.7333333333333333,0.8194936798065443,0.8291722536087036,3.975803209,4.022759159642905,1.2541946824482297,1.2006216049194336
target_only_LSTM_from_scratch,42.0,exp5_cellG,5,0.8,0.8085936348705501,0.8236035704612732,3.922921247,3.995742492067525,1.2575475536913652,1.20697021484375
target_only_LSTM_from_scratch,42.0,exp5_cellG,5,0.8666666666666667,0.7978404378562369,0.8190470337867737,3.870751723,3.973636289690616,1.316380148152523,1.212447166442871
target_only_LSTM_from_scratch,42.0,exp5_cellG,5,0.9333333333333332,0.7855218228441083,0.8155120611190796,3.810987517,3.9564862420181757,1.3752127426136804,1.216229796409607
target_only_LSTM_from_scratch,42.0,exp5_cellG,5,1.0,0.7696642878933628,0.8128504157066345,3.734054113,3.9435731730918633,1.3752127426136804,1.2189847230911255
target_only_LSTM_from_scratch,42.0,exp5_cellH,5,0.5333333333333333,0.8526440302059033,0.855120062828064,4.133824681,4.145829086592305,1.1977016713887478,1.1680694818496704
target_only_LSTM_from_scratch,42.0,exp5_cellH,5,0.6,0.8431704595629644,0.8462128639221191,4.0878945170000005,4.10264482989015,1.2144315202885887,1.1791577339172363
target_only_LSTM_from_scratch,42.0,exp5_cellH,5,0.6666666666666666,0.8318238318782536,0.8382163643836975,4.032883319,4.063875864199334,1.2311613691884293,1.1891659498214722
target_only_LSTM_from_scratch,42.0,exp5_cellH,5,0.7333333333333333,0.8228976751117055,0.8313220143318176,3.98960715,4.030450386046356,1.2292285687011615,1.1976540088653564
target_only_LSTM_from_scratch,42.0,exp5_cellH,5,0.8,0.8125378294201961,0.8254936337471008,3.93938011,4.002192985938194,1.2272957682138939,1.2050200700759888
target_only_LSTM_from_scratch,42.0,exp5_cellH,5,0.8666666666666667,0.8025090494980701,0.8207403421401978,3.890758157,3.97914787747029,1.2802798968420732,1.2106013298034668
target_only_LSTM_from_scratch,42.0,exp5_cellH,5,0.9333333333333332,0.7914666613646212,0.8169896602630615,3.837221986,3.960963663701103,1.333264025470253,1.2148206233978271
target_only_LSTM_from_scratch,42.0,exp5_cellH,5,1.0,0.7759335636988509,0.8141372799873352,3.761913768,3.947134633571674,1.333264025470253,1.217924952507019
source_pretrained_head_adapted,52.0,exp1_cellA,1,0.5714285714285714,0.8549561721374236,0.9166272878646851,4.161854263183007,4.4620640333085095,1.1526787381402472,1.0802515745162964
source_pretrained_head_adapted,52.0,exp1_cellA,1,0.6428571428571429,0.8339231857086502,0.9166272878646851,4.059467465954306,4.4620640333085095,1.1764673298760704,1.0802515745162964
source_pretrained_head_adapted,52.0,exp1_cellA,1,0.7142857142857143,0.818224933858435,0.9166272878646851,3.983049705001716,4.4620640333085095,1.2002559216118935,1.0802515745162964
source_pretrained_head_adapted,52.0,exp1_cellA,1,0.7857142857142857,0.7639284558682716,0.9166272878646851,3.718739047024665,4.4620640333085095,1.3340435794062142,1.0802515745162964
source_pretrained_head_adapted,52.0,exp1_cellA,1,0.8571428571428571,0.7250005917778434,0.9166272878646851,3.52924150036526,4.4620640333085095,1.4678312372005347,1.0802515745162964
source_pretrained_head_adapted,52.0,exp1_cellA,1,0.9285714285714286,0.6434004407516708,0.9166272878646851,3.132018873647892,4.4620640333085095,1.6131902334747197,1.0802515745162964
source_pretrained_head_adapted,52.0,exp1_cellA,1,1.0,0.5856790719679541,0.9166272878646851,2.8510361372478603,4.4620640333085095,1.7585492297489045,1.0802515745162964
source_pretrained_head_adapted,52.0,exp1_cellB,1,0.5714285714285714,0.8593055242284461,0.9166272878646851,4.176906007468412,4.455535216917367,1.1371669739008392,1.0802515745162964
source_pretrained_head_adapted,52.0,exp1_cellB,1,0.6428571428571429,0.8383723891509776,0.9166272878646851,4.075154377582485,4.455535216917367,1.1910745065479214,1.0802515745162964
source_pretrained_head_adapted,52.0,exp1_cellB,1,0.7142857142857143,0.7994437874381211,0.9166272878646851,3.885930515088674,4.455535216917367,1.244982039195004,1.0802515745162964
source_pretrained_head_adapted,52.0,exp1_cellB,1,0.7857142857142857,0.7144807798517927,0.9166272878646851,3.47294294920684,4.455535216917367,1.404277943400622,1.0802515745162964
source_pretrained_head_adapted,52.0,exp1_cellB,1,0.8571428571428571,0.6308130172936719,0.9166272878646851,3.066251300885086,4.455535216917367,1.5635738476062404,1.0802515745162964
source_pretrained_head_adapted,52.0,exp1_cellB,1,0.9285714285714286,0.5586363849136401,0.9166272878646851,2.71541565409033,4.455535216917367,1.7772623308717677,1.0802515745162964
source_pretrained_head_adapted,52.0,exp1_cellB,1,1.0,0.492781344774241,0.9166272878646851,2.395307956624624,4.455535216917367,1.9909508141372947,1.0802515745162964
source_pretrained_head_adapted,52.0,exp1_cellD,1,0.5384615384615384,0.8181553504521012,0.9166272878646851,4.002078276099845,4.483762349065445,1.1916693068263018,1.0802515745162964
source_pretrained_head_adapted,52.0,exp1_cellD,1,0.6153846153846154,0.8129632683847705,0.9166272878646851,3.976680753688106,4.483762349065445,1.2118230578580662,1.0802515745162964
source_pretrained_head_adapted,52.0,exp1_cellD,1,0.6923076923076923,0.8031377766449331,0.9166272878646851,3.928618503624872,4.483762349065445,1.2083870831053638,1.0802515745162964
source_pretrained_head_adapted,52.0,exp1_cellD,1,0.7692307692307693,0.7984539437080421,0.9166272878646851,3.905707126176501,4.483762349065445,1.2049511083526614,1.0802515745162964
source_pretrained_head_adapted,52.0,exp1_cellD,1,0.8461538461538461,0.7884549637044503,0.9166272878646851,3.856796243135256,4.483762349065445,1.2043092563409348,1.0802515745162964
source_pretrained_head_adapted,52.0,exp1_cellD,1,0.9230769230769232,0.7820982650781715,0.9166272878646851,3.825701897219304,4.483762349065445,1.2036674043292082,1.0802515745162964
source_pretrained_head_adapted,52.0,exp1_cellD,1,1.0,0.7696990653997923,0.9166272878646851,3.765050130233432,4.483762349065445,1.2036674043292082,1.0802515745162964
source_pretrained_head_adapted,52.0,exp1_cellE,1,0.5714285714285714,0.7961913353698228,0.9166272878646851,3.865615255227751,4.450347887398103,1.2205143504053828,1.0802515745162964
source_pretrained_head_adapted,52.0,exp1_cellE,1,0.6428571428571429,0.7814493934456567,0.9166272878646851,3.794041158572619,4.450347887398103,1.2289631743676406,1.0802515745162964
source_pretrained_head_adapted,52.0,exp1_cellE,1,0.7142857142857143,0.7731770269753371,0.9166272878646851,3.7538777146817752,4.450347887398103,1.2374119983298986,1.0802515745162964
source_pretrained_head_adapted,52.0,exp1_cellE,1,0.7857142857142857,0.7562960683651517,0.9166272878646851,3.671918406375449,4.450347887398103,1.2766134133528204,1.0802515745162964
source_pretrained_head_adapted,52.0,exp1_cellE,1,0.8571428571428571,0.7375311809904169,0.9166272878646851,3.580812372340662,4.450347887398103,1.3158148283757425,1.0802515745162964
source_pretrained_head_adapted,52.0,exp1_cellE,1,0.9285714285714286,0.6725044310535847,0.9166272878646851,3.265098817838162,4.450347887398103,1.5495855177442008,1.0802515745162964
source_pretrained_head_adapted,52.0,exp1_cellE,1,1.0,0.5587558414481429,0.9166272878646851,2.712834225514765,4.450347887398103,1.7833562071126594,1.0802515745162964
source_pretrained_head_adapted,52.0,exp1_cellF,1,0.5714285714285714,0.7914942251085741,0.9166272878646851,3.847663007702252,4.455967959694955,1.2061693643987719,1.0802515745162964
source_pretrained_head_adapted,52.0,exp1_cellF,1,0.6428571428571429,0.765044545670987,0.9166272878646851,3.7190841123557616,4.455967959694955,1.2562988315510932,1.0802515745162964
source_pretrained_head_adapted,52.0,exp1_cellF,1,0.7142857142857143,0.7502677805201031,0.9166272878646851,3.6472503442233912,4.455967959694955,1.3064282987034144,1.0802515745162964
source_pretrained_head_adapted,52.0,exp1_cellF,1,0.7857142857142857,0.6973659111361276,0.9166272878646851,3.3900803492823703,4.455967959694955,1.5300580379135538,1.0802515745162964
source_pretrained_head_adapted,52.0,exp1_cellF,1,0.8571428571428571,0.5855959939675742,0.9166272878646851,2.8467371864129323,4.455967959694955,1.7536877771236934,1.0802515745162964
source_pretrained_head_adapted,52.0,exp1_cellF,1,0.9285714285714286,0.5498386118680253,0.9166272878646851,2.672911083843661,4.455967959694955,1.9363589350491521,1.0802515745162964
source_pretrained_head_adapted,52.0,exp1_cellF,1,1.0,0.44945260077179,0.9166272878646851,2.184908102731843,4.455967959694955,2.119030092974611,1.0802515745162964
source_pretrained_head_adapted,52.0,exp1_cellJ,1,0.6,0.9283996811708648,0.9166272878646851,4.479245641129816,4.422447429678614,1.0461622608767824,1.0802515745162964
source_pretrained_head_adapted,52.0,exp1_cellJ,1,0.7,0.9084019156276106,0.9166272878646851,4.382762514348698,4.422447429678614,1.070007889842271,1.0802515745162964
source_pretrained_head_adapted,52.0,exp1_cellJ,1,0.8,0.8905796338743112,0.9166272878646851,4.296775434131507,4.422447429678614,1.0938535188077592,1.0802515745162964
source_pretrained_head_adapted,52.0,exp1_cellJ,1,0.9,0.8734456000301964,0.9166272878646851,4.214108940413596,4.422447429678614,1.1120970413504792,1.0802515745162964
source_pretrained_head_adapted,52.0,exp1_cellJ,1,1.0,0.8612822153989198,0.9166272878646851,4.155424314927384,4.422447429678614,1.130340563893199,1.0802515745162964
source_pretrained_head_adapted,52.0,exp1_cellK,1,0.6,0.8068862227834716,0.9166272878646851,3.918879495398503,4.451869150701327,1.1758467449275036,1.0802515745162964
source_pretrained_head_adapted,52.0,exp1_cellK,1,0.7,0.7961825254601345,0.9166272878646851,3.866893851349858,4.451869150701327,1.1973632239702936,1.0802515745162964
source_pretrained_head_adapted,52.0,exp1_cellK,1,0.8,0.7877533102337295,0.9166272878646851,3.825954896413799,4.451869150701327,1.2188797030130838,1.0802515745162964
source_pretrained_head_adapted,52.0,exp1_cellK,1,0.9,0.7790779761794198,0.9166272878646851,3.7838205932354807,4.451869150701327,1.2367410711453302,1.0802515745162964
source_pretrained_head_adapted,52.0,exp1_cellK,1,1.0,0.7717907926718258,0.9166272878646851,3.748428250150724,4.451869150701327,1.2546024392775765,1.0802515745162964
source_pretrained_head_adapted,52.0,exp1_cellL,1,0.6,0.8070037299410662,0.9166272878646851,3.911680712389937,4.443044250430456,1.1585168241866015,1.0802515745162964
source_pretrained_head_adapted,52.0,exp1_cellL,1,0.7,0.7977274944560124,0.9166272878646851,3.866717262923449,4.443044250430456,1.1769333624986371,1.0802515745162964
source_pretrained_head_adapted,52.0,exp1_cellL,1,0.8,0.7902851473030869,0.9166272878646851,3.830642973880033,4.443044250430456,1.1953499008106725,1.0802515745162964
source_pretrained_head_adapted,52.0,exp1_cellL,1,0.9,0.7826036305284555,0.9166272878646851,3.793409390075632,4.443044250430456,1.21332140108182,1.0802515745162964
source_pretrained_head_adapted,52.0,exp1_cellL,1,1.0,0.7761383115014312,0.9166272878646851,3.762070918146505,4.443044250430456,1.2312929013529677,1.0802515745162964
source_pretrained_head_adapted,52.0,exp1_cellM,1,0.6,0.8094657288379769,0.9166272878646851,3.907895631767987,4.425244512016558,1.1857881455883141,1.0802515745162964
source_pretrained_head_adapted,52.0,exp1_cellM,1,0.7,0.8010379454939867,0.9166272878646851,3.8672084271809,4.425244512016558,1.2026227698652867,1.0802515745162964
source_pretrained_head_adapted,52.0,exp1_cellM,1,0.8,0.794506580500605,0.9166272878646851,3.83567665033377,4.425244512016558,1.2194573941422593,1.0802515745162964
source_pretrained_head_adapted,52.0,exp1_cellM,1,0.9,0.7878186379024347,0.9166272878646851,3.803388956446564,4.425244512016558,1.2348615811671344,1.0802515745162964
source_pretrained_head_adapted,52.0,exp1_cellM,1,1.0,0.7831291042673945,0.9166272878646851,3.780749075158803,4.425244512016558,1.2502657681920093,1.0802515745162964
source_pretrained_head_adapted,52.0,exp2_cellA,2,0.5833333333333334,0.9249928121553804,0.9166272878646851,4.482643358757167,4.442102868699923,1.0317597793434083,1.0802515745162964
source_pretrained_head_adapted,52.0,exp2_cellA,2,0.6666666666666666,0.9189006441015372,0.9166272878646851,4.453119868079051,4.442102868699923,1.0351754162063005,1.0802515745162964
source_pretrained_head_adapted,52.0,exp2_cellA,2,0.75,0.9161023998591324,0.9166272878646851,4.439559188682886,4.442102868699923,1.0349482098005431,1.0802515745162964
source_pretrained_head_adapted,52.0,exp2_cellA,2,0.8333333333333334,0.9124277118108484,0.9166272878646851,4.42175114114059,4.442102868699923,1.034721003394786,1.0802515745162964
source_pretrained_head_adapted,52.0,exp2_cellA,2,0.9166666666666666,0.9109432059512895,0.9166272878646851,4.414557020013442,4.442102868699923,1.0360149698349184,1.0802515745162964
source_pretrained_head_adapted,52.0,exp2_cellA,2,1.0,0.9107642676506382,0.9166272878646851,4.413689860210143,4.442102868699923,1.037308936275051,1.0802515745162964
source_pretrained_head_adapted,52.0,exp2_cellB,2,0.5833333333333334,0.9215232607161805,0.9166272878646851,4.461646432162857,4.437942093123315,1.0185466313375071,1.0802515745162964
source_pretrained_head_adapted,52.0,exp2_cellB,2,0.6666666666666666,0.9108267995628626,0.9166272878646851,4.409858452655557,4.437942093123315,1.028362923646641,1.0802515745162964
source_pretrained_head_adapted,52.0,exp2_cellB,2,0.75,0.9058028992907209,0.9166272878646851,4.385534740297691,4.437942093123315,1.0297177633062533,1.0802515745162964
source_pretrained_head_adapted,52.0,exp2_cellB,2,0.8333333333333334,0.9001834664415093,0.9166272878646851,4.35832769779398,4.437942093123315,1.0310726029658654,1.0802515745162964
source_pretrained_head_adapted,52.0,exp2_cellB,2,0.9166666666666666,0.8956699538478909,0.9166272878646851,4.336475078095385,4.437942093123315,1.0299008119149284,1.0802515745162964
source_pretrained_head_adapted,52.0,exp2_cellB,2,1.0,0.8959111069771764,0.9166272878646851,4.337642644932543,4.437942093123315,1.0287290208639914,1.0802515745162964
source_pretrained_head_adapted,52.0,exp2_cellC,2,0.5833333333333334,0.9374129888404765,0.9166272878646851,4.529879087947729,4.4294359393041,1.0282826226508421,1.0802515745162964
source_pretrained_head_adapted,52.0,exp2_cellC,2,0.6666666666666666,0.9303869734073997,0.9166272878646851,4.495927136395126,4.4294359393041,1.0318308773780704,1.0802515745162964
source_pretrained_head_adapted,52.0,exp2_cellC,2,0.75,0.928262601289942,0.9166272878646851,4.485661491535869,4.4294359393041,1.0358076599085582,1.0802515745162964
source_pretrained_head_adapted,52.0,exp2_cellC,2,0.8333333333333334,0.9253155389115526,0.9166272878646851,4.471420344466575,4.4294359393041,1.0397844424390466,1.0802515745162964
source_pretrained_head_adapted,52.0,exp2_cellC,2,0.9166666666666666,0.9200752424845271,0.9166272878646851,4.446097557731145,4.4294359393041,1.0473832552450855,1.0802515745162964
source_pretrained_head_adapted,52.0,exp2_cellC,2,1.0,0.9180942687374104,0.9166272878646851,4.4365248596165845,4.4294359393041,1.0549820680511246,1.0802515745162964
source_pretrained_head_adapted,52.0,exp2_cellD,2,0.5833333333333334,0.934022005775634,0.9166272878646851,4.505097731281088,4.421197241022495,1.0483765989649787,1.0802515745162964
source_pretrained_head_adapted,52.0,exp2_cellD,2,0.6666666666666666,0.9250959575914592,0.9166272878646851,4.462044442198849,4.421197241022495,1.059262296343421,1.0802515745162964
source_pretrained_head_adapted,52.0,exp2_cellD,2,0.75,0.9199823232382219,0.9166272878646851,4.437379688712404,4.421197241022495,1.061095264542489,1.0802515745162964
source_pretrained_head_adapted,52.0,exp2_cellD,2,0.8333333333333334,0.9145132805755902,0.9166272878646851,4.411000683143643,4.421197241022495,1.0629282327415572,1.0802515745162964
source_pretrained_head_adapted,52.0,exp2_cellD,2,0.9166666666666666,0.9105086329801314,0.9166272878646851,4.391684940382421,4.421197241022495,1.0721670635052118,1.0802515745162964
source_pretrained_head_adapted,52.0,exp2_cellD,2,1.0,0.9100229179493048,0.9166272878646851,4.389342175790265,4.421197241022495,1.0814058942688665,1.0802515745162964
source_pretrained_head_adapted,52.0,exp2_cellE,2,0.5833333333333334,0.921390350630106,0.9166272878646851,4.466412726676465,4.443323919485369,1.0454157351444686,1.0802515745162964
source_pretrained_head_adapted,52.0,exp2_cellE,2,0.6666666666666666,0.9165428840789561,0.9166272878646851,4.442914774607194,4.443323919485369,1.0502823695220944,1.0802515745162964
source_pretrained_head_adapted,52.0,exp2_cellE,2,0.75,0.911727243647203,0.9166272878646851,4.419571098719151,4.443323919485369,1.0545276514730193,1.0802515745162964
source_pretrained_head_adapted,52.0,exp2_cellE,2,0.8333333333333334,0.9073976174354801,0.9166272878646851,4.39858336252182,4.443323919485369,1.058772933423944,1.0802515745162964
source_pretrained_head_adapted,52.0,exp2_cellE,2,0.9166666666666666,0.9031805240556576,0.9166272878646851,4.378141125929759,4.443323919485369,1.0621200206058443,1.0802515745162964
source_pretrained_head_adapted,52.0,exp2_cellE,2,1.0,0.8946822541703837,0.9166272878646851,4.336946011671876,4.443323919485369,1.0654671077877444,1.0802515745162964
source_pretrained_head_adapted,52.0,exp2_cellF,2,0.5833333333333334,0.9170734708438081,0.9166272878646851,4.427288669079348,4.425134664072542,1.0652078517860382,1.0802515745162964
source_pretrained_head_adapted,52.0,exp2_cellF,2,0.6666666666666666,0.9078142921608467,0.9166272878646851,4.382588807867206,4.425134664072542,1.070479113842055,1.0802515745162964
source_pretrained_head_adapted,52.0,exp2_cellF,2,0.75,0.9042943898734698,0.9166272878646851,4.36559603246958,4.425134664072542,1.0745110763335914,1.0802515745162964
source_pretrained_head_adapted,52.0,exp2_cellF,2,0.8333333333333334,0.8995338693582364,0.9166272878646851,4.342614014991067,4.425134664072542,1.0785430388251278,1.0802515745162964
source_pretrained_head_adapted,52.0,exp2_cellF,2,0.9166666666666666,0.8930768140394663,0.9166272878646851,4.3114417602511,4.425134664072542,1.0804146733474087,1.0802515745162964
source_pretrained_head_adapted,52.0,exp2_cellF,2,1.0,0.8916410271050312,0.9166272878646851,4.30451031644847,4.425134664072542,1.082286307869689,1.0802515745162964
source_pretrained_head_adapted,52.0,exp3_cellA,3,0.6,0.873949597840415,0.9166272878646851,4.2743657571259615,4.483096394778004,1.1336774373714231,1.0802515745162964
source_pretrained_head_adapted,52.0,exp3_cellA,3,0.7,0.8595327928385645,0.9166272878646851,4.203855171870993,4.483096394778004,1.1831843398251038,1.0802515745162964
source_pretrained_head_adapted,52.0,exp3_cellA,3,0.8,0.8376336737446474,0.9166272878646851,4.096749630547367,4.483096394778004,1.232691242278785,1.0802515745162964
source_pretrained_head_adapted,52.0,exp3_cellA,3,0.9,0.7791267852597307,0.9166272878646851,3.810600587955119,4.483096394778004,1.3508831141859985,1.0802515745162964
source_pretrained_head_adapted,52.0,exp3_cellA,3,1.0,0.7575357692124128,0.9166272878646851,3.705001935719038,4.483096394778004,1.4690749860932122,1.0802515745162964
source_pretrained_head_adapted,52.0,exp3_cellB,3,0.6,0.8436353663923807,0.9166272878646851,4.116083995859684,4.472210459694371,1.1659863773095838,1.0802515745162964
source_pretrained_head_adapted,52.0,exp3_cellB,3,0.7,0.8218953819738878,0.9166272878646851,4.010014945770124,4.472210459694371,1.318438170555717,1.0802515745162964
source_pretrained_head_adapted,52.0,exp3_cellB,3,0.8,0.7394175881654729,0.9166272878646851,3.607607056494019,4.472210459694371,1.47088996380185,1.0802515745162964
source_pretrained_head_adapted,52.0,exp3_cellB,3,0.9,0.7123684053550189,0.9166272878646851,3.4756345089901144,4.472210459694371,1.4998609949574946,1.0802515745162964
source_pretrained_head_adapted,52.0,exp3_cellB,3,1.0,0.7738294336290892,0.9166272878646851,3.775501922005038,4.472210459694371,1.528832026113139,1.0802515745162964
source_pretrained_head_adapted,52.0,exp3_cellC,3,0.6,0.8971296129961095,0.9166272878646851,4.324958549151195,4.418954594304352,1.1023593275514205,1.0802515745162964
source_pretrained_head_adapted,52.0,exp3_cellC,3,0.7,0.88686539707305,0.9166272878646851,4.275475946232187,4.418954594304352,1.1325279115772933,1.0802515745162964
source_pretrained_head_adapted,52.0,exp3_cellC,3,0.8,0.8684117953983999,0.9166272878646851,4.186513257709548,4.418954594304352,1.1626964956031665,1.0802515745162964
source_pretrained_head_adapted,52.0,exp3_cellC,3,0.9,0.8524862852889896,0.9166272878646851,4.109738207483236,4.418954594304352,1.4009633705973525,1.0802515745162964
source_pretrained_head_adapted,52.0,exp3_cellC,3,1.0,0.8263742910997344,0.9166272878646851,3.983855290602311,4.418954594304352,1.6392302455915388,1.0802515745162964
source_pretrained_head_adapted,52.0,exp3_cellD,3,0.5454545454545454,0.8848983577362085,0.9166272878646851,4.309725245858735,4.464254825446392,1.1118191520181597,1.0802515745162964
source_pretrained_head_adapted,52.0,exp3_cellD,3,0.6363636363636364,0.887787311867856,0.9166272878646851,4.323795334752494,4.464254825446392,1.1253571792920565,1.0802515745162964
source_pretrained_head_adapted,52.0,exp3_cellD,3,0.7272727272727273,0.857549518588028,0.9166272878646851,4.176528047003746,4.464254825446392,1.1388952065659532,1.0802515745162964
source_pretrained_head_adapted,52.0,exp3_cellD,3,0.8181818181818182,0.8543504418842668,0.9166272878646851,4.160947566473859,4.464254825446392,1.1607064304892893,1.0802515745162964
source_pretrained_head_adapted,52.0,exp3_cellD,3,0.9090909090909092,0.8353594218833993,0.9166272878646851,4.068455499303874,4.464254825446392,1.1825176544126255,1.0802515745162964
source_pretrained_head_adapted,52.0,exp3_cellD,3,1.0,0.855786983777141,0.9166272878646851,4.167943964205111,4.464254825446392,1.1825176544126255,1.0802515745162964
source_pretrained_head_adapted,52.0,exp3_cellE,3,0.5454545454545454,0.8764127304458983,0.9166272878646851,4.279353494087043,4.475713383468947,1.1102010880588071,1.0802515745162964
source_pretrained_head_adapted,52.0,exp3_cellE,3,0.6363636363636364,0.8880560096373777,0.9166272878646851,4.336205369647247,4.475713383468947,1.1392512618921713,1.0802515745162964
source_pretrained_head_adapted,52.0,exp3_cellE,3,0.7272727272727273,0.8458131769523313,0.9166272878646851,4.1299418052659815,4.475713383468947,1.1683014357255352,1.0802515745162964
source_pretrained_head_adapted,52.0,exp3_cellE,3,0.8181818181818182,0.8390560662996611,0.9166272878646851,4.096948143630413,4.475713383468947,1.19957109054225,1.0802515745162964
source_pretrained_head_adapted,52.0,exp3_cellE,3,0.9090909090909092,0.8260574309036003,0.9166272878646851,4.033478326422035,4.475713383468947,1.230840745358965,1.0802515745162964
source_pretrained_head_adapted,52.0,exp3_cellE,3,1.0,0.8534566359036194,0.9166272878646851,4.167263333849283,4.475713383468947,1.230840745358965,1.0802515745162964
source_pretrained_head_adapted,52.0,exp3_cellF,3,0.5454545454545454,0.8960881611931472,0.9166272878646851,4.394232365009932,4.494952025281905,1.0509728244971537,1.0802515745162964
source_pretrained_head_adapted,52.0,exp3_cellF,3,0.6363636363636364,0.8986372589960113,0.9166272878646851,4.406732617275297,4.494952025281905,1.0565565302232416,1.0802515745162964
source_pretrained_head_adapted,52.0,exp3_cellF,3,0.7272727272727273,0.8858910640415816,0.9166272878646851,4.344227894163116,4.494952025281905,1.0621402359493297,1.0802515745162964
source_pretrained_head_adapted,52.0,exp3_cellF,3,0.8181818181818182,0.8819147159986288,0.9166272878646851,4.3247286997516845,4.494952025281905,1.0723233425722347,1.0802515745162964
source_pretrained_head_adapted,52.0,exp3_cellF,3,0.9090909090909092,0.8722484867937208,0.9166272878646851,4.277327496321819,4.494952025281905,1.0825064491951395,1.0802515745162964
source_pretrained_head_adapted,52.0,exp3_cellF,3,1.0,0.8792906733199577,0.9166272878646851,4.31186093320243,4.494952025281905,1.0825064491951395,1.0802515745162964
source_pretrained_head_adapted,52.0,exp3_cellG,3,0.5454545454545454,0.9130515923888205,0.9166272878646851,4.446549073970472,4.463962663234806,1.1117924779760167,1.0802515745162964
source_pretrained_head_adapted,52.0,exp3_cellG,3,0.6363636363636364,0.9036316373179148,0.9166272878646851,4.400674018446181,4.463962663234806,1.137557999044256,1.0802515745162964
source_pretrained_head_adapted,52.0,exp3_cellG,3,0.7272727272727273,0.8821256532598138,0.9166272878646851,4.295940162993191,4.463962663234806,1.1633235201124954,1.0802515745162964
source_pretrained_head_adapted,52.0,exp3_cellG,3,0.8181818181818182,0.8846423550385656,0.9166272878646851,4.308196467080554,4.463962663234806,1.2051773476963223,1.0802515745162964
source_pretrained_head_adapted,52.0,exp3_cellG,3,0.9090909090909092,0.8614075712479565,0.9166272878646851,4.195043379994058,4.463962663234806,1.247031175280149,1.0802515745162964
source_pretrained_head_adapted,52.0,exp3_cellG,3,1.0,0.8355233939574123,0.9166272878646851,4.068987781908266,4.463962663234806,1.247031175280149,1.0802515745162964
source_pretrained_head_adapted,52.0,exp3_cellH,3,0.5833333333333334,0.9101151599695884,0.9166272878646851,4.405421300679533,4.436943319214822,1.152916864042138,1.0802515745162964
source_pretrained_head_adapted,52.0,exp3_cellH,3,0.6666666666666666,0.8958425179469541,0.9166272878646851,4.336334437885612,4.436943319214822,1.1742413337529805,1.0802515745162964
source_pretrained_head_adapted,52.0,exp3_cellH,3,0.75,0.8921058581696183,0.9166272878646851,4.318247099820594,4.436943319214822,1.2052971567773032,1.0802515745162964
source_pretrained_head_adapted,52.0,exp3_cellH,3,0.8333333333333334,0.8780266203909394,0.9166272878646851,4.250096412154215,4.436943319214822,1.2363529798016262,1.0802515745162964
source_pretrained_head_adapted,52.0,exp3_cellH,3,0.9166666666666666,0.856822653409808,0.9166272878646851,4.147458403354644,4.436943319214822,1.2531625041290193,1.0802515745162964
source_pretrained_head_adapted,52.0,exp3_cellH,3,1.0,0.8550103327900257,0.9166272878646851,4.1386858477339725,4.436943319214822,1.2699720284564129,1.0802515745162964
source_pretrained_head_adapted,52.0,exp3_cellI,3,0.5833333333333334,0.9065722790690582,0.9166272878646851,4.392877937974479,4.44160039212872,1.1542619400491336,1.0802515745162964
source_pretrained_head_adapted,52.0,exp3_cellI,3,0.6666666666666666,0.8895981239088468,0.9166272878646851,4.310628134576985,4.44160039212872,1.1765678882144186,1.0802515745162964
source_pretrained_head_adapted,52.0,exp3_cellI,3,0.75,0.8910378061334746,0.9166272878646851,4.317604244952602,4.44160039212872,1.2131443205798447,1.0802515745162964
source_pretrained_head_adapted,52.0,exp3_cellI,3,0.8333333333333334,0.876207266900275,0.9166272878646851,4.245741526325592,4.44160039212872,1.2497207529452707,1.0802515745162964
source_pretrained_head_adapted,52.0,exp3_cellI,3,0.9166666666666666,0.848484709734731,0.9166272878646851,4.111409369289189,4.44160039212872,1.27719374175336,1.0802515745162964
source_pretrained_head_adapted,52.0,exp3_cellI,3,1.0,0.8512971333711653,0.9166272878646851,4.125037222280036,4.44160039212872,1.3046667305614497,1.0802515745162964
source_pretrained_head_adapted,52.0,exp4_cellA,4,0.5555555555555556,0.911691872614689,0.9166272878646851,4.472674533016423,4.4968872157896165,1.067734335942842,1.0802515745162964
source_pretrained_head_adapted,52.0,exp4_cellA,4,0.6666666666666666,0.9027280630329916,0.9166272878646851,4.428698926740714,4.4968872157896165,1.1125671748506414,1.0802515745162964
source_pretrained_head_adapted,52.0,exp4_cellA,4,0.7777777777777778,0.8975989791621065,0.9166272878646851,4.403536123938469,4.4968872157896165,1.1173135353886186,1.0802515745162964
source_pretrained_head_adapted,52.0,exp4_cellA,4,0.8888888888888888,0.888880028710196,0.9166272878646851,4.360761773511224,4.4968872157896165,1.122059895926596,1.0802515745162964
source_pretrained_head_adapted,52.0,exp4_cellA,4,1.0,0.8816852587888638,0.9166272878646851,4.325464909335212,4.4968872157896165,1.122059895926596,1.0802515745162964
source_pretrained_head_adapted,52.0,exp4_cellB,4,0.5555555555555556,0.8965273433264614,0.9166272878646851,4.353698434041002,4.451307388984509,1.0712715811958393,1.0802515745162964
source_pretrained_head_adapted,52.0,exp4_cellB,4,0.6666666666666666,0.8473381548652769,0.9166272878646851,4.114826865461052,4.451307388984509,1.1095998862805168,1.0802515745162964
source_pretrained_head_adapted,52.0,exp4_cellB,4,0.7777777777777778,0.7966265675802644,0.9166272878646851,3.8685622536854622,4.451307388984509,1.1835435772385512,1.0802515745162964
source_pretrained_head_adapted,52.0,exp4_cellB,4,0.8888888888888888,0.733695243755318,0.9166272878646851,3.562956397903964,4.451307388984509,1.2574872681965856,1.0802515745162964
source_pretrained_head_adapted,52.0,exp4_cellB,4,1.0,0.6260958680860047,0.9166272878646851,3.0404344281700237,4.451307388984509,1.2574872681965856,1.0802515745162964
source_pretrained_head_adapted,52.0,exp4_cellC,4,0.5555555555555556,0.896165286677176,0.9166272878646851,4.370752838666638,4.47054955151044,1.262270345598159,1.0802515745162964
source_pretrained_head_adapted,52.0,exp4_cellC,4,0.6666666666666666,0.856391265128893,0.9166272878646851,4.176768068031387,4.47054955151044,1.0993217703645564,1.0802515745162964
source_pretrained_head_adapted,52.0,exp4_cellC,4,0.7777777777777778,0.8005060665908709,0.9166272878646851,3.9042063053958542,4.47054955151044,1.2222356651812845,1.0802515745162964
source_pretrained_head_adapted,52.0,exp4_cellC,4,0.8888888888888888,0.6967940421631312,0.9166272878646851,3.398384854921955,4.47054955151044,1.3451495599980128,1.0802515745162964
source_pretrained_head_adapted,52.0,exp4_cellC,4,1.0,0.607383466208973,0.9166272878646851,2.962314037999953,4.47054955151044,1.3451495599980128,1.0802515745162964
source_pretrained_head_adapted,52.0,exp4_cellD,4,0.5555555555555556,0.9022812448120208,0.9166272878646851,4.372488325204205,4.442009781093183,1.0643641147474425,1.0802515745162964
source_pretrained_head_adapted,52.0,exp4_cellD,4,0.6666666666666666,0.8923975704406814,0.9166272878646851,4.3245916731932175,4.442009781093183,1.0742102663696715,1.0802515745162964
source_pretrained_head_adapted,52.0,exp4_cellD,4,0.7777777777777778,0.8835104800098998,0.9166272878646851,4.281524503863191,4.442009781093183,1.0741775775599118,1.0802515745162964
source_pretrained_head_adapted,52.0,exp4_cellD,4,0.8888888888888888,0.875958910819128,0.9166272878646851,4.244929319918632,4.442009781093183,1.0741448887501521,1.0802515745162964
source_pretrained_head_adapted,52.0,exp4_cellD,4,1.0,0.8644348045140147,0.9166272878646851,4.18908307400889,4.442009781093183,1.0741448887501521,1.0802515745162964
source_pretrained_head_adapted,52.0,exp4_cellE,4,0.5555555555555556,0.9031626739282209,0.9166272878646851,4.380760041797061,4.4460696968723035,1.0669487385914673,1.0802515745162964
source_pretrained_head_adapted,52.0,exp4_cellE,4,0.6666666666666666,0.8936768436122088,0.9166272878646851,4.334749342272785,4.4460696968723035,1.0718064659333733,1.0802515745162964
source_pretrained_head_adapted,52.0,exp4_cellE,4,0.7777777777777778,0.8845789877852711,0.9166272878646851,4.290620499902306,4.4460696968723035,1.0895330986657066,1.0802515745162964
source_pretrained_head_adapted,52.0,exp4_cellE,4,0.8888888888888888,0.8769456365435554,0.9166272878646851,4.253595187552686,4.4460696968723035,1.1072597313980397,1.0802515745162964
source_pretrained_head_adapted,52.0,exp4_cellE,4,1.0,0.866417081765175,0.9166272878646851,4.202526788246066,4.4460696968723035,1.1072597313980397,1.0802515745162964
source_pretrained_head_adapted,52.0,exp4_cellF,4,0.5555555555555556,0.8809606852792798,0.9166272878646851,4.27549648019382,4.448594367945791,1.1248434980139999,1.0802515745162964
source_pretrained_head_adapted,52.0,exp4_cellF,4,0.6666666666666666,0.8675851222355931,0.9166272878646851,4.210581923086469,4.448594367945791,1.1481679921046537,1.0802515745162964
source_pretrained_head_adapted,52.0,exp4_cellF,4,0.7777777777777778,0.8544207557354694,0.9166272878646851,4.146692349379309,4.448594367945791,1.138748075171229,1.0802515745162964
source_pretrained_head_adapted,52.0,exp4_cellF,4,0.8888888888888888,0.8417297823861739,0.9166272878646851,4.085100257028508,4.448594367945791,1.129328158237804,1.0802515745162964
source_pretrained_head_adapted,52.0,exp4_cellF,4,1.0,0.82925677614945,0.9166272878646851,4.024566007142383,4.448594367945791,1.129328158237804,1.0802515745162964
source_pretrained_head_adapted,52.0,exp4_cellG,4,0.5555555555555556,0.8780279430687331,0.9166272878646851,4.248364841997807,4.435128942901184,1.1238179341122128,1.0802515745162964
source_pretrained_head_adapted,52.0,exp4_cellG,4,0.6666666666666666,0.8647319796128923,0.9166272878646851,4.184031919415798,4.435128942901184,1.1471082309620073,1.0802515745162964
source_pretrained_head_adapted,52.0,exp4_cellG,4,0.7777777777777778,0.8502466450778778,0.9166272878646851,4.113944188781564,4.435128942901184,1.1465147414639307,1.0802515745162964
source_pretrained_head_adapted,52.0,exp4_cellG,4,0.8888888888888888,0.8388371519855474,0.9166272878646851,4.058739010289107,4.435128942901184,1.1459212519658541,1.0802515745162964
source_pretrained_head_adapted,52.0,exp4_cellG,4,1.0,0.823557638651194,0.9166272878646851,3.984808621438804,4.435128942901184,1.1459212519658541,1.0802515745162964
source_pretrained_head_adapted,52.0,exp4_cellH,4,0.5555555555555556,0.8799346262856523,0.9166272878646851,4.2794830399062285,4.45793450462392,1.1203208313975448,1.0802515745162964
source_pretrained_head_adapted,52.0,exp4_cellH,4,0.6666666666666666,0.8664328187037518,0.9166272878646851,4.21381821114648,4.45793450462392,1.1454743242688907,1.0802515745162964
source_pretrained_head_adapted,52.0,exp4_cellH,4,0.7777777777777778,0.8527671069811423,0.9166272878646851,4.147356249316409,4.45793450462392,1.1762497763661797,1.0802515745162964
source_pretrained_head_adapted,52.0,exp4_cellH,4,0.8888888888888888,0.8397879246540428,0.9166272878646851,4.084233161553476,4.45793450462392,1.2070252284634688,1.0802515745162964
source_pretrained_head_adapted,52.0,exp4_cellH,4,1.0,0.827136982019207,0.9166272878646851,4.022706438059098,4.45793450462392,1.2070252284634688,1.0802515745162964
source_pretrained_head_adapted,52.0,exp5_cellA,5,0.5333333333333333,0.8044691536942838,0.9166272878646851,3.924912141,4.4721187312039605,1.2063797378032324,1.0802515745162964
source_pretrained_head_adapted,52.0,exp5_cellA,5,0.6,0.7915716013752708,0.9166272878646851,3.861986472,4.4721187312039605,1.2350145971619613,1.0802515745162964
source_pretrained_head_adapted,52.0,exp5_cellA,5,0.6666666666666666,0.7817580260973462,0.9166272878646851,3.814107171,4.4721187312039605,1.2636494565206902,1.0802515745162964
source_pretrained_head_adapted,52.0,exp5_cellA,5,0.7333333333333333,0.7690068432998406,0.9166272878646851,3.751895622,4.4721187312039605,1.2998531789224779,1.0802515745162964
source_pretrained_head_adapted,52.0,exp5_cellA,5,0.8,0.7560403342356591,0.9166272878646851,3.688633521,4.4721187312039605,1.336056901324266,1.0802515745162964
source_pretrained_head_adapted,52.0,exp5_cellA,5,0.8666666666666667,0.7455051429921409,0.9166272878646851,3.637233539,4.4721187312039605,1.3523752966828282,1.0802515745162964
source_pretrained_head_adapted,52.0,exp5_cellA,5,0.9333333333333332,0.730968649254188,0.9166272878646851,3.566311664,4.4721187312039605,1.3686936920413904,1.0802515745162964
source_pretrained_head_adapted,52.0,exp5_cellA,5,1.0,0.7223409558959908,0.9166272878646851,3.524218144,4.4721187312039605,1.3686936920413904,1.0802515745162964
source_pretrained_head_adapted,52.0,exp5_cellB,5,0.5333333333333333,0.8143553276793362,0.9166272878646851,3.959118123,4.456329545682541,1.191444056407467,1.0802515745162964
source_pretrained_head_adapted,52.0,exp5_cellB,5,0.6,0.8065707255620619,0.9166272878646851,3.92127204,4.456329545682541,1.2036275403487529,1.0802515745162964
source_pretrained_head_adapted,52.0,exp5_cellB,5,0.6666666666666666,0.8007887687293093,0.9166272878646851,3.893162136,4.456329545682541,1.2158110242900386,1.0802515745162964
source_pretrained_head_adapted,52.0,exp5_cellB,5,0.7333333333333333,0.7934484824068493,0.9166272878646851,3.857476165,4.456329545682541,1.2290721055376792,1.0802515745162964
source_pretrained_head_adapted,52.0,exp5_cellB,5,0.8,0.7866488837091813,0.9166272878646851,3.824418833,4.456329545682541,1.2423331867853196,1.0802515745162964
source_pretrained_head_adapted,52.0,exp5_cellB,5,0.8666666666666667,0.7825607629831625,0.9166272878646851,3.804543783,4.456329545682541,1.2620825999439529,1.0802515745162964
source_pretrained_head_adapted,52.0,exp5_cellB,5,0.9333333333333332,0.7757626314800493,0.9166272878646851,3.771493584,4.456329545682541,1.281832013102586,1.0802515745162964
source_pretrained_head_adapted,52.0,exp5_cellB,5,1.0,0.7725232717995762,0.9166272878646851,3.755744921,4.456329545682541,1.281832013102586,1.0802515745162964
source_pretrained_head_adapted,52.0,exp5_cellC,5,0.5333333333333333,0.8214546359438883,0.9166272878646851,4.012352958,4.47721888576524,1.1912918944993611,1.0802515745162964
source_pretrained_head_adapted,52.0,exp5_cellC,5,0.6,0.8140619179825401,0.9166272878646851,3.976243607,4.47721888576524,1.1932901956847763,1.0802515745162964
source_pretrained_head_adapted,52.0,exp5_cellC,5,0.6666666666666666,0.8081618464949624,0.9166272878646851,3.947425011,4.47721888576524,1.1952884968701913,1.0802515745162964
source_pretrained_head_adapted,52.0,exp5_cellC,5,0.7333333333333333,0.8007939995087437,0.9166272878646851,3.911437141,4.47721888576524,1.215425593808408,1.0802515745162964
source_pretrained_head_adapted,52.0,exp5_cellC,5,0.8,0.7932565004152995,0.9166272878646851,3.874620614,4.47721888576524,1.2355626907466244,1.0802515745162964
source_pretrained_head_adapted,52.0,exp5_cellC,5,0.8666666666666667,0.7884116982953278,0.9166272878646851,3.850956427,4.47721888576524,1.2535908385505172,1.0802515745162964
source_pretrained_head_adapted,52.0,exp5_cellC,5,0.9333333333333332,0.7817976432498098,0.9166272878646851,3.818650415,4.47721888576524,1.2716189863544103,1.0802515745162964
source_pretrained_head_adapted,52.0,exp5_cellC,5,1.0,0.7777849401692979,0.9166272878646851,3.799050573,4.47721888576524,1.2716189863544103,1.0802515745162964
source_pretrained_head_adapted,52.0,exp5_cellD,5,0.5333333333333333,0.862591076376204,0.9166272878646851,4.192222457,4.454840313244103,1.1210099277230234,1.0802515745162964
source_pretrained_head_adapted,52.0,exp5_cellD,5,0.6,0.8552786413642833,0.9166272878646851,4.15668377,4.454840313244103,1.1303166616459792,1.0802515745162964
source_pretrained_head_adapted,52.0,exp5_cellD,5,0.6666666666666666,0.8493641208923439,0.9166272878646851,4.127938996,4.454840313244103,1.139623395568935,1.0802515745162964
source_pretrained_head_adapted,52.0,exp5_cellD,5,0.7333333333333333,0.8407250784462886,0.9166272878646851,4.085952951,4.454840313244103,1.145763977123925,1.0802515745162964
source_pretrained_head_adapted,52.0,exp5_cellD,5,0.8,0.8330016712553935,0.9166272878646851,4.048416925,4.454840313244103,1.1519045586789147,1.0802515745162964
source_pretrained_head_adapted,52.0,exp5_cellD,5,0.8666666666666667,0.8255998395543926,0.9166272878646851,4.012443767000001,4.454840313244103,1.1733459434437157,1.0802515745162964
source_pretrained_head_adapted,52.0,exp5_cellD,5,0.9333333333333332,0.8173156266826287,0.9166272878646851,3.972182206,4.454840313244103,1.1947873282085169,1.0802515745162964
source_pretrained_head_adapted,52.0,exp5_cellD,5,1.0,0.8103250072823504,0.9166272878646851,3.938207554,4.454840313244103,1.1947873282085169,1.0802515745162964
source_pretrained_head_adapted,52.0,exp5_cellE,5,0.5333333333333333,0.8656172401950055,0.9166272878646851,4.211511139000001,4.459691713492001,1.1208975213605896,1.0802515745162964
source_pretrained_head_adapted,52.0,exp5_cellE,5,0.6,0.8583629495272422,0.9166272878646851,4.176216641,4.459691713492001,1.1205962447236646,1.0802515745162964
source_pretrained_head_adapted,52.0,exp5_cellE,5,0.6666666666666666,0.851483072523713,0.9166272878646851,4.142743788,4.459691713492001,1.1202949680867398,1.0802515745162964
source_pretrained_head_adapted,52.0,exp5_cellE,5,0.7333333333333333,0.8441469335073652,0.9166272878646851,4.107051071,4.459691713492001,1.1287087838725094,1.0802515745162964
source_pretrained_head_adapted,52.0,exp5_cellE,5,0.8,0.8366904562340003,0.9166272878646851,4.070772869,4.459691713492001,1.1371225996582792,1.0802515745162964
source_pretrained_head_adapted,52.0,exp5_cellE,5,0.8666666666666667,0.8299388540553875,0.9166272878646851,4.037924115,4.459691713492001,1.1538529249624887,1.0802515745162964
source_pretrained_head_adapted,52.0,exp5_cellE,5,0.9333333333333332,0.8222797423134317,0.9166272878646851,4.00066003,4.459691713492001,1.1705832502666982,1.0802515745162964
source_pretrained_head_adapted,52.0,exp5_cellE,5,1.0,0.8160525188402225,0.9166272878646851,3.97036255,4.459691713492001,1.1705832502666982,1.0802515745162964
source_pretrained_head_adapted,52.0,exp5_cellF,5,0.5333333333333333,0.8522315864914315,0.9166272878646851,4.121763642,4.433209339189064,1.1883123049065991,1.0802515745162964
source_pretrained_head_adapted,52.0,exp5_cellF,5,0.6,0.8423039313668911,0.9166272878646851,4.073749171999999,4.433209339189064,1.2087664381431986,1.0802515745162964
source_pretrained_head_adapted,52.0,exp5_cellF,5,0.6666666666666666,0.8322107221075873,0.9166272878646851,4.02493401,4.433209339189064,1.2292205713797981,1.0802515745162964
source_pretrained_head_adapted,52.0,exp5_cellF,5,0.7333333333333333,0.8210154999509715,0.9166272878646851,3.970789033,4.433209339189064,1.2371509847644246,1.0802515745162964
source_pretrained_head_adapted,52.0,exp5_cellF,5,0.8,0.8096480195495653,0.9166272878646851,3.91581094,4.433209339189064,1.2450813981490514,1.0802515745162964
source_pretrained_head_adapted,52.0,exp5_cellF,5,0.8666666666666667,0.7985219847016456,0.9166272878646851,3.862000583,4.433209339189064,1.284781990745257,1.0802515745162964
source_pretrained_head_adapted,52.0,exp5_cellF,5,0.9333333333333332,0.7866654996007033,0.9166272878646851,3.80465745,4.433209339189064,1.3244825833414624,1.0802515745162964
source_pretrained_head_adapted,52.0,exp5_cellF,5,1.0,0.7678683443349683,0.9166272878646851,3.713746209,4.433209339189064,1.3244825833414624,1.0802515745162964
source_pretrained_head_adapted,52.0,exp5_cellG,5,0.5333333333333333,0.8498714817160511,0.9166272878646851,4.123182213,4.447050419485467,1.2228939135477763,1.0802515745162964
source_pretrained_head_adapted,52.0,exp5_cellG,5,0.6,0.8400058427597255,0.9166272878646851,4.075318709,4.447050419485467,1.236867862376435,1.0802515745162964
source_pretrained_head_adapted,52.0,exp5_cellG,5,0.6666666666666666,0.8299328251567766,0.9166272878646851,4.0264491,4.447050419485467,1.250841811205094,1.0802515745162964
source_pretrained_head_adapted,52.0,exp5_cellG,5,0.7333333333333333,0.8194936798065443,0.9166272878646851,3.975803209,4.447050419485467,1.2541946824482297,1.0802515745162964
source_pretrained_head_adapted,52.0,exp5_cellG,5,0.8,0.8085936348705501,0.9166272878646851,3.922921247,4.447050419485467,1.2575475536913652,1.0802515745162964
source_pretrained_head_adapted,52.0,exp5_cellG,5,0.8666666666666667,0.7978404378562369,0.9166272878646851,3.870751723,4.447050419485467,1.316380148152523,1.0802515745162964
source_pretrained_head_adapted,52.0,exp5_cellG,5,0.9333333333333332,0.7855218228441083,0.9166272878646851,3.810987517,4.447050419485467,1.3752127426136804,1.0802515745162964
source_pretrained_head_adapted,52.0,exp5_cellG,5,1.0,0.7696642878933628,0.9166272878646851,3.734054113,4.447050419485467,1.3752127426136804,1.0802515745162964
source_pretrained_head_adapted,52.0,exp5_cellH,5,0.5333333333333333,0.8526440302059033,0.9166272878646851,4.133824681,4.444031004284503,1.1977016713887478,1.0802515745162964
source_pretrained_head_adapted,52.0,exp5_cellH,5,0.6,0.8431704595629644,0.9166272878646851,4.0878945170000005,4.444031004284503,1.2144315202885887,1.0802515745162964
source_pretrained_head_adapted,52.0,exp5_cellH,5,0.6666666666666666,0.8318238318782536,0.9166272878646851,4.032883319,4.444031004284503,1.2311613691884293,1.0802515745162964
source_pretrained_head_adapted,52.0,exp5_cellH,5,0.7333333333333333,0.8228976751117055,0.9166272878646851,3.98960715,4.444031004284503,1.2292285687011615,1.0802515745162964
source_pretrained_head_adapted,52.0,exp5_cellH,5,0.8,0.8125378294201961,0.9166272878646851,3.93938011,4.444031004284503,1.2272957682138939,1.0802515745162964
source_pretrained_head_adapted,52.0,exp5_cellH,5,0.8666666666666667,0.8025090494980701,0.9166272878646851,3.890758157,4.444031004284503,1.2802798968420732,1.0802515745162964
source_pretrained_head_adapted,52.0,exp5_cellH,5,0.9333333333333332,0.7914666613646212,0.9166272878646851,3.837221986,4.444031004284503,1.333264025470253,1.0802515745162964
source_pretrained_head_adapted,52.0,exp5_cellH,5,1.0,0.7759335636988509,0.9166272878646851,3.761913768,4.444031004284503,1.333264025470253,1.0802515745162964
target_only_LSTM_from_scratch,52.0,exp1_cellA,1,0.5714285714285714,0.8549561721374236,0.8515909314155579,4.161854263183007,4.1454725562588735,1.1526787381402472,1.1809234619140625
target_only_LSTM_from_scratch,52.0,exp1_cellA,1,0.6428571428571429,0.8339231857086502,0.8372303247451782,4.059467465954306,4.075566338793252,1.1764673298760704,1.2079052925109863
target_only_LSTM_from_scratch,52.0,exp1_cellA,1,0.7142857142857143,0.818224933858435,0.8236316442489624,3.983049705001716,4.009369113436837,1.2002559216118935,1.2272876501083374
target_only_LSTM_from_scratch,52.0,exp1_cellA,1,0.7857142857142857,0.7639284558682716,0.8120798468589783,3.718739047024665,3.9531359417471847,1.3340435794062142,1.2385945320129395
target_only_LSTM_from_scratch,52.0,exp1_cellA,1,0.8571428571428571,0.7250005917778434,0.8034643530845642,3.52924150036526,3.9111964474631336,1.4678312372005347,1.246086597442627
target_only_LSTM_from_scratch,52.0,exp1_cellA,1,0.9285714285714286,0.6434004407516708,0.7974749207496643,3.132018873647892,3.8820403979375415,1.6131902334747197,1.2528197765350342
target_only_LSTM_from_scratch,52.0,exp1_cellA,1,1.0,0.5856790719679541,0.7934898138046265,2.8510361372478603,3.8626412347184704,1.7585492297489045,1.2584607601165771
target_only_LSTM_from_scratch,52.0,exp1_cellB,1,0.5714285714285714,0.8593055242284461,0.8601357340812683,4.176906007468412,4.1809414854491065,1.1371669739008392,1.1693718433380127
target_only_LSTM_from_scratch,52.0,exp1_cellB,1,0.6428571428571429,0.8383723891509776,0.8450942039489746,4.075154377582485,4.107827725791264,1.1910745065479214,1.2006609439849854
target_only_LSTM_from_scratch,52.0,exp1_cellB,1,0.7142857142857143,0.7994437874381211,0.8307710289955139,3.885930515088674,4.0382057417328605,1.244982039195004,1.2223609685897827
target_only_LSTM_from_scratch,52.0,exp1_cellB,1,0.7857142857142857,0.7144807798517927,0.818062961101532,3.47294294920684,3.9764344582567657,1.404277943400622,1.2353062629699707
target_only_LSTM_from_scratch,52.0,exp1_cellB,1,0.8571428571428571,0.6308130172936719,0.8081029057502747,3.066251300885086,3.9280206940502125,1.5635738476062404,1.2429029941558838
target_only_LSTM_from_scratch,52.0,exp1_cellB,1,0.9285714285714286,0.5586363849136401,0.8009764552116394,2.71541565409033,3.8933804953927225,1.7772623308717677,1.2494183778762817
target_only_LSTM_from_scratch,52.0,exp1_cellB,1,1.0,0.492781344774241,0.7961146831512451,2.395307956624624,3.8697484293190914,1.9909508141372947,1.2552521228790283
target_only_LSTM_from_scratch,52.0,exp1_cellD,1,0.5384615384615384,0.8181553504521012,0.8068472743034363,4.002078276099845,3.9467638350538423,1.1916693068263018,1.199324369430542
target_only_LSTM_from_scratch,52.0,exp1_cellD,1,0.6153846153846154,0.8129632683847705,0.79869544506073,3.976680753688106,3.906888451112782,1.2118230578580662,1.225480079650879
target_only_LSTM_from_scratch,52.0,exp1_cellD,1,0.6923076923076923,0.8031377766449331,0.7931408286094666,3.928618503624872,3.879717560132989,1.2083870831053638,1.242347240447998
target_only_LSTM_from_scratch,52.0,exp1_cellD,1,0.7692307692307693,0.7984539437080421,0.7896804213523865,3.905707126176501,3.8627906761342894,1.2049511083526614,1.2534031867980957
target_only_LSTM_from_scratch,52.0,exp1_cellD,1,0.8461538461538461,0.7884549637044503,0.787624180316925,3.856796243135256,3.852732393714089,1.2043092563409348,1.2606319189071655
target_only_LSTM_from_scratch,52.0,exp1_cellD,1,0.9230769230769232,0.7820982650781715,0.7865006923675537,3.825701897219304,3.847236754391857,1.2036674043292082,1.2650818824768066
target_only_LSTM_from_scratch,52.0,exp1_cellD,1,1.0,0.7696990653997923,0.7859880924224854,3.765050130233432,3.844729327039149,1.2036674043292082,1.2677315473556519
target_only_LSTM_from_scratch,52.0,exp1_cellE,1,0.5714285714285714,0.7961913353698228,0.795566201210022,3.865615255227751,3.8625801454025885,1.2205143504053828,1.2303651571273804
target_only_LSTM_from_scratch,52.0,exp1_cellE,1,0.6428571428571429,0.7814493934456567,0.7908348441123962,3.794041158572619,3.839608774876411,1.2289631743676406,1.2458949089050293
target_only_LSTM_from_scratch,52.0,exp1_cellE,1,0.7142857142857143,0.7731770269753371,0.7879201769828796,3.7538777146817752,3.825457676743025,1.2374119983298986,1.256052851676941
target_only_LSTM_from_scratch,52.0,exp1_cellE,1,0.7857142857142857,0.7562960683651517,0.7862219214439392,3.671918406375449,3.8172124193193757,1.2766134133528204,1.2626945972442627
target_only_LSTM_from_scratch,52.0,exp1_cellE,1,0.8571428571428571,0.7375311809904169,0.7853185534477234,3.580812372340662,3.812826447063556,1.3158148283757425,1.2668954133987427
target_only_LSTM_from_scratch,52.0,exp1_cellE,1,0.9285714285714286,0.6725044310535847,0.7849411368370056,3.265098817838162,3.8109940390189627,1.5495855177442008,1.2693713903427124
target_only_LSTM_from_scratch,52.0,exp1_cellE,1,1.0,0.5587558414481429,0.7849192023277283,2.712834225514765,3.810887544047325,1.7833562071126594,1.2706692218780518
target_only_LSTM_from_scratch,52.0,exp1_cellF,1,0.5714285714285714,0.7914942251085741,0.7938932776451111,3.847663007702252,3.8593254373265506,1.2061693643987719,1.2364288568496704
target_only_LSTM_from_scratch,52.0,exp1_cellF,1,0.6428571428571429,0.765044545670987,0.7897499203681946,3.7190841123557616,3.8391834804854903,1.2562988315510932,1.2488542795181274
target_only_LSTM_from_scratch,52.0,exp1_cellF,1,0.7142857142857143,0.7502677805201031,0.7872141003608704,3.6472503442233912,3.826856187971089,1.3064282987034144,1.2577011585235596
target_only_LSTM_from_scratch,52.0,exp1_cellF,1,0.7857142857142857,0.6973659111361276,0.785735547542572,3.3900803492823703,3.8196685512159125,1.5300580379135538,1.2637938261032104
target_only_LSTM_from_scratch,52.0,exp1_cellF,1,0.8571428571428571,0.5855959939675742,0.784972608089447,2.8467371864129323,3.8159597005158292,1.7536877771236934,1.267660140991211
target_only_LSTM_from_scratch,52.0,exp1_cellF,1,0.9285714285714286,0.5498386118680253,0.7846944332122803,2.672911083843661,3.8146074187801036,1.9363589350491521,1.269982099533081
target_only_LSTM_from_scratch,52.0,exp1_cellF,1,1.0,0.44945260077179,0.7847529649734497,2.184908102731843,3.814891957169751,2.119030092974611,1.2710340023040771
target_only_LSTM_from_scratch,52.0,exp1_cellJ,1,0.6,0.9283996811708648,0.9245774745941162,4.479245641129816,4.46080465876454,1.0461622608767824,1.058493971824646
target_only_LSTM_from_scratch,52.0,exp1_cellJ,1,0.7,0.9084019156276106,0.9059277176856995,4.382762514348698,4.370825262999558,1.070007889842271,1.093603491783142
target_only_LSTM_from_scratch,52.0,exp1_cellJ,1,0.8,0.8905796338743112,0.8865089416503906,4.296775434131507,4.277135584215379,1.0938535188077592,1.1456369161605835
target_only_LSTM_from_scratch,52.0,exp1_cellJ,1,0.9,0.8734456000301964,0.8701348304748535,4.214108940413596,4.1981354858763735,1.1120970413504792,1.1864957809448242
target_only_LSTM_from_scratch,52.0,exp1_cellJ,1,1.0,0.8612822153989198,0.8562520742416382,4.155424314927384,4.131155416186913,1.130340563893199,1.2129039764404297
target_only_LSTM_from_scratch,52.0,exp1_cellK,1,0.6,0.8068862227834716,0.8052090406417847,3.918879495398503,3.910733768628709,1.1758467449275036,1.2046551704406738
target_only_LSTM_from_scratch,52.0,exp1_cellK,1,0.7,0.7961825254601345,0.7982652187347412,3.866893851349858,3.8770090618201833,1.1973632239702936,1.2265410423278809
target_only_LSTM_from_scratch,52.0,exp1_cellK,1,0.8,0.7877533102337295,0.7937921285629272,3.825954896413799,3.8552841880270483,1.2188797030130838,1.2408044338226318
target_only_LSTM_from_scratch,52.0,exp1_cellK,1,0.9,0.7790779761794198,0.7911865711212158,3.7838205932354807,3.8426295344413393,1.2367410711453302,1.2500779628753662
target_only_LSTM_from_scratch,52.0,exp1_cellK,1,1.0,0.7717907926718258,0.789842426776886,3.748428250150724,3.836101303370943,1.2546024392775765,1.255852460861206
target_only_LSTM_from_scratch,52.0,exp1_cellL,1,0.6,0.8070037299410662,0.8056137561798096,3.911680712389937,3.904943279400584,1.1585168241866015,1.2033311128616333
target_only_LSTM_from_scratch,52.0,exp1_cellL,1,0.7,0.7977274944560124,0.7985395193099976,3.866717262923449,3.870653281855539,1.1769333624986371,1.2261980772018433
target_only_LSTM_from_scratch,52.0,exp1_cellL,1,0.8,0.7902851473030869,0.7940050959587097,3.830642973880033,3.848674181007593,1.1953499008106725,1.24061119556427
target_only_LSTM_from_scratch,52.0,exp1_cellL,1,0.9,0.7826036305284555,0.7913785576820374,3.793409390075632,3.835942915046823,1.21332140108182,1.249838948249817
target_only_LSTM_from_scratch,52.0,exp1_cellL,1,1.0,0.7761383115014312,0.7900267243385315,3.762070918146505,3.8293903549780564,1.2312929013529677,1.2555594444274902
target_only_LSTM_from_scratch,52.0,exp1_cellM,1,0.6,0.8094657288379769,0.8047105669975281,3.907895631767987,3.884938914117549,1.1857881455883141,1.2073951959609985
target_only_LSTM_from_scratch,52.0,exp1_cellM,1,0.7,0.8010379454939867,0.7979677319526672,3.8672084271809,3.852386213393121,1.2026227698652867,1.2277549505233765
target_only_LSTM_from_scratch,52.0,exp1_cellM,1,0.8,0.794506580500605,0.7936326861381531,3.83567665033377,3.8314577095682916,1.2194573941422593,1.2413830757141113
target_only_LSTM_from_scratch,52.0,exp1_cellM,1,0.9,0.7878186379024347,0.791114330291748,3.803388956446564,3.819299725035047,1.2348615811671344,1.2503721714019775
target_only_LSTM_from_scratch,52.0,exp1_cellM,1,1.0,0.7831291042673945,0.7898294925689697,3.780749075158803,3.81309685375156,1.2502657681920093,1.256026029586792
target_only_LSTM_from_scratch,52.0,exp2_cellA,2,0.5833333333333334,0.9249928121553804,0.9224324822425842,4.482643358757167,4.470235645173879,1.0317597793434083,1.056554913520813
target_only_LSTM_from_scratch,52.0,exp2_cellA,2,0.6666666666666666,0.9189006441015372,0.9093995690345764,4.453119868079051,4.407076341588588,1.0351754162063005,1.0826995372772217
target_only_LSTM_from_scratch,52.0,exp2_cellA,2,0.75,0.9161023998591324,0.8940455913543701,4.439559188682886,4.332668837903984,1.0349482098005431,1.1228598356246948
target_only_LSTM_from_scratch,52.0,exp2_cellA,2,0.8333333333333334,0.9124277118108484,0.8783894777297974,4.42175114114059,4.2567971415611705,1.034721003394786,1.1654292345046997
target_only_LSTM_from_scratch,52.0,exp2_cellA,2,0.9166666666666666,0.9109432059512895,0.8649671673774719,4.414557020013442,4.191750765449523,1.0360149698349184,1.1966931819915771
target_only_LSTM_from_scratch,52.0,exp2_cellA,2,1.0,0.9107642676506382,0.8528342247009277,4.413689860210143,4.132952843783018,1.037308936275051,1.2167996168136597
target_only_LSTM_from_scratch,52.0,exp2_cellB,2,0.5833333333333334,0.9215232607161805,0.9202466011047363,4.461646432162857,4.455465357801197,1.0185466313375071,1.0554192066192627
target_only_LSTM_from_scratch,52.0,exp2_cellB,2,0.6666666666666666,0.9108267995628626,0.9075568914413452,4.409858452655557,4.394026867577032,1.028362923646641,1.0836069583892822
target_only_LSTM_from_scratch,52.0,exp2_cellB,2,0.75,0.9058028992907209,0.8918880820274353,4.385534740297691,4.318164769898152,1.0297177633062533,1.1259346008300781
target_only_LSTM_from_scratch,52.0,exp2_cellB,2,0.8333333333333334,0.9001834664415093,0.8764085173606873,4.35832769779398,4.2432189194666,1.0310726029658654,1.1683927774429321
target_only_LSTM_from_scratch,52.0,exp2_cellB,2,0.9166666666666666,0.8956699538478909,0.8630342483520508,4.336475078095385,4.178466067152493,1.0299008119149284,1.1990622282028198
target_only_LSTM_from_scratch,52.0,exp2_cellB,2,1.0,0.8959111069771764,0.8509045243263245,4.337642644932543,4.1197388030349895,1.0287290208639914,1.2181044816970825
target_only_LSTM_from_scratch,52.0,exp2_cellC,2,0.5833333333333334,0.9374129888404765,0.9336029887199402,4.529879087947729,4.511467949979133,1.0282826226508421,1.0553898811340332
target_only_LSTM_from_scratch,52.0,exp2_cellC,2,0.6666666666666666,0.9303869734073997,0.9233795404434204,4.495927136395126,4.462064981270746,1.0318308773780704,1.072952389717102
target_only_LSTM_from_scratch,52.0,exp2_cellC,2,0.75,0.928262601289942,0.9103594422340393,4.485661491535869,4.39914770649023,1.0358076599085582,1.1036827564239502
target_only_LSTM_from_scratch,52.0,exp2_cellC,2,0.8333333333333334,0.9253155389115526,0.895003080368042,4.471420344466575,4.324940859228828,1.0397844424390466,1.1406421661376953
target_only_LSTM_from_scratch,52.0,exp2_cellC,2,0.9166666666666666,0.9200752424845271,0.8809399008750916,4.446097557731145,4.256983082396687,1.0473832552450855,1.173146367073059
target_only_LSTM_from_scratch,52.0,exp2_cellC,2,1.0,0.9180942687374104,0.8694435954093933,4.4365248596165845,4.2014292610418735,1.0549820680511246,1.1934937238693237
target_only_LSTM_from_scratch,52.0,exp2_cellD,2,0.5833333333333334,0.934022005775634,0.9345173835754395,4.505097731281088,4.507487102610918,1.0483765989649787,1.0561821460723877
target_only_LSTM_from_scratch,52.0,exp2_cellD,2,0.6666666666666666,0.9250959575914592,0.9237369298934937,4.462044442198849,4.455489401138795,1.059262296343421,1.0741597414016724
target_only_LSTM_from_scratch,52.0,exp2_cellD,2,0.75,0.9199823232382219,0.9106531143188477,4.437379688712404,4.392381821769838,1.061095264542489,1.1040257215499878
target_only_LSTM_from_scratch,52.0,exp2_cellD,2,0.8333333333333334,0.9145132805755902,0.8953767418861389,4.411000683143643,4.318698813914311,1.0629282327415572,1.1401983499526978
target_only_LSTM_from_scratch,52.0,exp2_cellD,2,0.9166666666666666,0.9105086329801314,0.8812974095344543,4.391684940382421,4.250789527148789,1.0721670635052118,1.1726917028427124
target_only_LSTM_from_scratch,52.0,exp2_cellD,2,1.0,0.9100229179493048,0.8697823286056519,4.389342175790265,4.195248474960423,1.0814058942688665,1.1931538581848145
target_only_LSTM_from_scratch,52.0,exp2_cellE,2,0.5833333333333334,0.921390350630106,0.9170445799827576,4.466412726676465,4.445346730800493,1.0454157351444686,1.0937540531158447
target_only_LSTM_from_scratch,52.0,exp2_cellE,2,0.6666666666666666,0.9165428840789561,0.90418940782547,4.442914774607194,4.383031660442245,1.0502823695220944,1.123025894165039
target_only_LSTM_from_scratch,52.0,exp2_cellE,2,0.75,0.911727243647203,0.8911679983139038,4.419571098719151,4.319910759380114,1.0545276514730193,1.1525259017944336
target_only_LSTM_from_scratch,52.0,exp2_cellE,2,0.8333333333333334,0.9073976174354801,0.8801530599594116,4.39858336252182,4.266516168459537,1.058772933423944,1.1730306148529053
target_only_LSTM_from_scratch,52.0,exp2_cellE,2,0.9166666666666666,0.9031805240556576,0.8711012005805969,4.378141125929759,4.222637545352647,1.0621200206058443,1.186496376991272
target_only_LSTM_from_scratch,52.0,exp2_cellE,2,1.0,0.8946822541703837,0.8632863759994507,4.336946011671876,4.184755412180636,1.0654671077877444,1.1948270797729492
target_only_LSTM_from_scratch,52.0,exp2_cellF,2,0.5833333333333334,0.9170734708438081,0.9101767539978027,4.427288669079348,4.393993892469931,1.0652078517860382,1.107134222984314
target_only_LSTM_from_scratch,52.0,exp2_cellF,2,0.6666666666666666,0.9078142921608467,0.8972697257995605,4.382588807867206,4.331683574365333,1.070479113842055,1.136464238166809
target_only_LSTM_from_scratch,52.0,exp2_cellF,2,0.75,0.9042943898734698,0.8848927021026611,4.36559603246958,4.271931920313242,1.0745110763335914,1.16189706325531
target_only_LSTM_from_scratch,52.0,exp2_cellF,2,0.8333333333333334,0.8995338693582364,0.8749102354049683,4.342614014991067,4.223740294336435,1.0785430388251278,1.1796292066574097
target_only_LSTM_from_scratch,52.0,exp2_cellF,2,0.9166666666666666,0.8930768140394663,0.866479218006134,4.3114417602511,4.183038486918186,1.0804146733474087,1.1907564401626587
target_only_LSTM_from_scratch,52.0,exp2_cellF,2,1.0,0.8916410271050312,0.8588554859161377,4.30451031644847,4.1462339518714115,1.082286307869689,1.1977063417434692
target_only_LSTM_from_scratch,52.0,exp3_cellA,3,0.6,0.873949597840415,0.8628935813903809,4.2743657571259615,4.2202923205787926,1.1336774373714231,1.162877082824707
target_only_LSTM_from_scratch,52.0,exp3_cellA,3,0.7,0.8595327928385645,0.8499727845191956,4.203855171870993,4.15709850272311,1.1831843398251038,1.190685749053955
target_only_LSTM_from_scratch,52.0,exp3_cellA,3,0.8,0.8376336737446474,0.8371623754501343,4.096749630547367,4.094444576232522,1.232691242278785,1.2131953239440918
target_only_LSTM_from_scratch,52.0,exp3_cellA,3,0.9,0.7791267852597307,0.8251558542251587,3.810600587955119,4.035722353219826,1.3508831141859985,1.229116439819336
target_only_LSTM_from_scratch,52.0,exp3_cellA,3,1.0,0.7575357692124128,0.8150741457939148,3.705001935719038,3.986414121488474,1.4690749860932122,1.2395836114883423
target_only_LSTM_from_scratch,52.0,exp3_cellB,3,0.6,0.8436353663923807,0.8615021705627441,4.116083995859684,4.203255859003918,1.1659863773095838,1.162377953529358
target_only_LSTM_from_scratch,52.0,exp3_cellB,3,0.7,0.8218953819738878,0.8486467003822327,4.010014945770124,4.140534217430817,1.318438170555717,1.1916823387145996
target_only_LSTM_from_scratch,52.0,exp3_cellB,3,0.8,0.7394175881654729,0.8358064889907837,3.607607056494019,4.077887023255204,1.47088996380185,1.2142435312271118
target_only_LSTM_from_scratch,52.0,exp3_cellB,3,0.9,0.7123684053550189,0.8238704800605774,3.4756345089901144,4.019651419001019,1.4998609949574946,1.230127215385437
target_only_LSTM_from_scratch,52.0,exp3_cellB,3,1.0,0.7738294336290892,0.8139563202857971,3.775501922005038,3.9712803857240795,1.528832026113139,1.2404927015304565
target_only_LSTM_from_scratch,52.0,exp3_cellC,3,0.6,0.8971296129961095,0.8814516067504883,4.324958549151195,4.249376686549208,1.1023593275514205,1.1199898719787598
target_only_LSTM_from_scratch,52.0,exp3_cellC,3,0.7,0.88686539707305,0.8677718639373779,4.275475946232187,4.18342822183165,1.1325279115772933,1.1568695306777954
target_only_LSTM_from_scratch,52.0,exp3_cellC,3,0.8,0.8684117953983999,0.854725182056427,4.186513257709548,4.120531670963565,1.1626964956031665,1.1900616884231567
target_only_LSTM_from_scratch,52.0,exp3_cellC,3,0.9,0.8524862852889896,0.8420506119728088,4.109738207483236,4.05942902821734,1.4009633705973525,1.2140640020370483
target_only_LSTM_from_scratch,52.0,exp3_cellC,3,1.0,0.8263742910997344,0.8301998972892761,3.983855290602311,4.002298097478218,1.6392302455915388,1.229040503501892
target_only_LSTM_from_scratch,52.0,exp3_cellD,3,0.5454545454545454,0.8848983577362085,0.8929781913757324,4.309725245858735,4.349076503225376,1.1118191520181597,1.1421775817871094
target_only_LSTM_from_scratch,52.0,exp3_cellD,3,0.6363636363636364,0.887787311867856,0.8775060176849365,4.323795334752494,4.273722292224103,1.1253571792920565,1.1658034324645996
target_only_LSTM_from_scratch,52.0,exp3_cellD,3,0.7272727272727273,0.857549518588028,0.8644832968711853,4.176528047003746,4.210297664785112,1.1388952065659532,1.1862742900848389
target_only_LSTM_from_scratch,52.0,exp3_cellD,3,0.8181818181818182,0.8543504418842668,0.8530356287956238,4.160947566473859,4.154544025194602,1.1607064304892893,1.2012546062469482
target_only_LSTM_from_scratch,52.0,exp3_cellD,3,0.9090909090909092,0.8353594218833993,0.8423497676849365,4.068455499303874,4.102500618175196,1.1825176544126255,1.2126915454864502
target_only_LSTM_from_scratch,52.0,exp3_cellD,3,1.0,0.855786983777141,0.8326162099838257,4.167943964205111,4.055095219589289,1.1825176544126255,1.2224361896514893
target_only_LSTM_from_scratch,52.0,exp3_cellE,3,0.5454545454545454,0.8764127304458983,0.8934378027915955,4.279353494087043,4.3624836225056205,1.1102010880588071,1.1394048929214478
target_only_LSTM_from_scratch,52.0,exp3_cellE,3,0.6363636363636364,0.8880560096373777,0.8776538968086243,4.336205369647247,4.2854138688700205,1.1392512618921713,1.1650224924087524
target_only_LSTM_from_scratch,52.0,exp3_cellE,3,0.7272727272727273,0.8458131769523313,0.8644299507141113,4.1299418052659815,4.220843903191429,1.1683014357255352,1.1864080429077148
target_only_LSTM_from_scratch,52.0,exp3_cellE,3,0.8181818181818182,0.8390560662996611,0.8527230620384216,4.096948143630413,4.163681434848788,1.19957109054225,1.2019879817962646
target_only_LSTM_from_scratch,52.0,exp3_cellE,3,0.9090909090909092,0.8260574309036003,0.8417841196060181,4.033478326422035,4.110268699166701,1.230840745358965,1.2136868238449097
target_only_LSTM_from_scratch,52.0,exp3_cellE,3,1.0,0.8534566359036194,0.8318521976470947,4.167263333849283,4.061773049273192,1.230840745358965,1.2234885692596436
target_only_LSTM_from_scratch,52.0,exp3_cellF,3,0.5454545454545454,0.8960881611931472,0.895721971988678,4.394232365009932,4.392436648334184,1.0509728244971537,1.1328365802764893
target_only_LSTM_from_scratch,52.0,exp3_cellF,3,0.6363636363636364,0.8986372589960113,0.8802291750907898,4.406732617275297,4.316463153201095,1.0565565302232416,1.1569952964782715
target_only_LSTM_from_scratch,52.0,exp3_cellF,3,0.7272727272727273,0.8858910640415816,0.8667811155319214,4.344227894163116,4.250516630169837,1.0621402359493297,1.1806215047836304
target_only_LSTM_from_scratch,52.0,exp3_cellF,3,0.8181818181818182,0.8819147159986288,0.8548500537872314,4.3247286997516845,4.192009152961747,1.0723233425722347,1.19818115234375
target_only_LSTM_from_scratch,52.0,exp3_cellF,3,0.9090909090909092,0.8722484867937208,0.8438025116920471,4.277327496321819,4.137834274717814,1.0825064491951395,1.2113573551177979
target_only_LSTM_from_scratch,52.0,exp3_cellF,3,1.0,0.8792906733199577,0.8336969017982483,4.31186093320243,4.088278438599671,1.0825064491951395,1.2215677499771118
target_only_LSTM_from_scratch,52.0,exp3_cellG,3,0.5454545454545454,0.9130515923888205,0.9147829413414001,4.446549073970472,4.454980720271719,1.1117924779760167,1.1108417510986328
target_only_LSTM_from_scratch,52.0,exp3_cellG,3,0.6363636363636364,0.9036316373179148,0.9008092880249023,4.400674018446181,4.386929215041992,1.137557999044256,1.1350233554840088
target_only_LSTM_from_scratch,52.0,exp3_cellG,3,0.7272727272727273,0.8821256532598138,0.8879029750823975,4.295940162993191,4.324075643194291,1.1633235201124954,1.1590789556503296
target_only_LSTM_from_scratch,52.0,exp3_cellG,3,0.8181818181818182,0.8846423550385656,0.877415120601654,4.308196467080554,4.272999931790869,1.2051773476963223,1.176124930381775
target_only_LSTM_from_scratch,52.0,exp3_cellG,3,0.9090909090909092,0.8614075712479565,0.8685731291770935,4.195043379994058,4.229939551513703,1.247031175280149,1.188185691833496
target_only_LSTM_from_scratch,52.0,exp3_cellG,3,1.0,0.8355233939574123,0.8608270883560181,4.068987781908266,4.192216436054502,1.247031175280149,1.19629967212677
target_only_LSTM_from_scratch,52.0,exp3_cellH,3,0.5833333333333334,0.9101151599695884,0.901699423789978,4.405421300679533,4.364684847692866,1.152916864042138,1.1344207525253296
target_only_LSTM_from_scratch,52.0,exp3_cellH,3,0.6666666666666666,0.8958425179469541,0.8889049887657166,4.336334437885612,4.302753260279329,1.1742413337529805,1.156693935394287
target_only_LSTM_from_scratch,52.0,exp3_cellH,3,0.75,0.8921058581696183,0.8783228397369385,4.318247099820594,4.251530264785107,1.2052971567773032,1.173013687133789
target_only_LSTM_from_scratch,52.0,exp3_cellH,3,0.8333333333333334,0.8780266203909394,0.8694267272949219,4.250096412154215,4.208468545819115,1.2363529798016262,1.1853060722351074
target_only_LSTM_from_scratch,52.0,exp3_cellH,3,0.9166666666666666,0.856822653409808,0.8615719676017761,4.147458403354644,4.170447504981755,1.2531625041290193,1.1941120624542236
target_only_LSTM_from_scratch,52.0,exp3_cellH,3,1.0,0.8550103327900257,0.8542686700820923,4.1386858477339725,4.135095822168902,1.2699720284564129,1.2002989053726196
target_only_LSTM_from_scratch,52.0,exp3_cellI,3,0.5833333333333334,0.9065722790690582,0.8974654078483582,4.392877937974479,4.34874977015705,1.1542619400491336,1.1432589292526245
target_only_LSTM_from_scratch,52.0,exp3_cellI,3,0.6666666666666666,0.8895981239088468,0.8848781585693359,4.310628134576985,4.287757115810303,1.1765678882144186,1.1632574796676636
target_only_LSTM_from_scratch,52.0,exp3_cellI,3,0.75,0.8910378061334746,0.8747692108154297,4.317604244952602,4.238773295557303,1.2131443205798447,1.178019642829895
target_only_LSTM_from_scratch,52.0,exp3_cellI,3,0.8333333333333334,0.876207266900275,0.8660619854927063,4.245741526325592,4.1965816480689835,1.2497207529452707,1.1889699697494507
target_only_LSTM_from_scratch,52.0,exp3_cellI,3,0.9166666666666666,0.848484709734731,0.8581706285476685,4.111409369289189,4.15834336456429,1.27719374175336,1.196988582611084
target_only_LSTM_from_scratch,52.0,exp3_cellI,3,1.0,0.8512971333711653,0.8507614731788635,4.125037222280036,4.122441632391241,1.3046667305614497,1.2034657001495361
target_only_LSTM_from_scratch,52.0,exp4_cellA,4,0.5555555555555556,0.911691872614689,0.9107183814048767,4.472674533016423,4.467898676750692,1.067734335942842,1.1850917339324951
target_only_LSTM_from_scratch,52.0,exp4_cellA,4,0.6666666666666666,0.9027280630329916,0.8995180130004883,4.428698926740714,4.412950723360432,1.1125671748506414,1.380406141281128
target_only_LSTM_from_scratch,52.0,exp4_cellA,4,0.7777777777777778,0.8975989791621065,0.8863847255706787,4.403536123938469,4.34852005112725,1.1173135353886186,1.604690432548523
target_only_LSTM_from_scratch,52.0,exp4_cellA,4,0.8888888888888888,0.888880028710196,0.8711329102516174,4.360761773511224,4.273696080431763,1.122059895926596,1.657915711402893
target_only_LSTM_from_scratch,52.0,exp4_cellA,4,1.0,0.8816852587888638,0.8575039505958557,4.325464909335212,4.206833686902895,1.122059895926596,1.401807188987732
target_only_LSTM_from_scratch,52.0,exp4_cellB,4,0.5555555555555556,0.8965273433264614,0.9098297953605652,4.353698434041002,4.418297539713448,1.0712715811958393,1.2170801162719727
target_only_LSTM_from_scratch,52.0,exp4_cellB,4,0.6666666666666666,0.8473381548652769,0.898307204246521,4.114826865461052,4.362341759599509,1.1095998862805168,1.442688226699829
target_only_LSTM_from_scratch,52.0,exp4_cellB,4,0.7777777777777778,0.7966265675802644,0.8842409253120422,3.8685622536854622,4.294033372771508,1.1835435772385512,1.6930184364318848
target_only_LSTM_from_scratch,52.0,exp4_cellB,4,0.8888888888888888,0.733695243755318,0.8679485321044922,3.562956397903964,4.214914573637836,1.2574872681965856,1.7228213548660278
target_only_LSTM_from_scratch,52.0,exp4_cellB,4,1.0,0.6260958680860047,0.8533205389976501,3.0404344281700237,4.143878401504902,1.2574872681965856,1.3996810913085938
target_only_LSTM_from_scratch,52.0,exp4_cellC,4,0.5555555555555556,0.896165286677176,0.8952702283859253,4.370752838666638,4.366387484835805,1.262270345598159,1.9788047075271606
target_only_LSTM_from_scratch,52.0,exp4_cellC,4,0.6666666666666666,0.856391265128893,0.8737149834632874,4.176768068031387,4.261258833531871,1.0993217703645564,2.514676809310913
target_only_LSTM_from_scratch,52.0,exp4_cellC,4,0.7777777777777778,0.8005060665908709,0.8512235283851624,3.9042063053958542,4.151564123649775,1.2222356651812845,2.0622661113739014
target_only_LSTM_from_scratch,52.0,exp4_cellC,4,0.8888888888888888,0.6967940421631312,0.8352756500244141,3.398384854921955,4.073783567258887,1.3451495599980128,1.2084521055221558
target_only_LSTM_from_scratch,52.0,exp4_cellC,4,1.0,0.607383466208973,0.8323472142219543,2.962314037999953,4.059501080214659,1.3451495599980128,1.1866436004638672
target_only_LSTM_from_scratch,52.0,exp4_cellD,4,0.5555555555555556,0.9022812448120208,0.9025166034698486,4.372488325204205,4.373628881975727,1.0643641147474425,1.0991226434707642
target_only_LSTM_from_scratch,52.0,exp4_cellD,4,0.6666666666666666,0.8923975704406814,0.8957865238189697,4.3245916731932175,4.3410146667624945,1.0742102663696715,1.1213570833206177
target_only_LSTM_from_scratch,52.0,exp4_cellD,4,0.7777777777777778,0.8835104800098998,0.8899491429328918,4.281524503863191,4.312726502821479,1.0741775775599118,1.1389325857162476
target_only_LSTM_from_scratch,52.0,exp4_cellD,4,0.8888888888888888,0.875958910819128,0.8845710754394531,4.244929319918632,4.286664188590266,1.0741448887501521,1.1498316526412964
target_only_LSTM_from_scratch,52.0,exp4_cellD,4,1.0,0.8644348045140147,0.879497230052948,4.18908307400889,4.26207614595506,1.0741448887501521,1.1575056314468384
target_only_LSTM_from_scratch,52.0,exp4_cellE,4,0.5555555555555556,0.9031626739282209,0.902263343334198,4.380760041797061,4.3763978691294,1.0669487385914673,1.1001646518707275
target_only_LSTM_from_scratch,52.0,exp4_cellE,4,0.6666666666666666,0.8936768436122088,0.8954391479492188,4.334749342272785,4.3432973399302615,1.0718064659333733,1.1227147579193115
target_only_LSTM_from_scratch,52.0,exp4_cellE,4,0.7777777777777778,0.8845789877852711,0.8895038962364197,4.290620499902306,4.314508601985247,1.0895330986657066,1.1402331590652466
target_only_LSTM_from_scratch,52.0,exp4_cellE,4,0.8888888888888888,0.8769456365435554,0.8840345144271851,4.253595187552686,4.287979550270771,1.1072597313980397,1.1508359909057617
target_only_LSTM_from_scratch,52.0,exp4_cellE,4,1.0,0.866417081765175,0.8788368701934814,4.202526788246066,4.262768552487336,1.1072597313980397,1.1585994958877563
target_only_LSTM_from_scratch,52.0,exp4_cellF,4,0.5555555555555556,0.8809606852792798,0.8862891793251038,4.27549648019382,4.3013568368684565,1.1248434980139999,1.1423791646957397
target_only_LSTM_from_scratch,52.0,exp4_cellF,4,0.6666666666666666,0.8675851222355931,0.8786320686340332,4.210581923086469,4.264195190094459,1.1481679921046537,1.157691478729248
target_only_LSTM_from_scratch,52.0,exp4_cellF,4,0.7777777777777778,0.8544207557354694,0.8714696168899536,4.146692349379309,4.229434232275255,1.138748075171229,1.1680063009262085
target_only_LSTM_from_scratch,52.0,exp4_cellF,4,0.8888888888888888,0.8417297823861739,0.8647670149803162,4.085100257028508,4.196905027111337,1.129328158237804,1.1754136085510254
target_only_LSTM_from_scratch,52.0,exp4_cellF,4,1.0,0.82925677614945,0.8584613800048828,4.024566007142383,4.166302390020551,1.129328158237804,1.1818499565124512
target_only_LSTM_from_scratch,52.0,exp4_cellG,4,0.5555555555555556,0.8780279430687331,0.8851080536842346,4.248364841997807,4.282622172022209,1.1238179341122128,1.1451064348220825
target_only_LSTM_from_scratch,52.0,exp4_cellG,4,0.6666666666666666,0.8647319796128923,0.8773542642593384,4.184031919415798,4.245105226639065,1.1471082309620073,1.1596271991729736
target_only_LSTM_from_scratch,52.0,exp4_cellG,4,0.7777777777777778,0.8502466450778778,0.8701067566871643,4.113944188781564,4.210037941360962,1.1465147414639307,1.1697293519973755
target_only_LSTM_from_scratch,52.0,exp4_cellG,4,0.8888888888888888,0.8388371519855474,0.8632800579071045,4.058739010289107,4.177006752190887,1.1459212519658541,1.1773223876953125
target_only_LSTM_from_scratch,52.0,exp4_cellG,4,1.0,0.823557638651194,0.8568673133850098,3.984808621438804,4.145978493257391,1.1459212519658541,1.1838334798812866
target_only_LSTM_from_scratch,52.0,exp4_cellH,4,0.5555555555555556,0.8799346262856523,0.8863402605056763,4.2794830399062285,4.310636266731896,1.1203208313975448,1.1413034200668335
target_only_LSTM_from_scratch,52.0,exp4_cellH,4,0.6666666666666666,0.8664328187037518,0.878752589225769,4.21381821114648,4.2737343088082556,1.1454743242688907,1.1569427251815796
target_only_LSTM_from_scratch,52.0,exp4_cellH,4,0.7777777777777778,0.8527671069811423,0.8716298937797546,4.147356249316409,4.23909371909956,1.1762497763661797,1.1676255464553833
target_only_LSTM_from_scratch,52.0,exp4_cellH,4,0.8888888888888888,0.8397879246540428,0.8649383187294006,4.084233161553476,4.206549844722064,1.2070252284634688,1.1752512454986572
target_only_LSTM_from_scratch,52.0,exp4_cellH,4,1.0,0.827136982019207,0.8586292862892151,4.022706438059098,4.1758664319781404,1.2070252284634688,1.1817671060562134
target_only_LSTM_from_scratch,52.0,exp5_cellA,5,0.5333333333333333,0.8044691536942838,0.8057100772857666,3.924912141,3.9309664639630344,1.2063797378032324,1.1983866691589355
target_only_LSTM_from_scratch,52.0,exp5_cellA,5,0.6,0.7915716013752708,0.7997838854789734,3.861986472,3.9020532581980105,1.2350145971619613,1.2086999416351318
target_only_LSTM_from_scratch,52.0,exp5_cellA,5,0.6666666666666666,0.7817580260973462,0.7947324514389038,3.814107171,3.877407894603542,1.2636494565206902,1.2225093841552734
target_only_LSTM_from_scratch,52.0,exp5_cellA,5,0.7333333333333333,0.7690068432998406,0.7906923890113831,3.751895622,3.8576968963640748,1.2998531789224779,1.235129952430725
target_only_LSTM_from_scratch,52.0,exp5_cellA,5,0.8,0.7560403342356591,0.7876144051551819,3.688633521,3.8426797684213456,1.336056901324266,1.245745062828064
target_only_LSTM_from_scratch,52.0,exp5_cellA,5,0.8666666666666667,0.7455051429921409,0.785412073135376,3.637233539,3.8319348447118977,1.3523752966828282,1.253778100013733
target_only_LSTM_from_scratch,52.0,exp5_cellA,5,0.9333333333333332,0.730968649254188,0.7839179039001465,3.566311664,3.8246449654851675,1.3686936920413904,1.2596008777618408
target_only_LSTM_from_scratch,52.0,exp5_cellA,5,1.0,0.7223409558959908,0.7829887270927429,3.524218144,3.820111619096725,1.3686936920413904,1.2635459899902344
target_only_LSTM_from_scratch,52.0,exp5_cellB,5,0.5333333333333333,0.8143553276793362,0.8116851449012756,3.959118123,3.9461366041604693,1.191444056407467,1.2187731266021729
target_only_LSTM_from_scratch,52.0,exp5_cellB,5,0.6,0.8065707255620619,0.8047907948493958,3.92127204,3.9126186233614884,1.2036275403487529,1.2403875589370728
target_only_LSTM_from_scratch,52.0,exp5_cellB,5,0.6666666666666666,0.8007887687293093,0.7999256253242493,3.893162136,3.8889658268686293,1.2158110242900386,1.2489534616470337
target_only_LSTM_from_scratch,52.0,exp5_cellB,5,0.7333333333333333,0.7934484824068493,0.795332670211792,3.857476165,3.8666364440970153,1.2290721055376792,1.2519642114639282
target_only_LSTM_from_scratch,52.0,exp5_cellB,5,0.8,0.7866488837091813,0.7902520298957825,3.824418833,3.8419361020376357,1.2423331867853196,1.2534438371658325
target_only_LSTM_from_scratch,52.0,exp5_cellB,5,0.8666666666666667,0.7825607629831625,0.7861739993095398,3.804543783,3.822110106859154,1.2620825999439529,1.2570164203643799
target_only_LSTM_from_scratch,52.0,exp5_cellB,5,0.9333333333333332,0.7757626314800493,0.7837841510772705,3.771493584,3.810491479061188,1.281832013102586,1.2610903978347778
target_only_LSTM_from_scratch,52.0,exp5_cellB,5,1.0,0.7725232717995762,0.7825767993927002,3.755744921,3.8046217465589907,1.281832013102586,1.2643038034439087
target_only_LSTM_from_scratch,52.0,exp5_cellC,5,0.5333333333333333,0.8214546359438883,0.814396321773529,4.012352958,3.977876985133412,1.1912918944993611,1.20723295211792
target_only_LSTM_from_scratch,52.0,exp5_cellC,5,0.6,0.8140619179825401,0.8067895174026489,3.976243607,3.9407219400670974,1.1932901956847763,1.2345319986343384
target_only_LSTM_from_scratch,52.0,exp5_cellC,5,0.6666666666666666,0.8081618464949624,0.8013299107551575,3.947425011,3.9140547719447727,1.1952884968701913,1.2466188669204712
target_only_LSTM_from_scratch,52.0,exp5_cellC,5,0.7333333333333333,0.8007939995087437,0.7966099977493286,3.911437141,3.8910005994052512,1.215425593808408,1.251287817955017
target_only_LSTM_from_scratch,52.0,exp5_cellC,5,0.8,0.7932565004152995,0.791456937789917,3.874620614,3.8658307428286443,1.2355626907466244,1.2529371976852417
target_only_LSTM_from_scratch,52.0,exp5_cellC,5,0.8666666666666667,0.7884116982953278,0.787002682685852,3.850956427,3.844074162659192,1.2535908385505172,1.2561787366867065
target_only_LSTM_from_scratch,52.0,exp5_cellC,5,0.9333333333333332,0.7817976432498098,0.7842771410942078,3.818650415,3.8307613948094854,1.2716189863544103,1.2603052854537964
target_only_LSTM_from_scratch,52.0,exp5_cellC,5,1.0,0.7777849401692979,0.7828666567802429,3.799050573,3.8238719566570714,1.2716189863544103,1.2637321949005127
target_only_LSTM_from_scratch,52.0,exp5_cellD,5,0.5333333333333333,0.862591076376204,0.8602346777915955,4.192222457,4.180770278401608,1.1210099277230234,1.1412034034729004
target_only_LSTM_from_scratch,52.0,exp5_cellD,5,0.6,0.8552786413642833,0.8498896956443787,4.15668377,4.130493307467687,1.1303166616459792,1.1604325771331787
target_only_LSTM_from_scratch,52.0,exp5_cellD,5,0.6666666666666666,0.8493641208923439,0.8387095928192139,4.127938996,4.076157621162971,1.139623395568935,1.1788023710250854
target_only_LSTM_from_scratch,52.0,exp5_cellD,5,0.7333333333333333,0.8407250784462886,0.8275065422058105,4.085952951,4.021710407813949,1.145763977123925,1.1952368021011353
target_only_LSTM_from_scratch,52.0,exp5_cellD,5,0.8,0.8330016712553935,0.8171683549880981,4.048416925,3.9714664604723677,1.1519045586789147,1.2095195055007935
target_only_LSTM_from_scratch,52.0,exp5_cellD,5,0.8666666666666667,0.8255998395543926,0.8084045648574829,4.012443767000001,3.928874137412006,1.1733459434437157,1.22158682346344
target_only_LSTM_from_scratch,52.0,exp5_cellD,5,0.9333333333333332,0.8173156266826287,0.8015477061271667,3.972182206,3.8955495668930653,1.1947873282085169,1.231317162513733
target_only_LSTM_from_scratch,52.0,exp5_cellD,5,1.0,0.8103250072823504,0.7964729070663452,3.938207554,3.8708858679861455,1.1947873282085169,1.2392371892929077
target_only_LSTM_from_scratch,52.0,exp5_cellE,5,0.5333333333333333,0.8656172401950055,0.8630561232566833,4.211511139000001,4.199050466992595,1.1208975213605896,1.135959267616272
target_only_LSTM_from_scratch,52.0,exp5_cellE,5,0.6,0.8583629495272422,0.8528603911399841,4.176216641,4.14944489378328,1.1205962447236646,1.1559107303619385
target_only_LSTM_from_scratch,52.0,exp5_cellE,5,0.6666666666666666,0.851483072523713,0.8417013883590698,4.142743788,4.095152693570903,1.1202949680867398,1.17487633228302
target_only_LSTM_from_scratch,52.0,exp5_cellE,5,0.7333333333333333,0.8441469335073652,0.8304185271263123,4.107051071,4.040257881458745,1.1287087838725094,1.1912696361541748
target_only_LSTM_from_scratch,52.0,exp5_cellE,5,0.8,0.8366904562340003,0.819701611995697,4.070772869,3.988116582334277,1.1371225996582792,1.2063955068588257
target_only_LSTM_from_scratch,52.0,exp5_cellE,5,0.8666666666666667,0.8299388540553875,0.8104466199874878,4.037924115,3.9430880176014997,1.1538529249624887,1.2189546823501587
target_only_LSTM_from_scratch,52.0,exp5_cellE,5,0.9333333333333332,0.8222797423134317,0.8030897378921509,4.00066003,3.907294378734232,1.1705832502666982,1.229161024093628
target_only_LSTM_from_scratch,52.0,exp5_cellE,5,1.0,0.8160525188402225,0.7975859642028809,3.97036255,3.880516718675527,1.1705832502666982,1.2374905347824097
target_only_LSTM_from_scratch,52.0,exp5_cellF,5,0.5333333333333333,0.8522315864914315,0.8535218834877014,4.121763642,4.128004081020222,1.1883123049065991,1.1764272451400757
target_only_LSTM_from_scratch,52.0,exp5_cellF,5,0.6,0.8423039313668911,0.8427283763885498,4.073749171999999,4.075801973240919,1.2087664381431986,1.18934166431427
target_only_LSTM_from_scratch,52.0,exp5_cellF,5,0.6666666666666666,0.8322107221075873,0.8322324156761169,4.02493401,4.025038929558777,1.2292205713797981,1.2015033960342407
target_only_LSTM_from_scratch,52.0,exp5_cellF,5,0.7333333333333333,0.8210154999509715,0.8225827813148499,3.970789033,3.978369089225108,1.2371509847644246,1.2121185064315796
target_only_LSTM_from_scratch,52.0,exp5_cellF,5,0.8,0.8096480195495653,0.8140990138053894,3.91581094,3.937337889464447,1.2450813981490514,1.2222198247909546
target_only_LSTM_from_scratch,52.0,exp5_cellF,5,0.8666666666666667,0.7985219847016456,0.8071187734603882,3.862000583,3.903578402814938,1.284781990745257,1.2305412292480469
target_only_LSTM_from_scratch,52.0,exp5_cellF,5,0.9333333333333332,0.7866654996007033,0.801619827747345,3.80465745,3.8769831030529742,1.3244825833414624,1.237674593925476
target_only_LSTM_from_scratch,52.0,exp5_cellF,5,1.0,0.7678683443349683,0.7974720001220703,3.713746209,3.856922399636049,1.3244825833414624,1.2433332204818726
target_only_LSTM_from_scratch,52.0,exp5_cellG,5,0.5333333333333333,0.8498714817160511,0.8510733842849731,4.123182213,4.129013286757096,1.2228939135477763,1.1828193664550781
target_only_LSTM_from_scratch,52.0,exp5_cellG,5,0.6,0.8400058427597255,0.8403443694114685,4.075318709,4.076961083287316,1.236867862376435,1.1931617259979248
target_only_LSTM_from_scratch,52.0,exp5_cellG,5,0.6666666666666666,0.8299328251567766,0.8300397992134094,4.0264491,4.026968088502438,1.250841811205094,1.2042086124420166
target_only_LSTM_from_scratch,52.0,exp5_cellG,5,0.7333333333333333,0.8194936798065443,0.8206399083137512,3.975803209,3.98136417803429,1.2541946824482297,1.2145508527755737
target_only_LSTM_from_scratch,52.0,exp5_cellG,5,0.8,0.8085936348705501,0.8125743269920349,3.922921247,3.9422337187134806,1.2575475536913652,1.223388671875
target_only_LSTM_from_scratch,52.0,exp5_cellG,5,0.8666666666666667,0.7978404378562369,0.8058719038963318,3.870751723,3.909716670798892,1.316380148152523,1.2321206331253052
target_only_LSTM_from_scratch,52.0,exp5_cellG,5,0.9333333333333332,0.7855218228441083,0.800658643245697,3.810987517,3.884424348313818,1.3752127426136804,1.2389885187149048
target_only_LSTM_from_scratch,52.0,exp5_cellG,5,1.0,0.7696642878933628,0.7967438697814941,3.734054113,3.865431683348836,1.3752127426136804,1.2445636987686157
target_only_LSTM_from_scratch,52.0,exp5_cellH,5,0.5333333333333333,0.8526440302059033,0.8535778522491455,4.133824681,4.138352076341153,1.1977016713887478,1.1755105257034302
target_only_LSTM_from_scratch,52.0,exp5_cellH,5,0.6,0.8431704595629644,0.8428704142570496,4.0878945170000005,4.086439824716857,1.2144315202885887,1.1884255409240723
target_only_LSTM_from_scratch,52.0,exp5_cellH,5,0.6666666666666666,0.8318238318782536,0.8324013352394104,4.032883319,4.035683195106719,1.2311613691884293,1.2007451057434082
target_only_LSTM_from_scratch,52.0,exp5_cellH,5,0.7333333333333333,0.8228976751117055,0.8227381706237793,3.98960715,3.9888338336269755,1.2292285687011615,1.2115517854690552
target_only_LSTM_from_scratch,52.0,exp5_cellH,5,0.8,0.8125378294201961,0.8142388463020325,3.93938011,3.9476270516542264,1.2272957682138939,1.2216060161590576
target_only_LSTM_from_scratch,52.0,exp5_cellH,5,0.8666666666666667,0.8025090494980701,0.8072075843811035,3.890758157,3.9135377916141456,1.2802798968420732,1.2301430702209473
target_only_LSTM_from_scratch,52.0,exp5_cellH,5,0.9333333333333332,0.7914666613646212,0.8016751408576965,3.837221986,3.886715166024689,1.333264025470253,1.2372443675994873
target_only_LSTM_from_scratch,52.0,exp5_cellH,5,1.0,0.7759335636988509,0.7974860072135925,3.761913768,3.866405231941385,1.333264025470253,1.2430391311645508
source_pretrained_head_adapted,62.0,exp1_cellA,1,0.5714285714285714,0.8549561721374236,0.9139082431793213,4.161854263183007,4.448827953981454,1.1526787381402472,1.0768663883209229
source_pretrained_head_adapted,62.0,exp1_cellA,1,0.6428571428571429,0.8339231857086502,0.9139082431793213,4.059467465954306,4.448827953981454,1.1764673298760704,1.0768663883209229
source_pretrained_head_adapted,62.0,exp1_cellA,1,0.7142857142857143,0.818224933858435,0.9139082431793213,3.983049705001716,4.448827953981454,1.2002559216118935,1.0768663883209229
source_pretrained_head_adapted,62.0,exp1_cellA,1,0.7857142857142857,0.7639284558682716,0.9139082431793213,3.718739047024665,4.448827953981454,1.3340435794062142,1.0768663883209229
source_pretrained_head_adapted,62.0,exp1_cellA,1,0.8571428571428571,0.7250005917778434,0.9139082431793213,3.52924150036526,4.448827953981454,1.4678312372005347,1.0768663883209229
source_pretrained_head_adapted,62.0,exp1_cellA,1,0.9285714285714286,0.6434004407516708,0.9139082431793213,3.132018873647892,4.448827953981454,1.6131902334747197,1.0768663883209229
source_pretrained_head_adapted,62.0,exp1_cellA,1,1.0,0.5856790719679541,0.9139082431793213,2.8510361372478603,4.448827953981454,1.7585492297489045,1.0768663883209229
source_pretrained_head_adapted,62.0,exp1_cellB,1,0.5714285714285714,0.8593055242284461,0.9139082431793213,4.176906007468412,4.442318504397022,1.1371669739008392,1.0768663883209229
source_pretrained_head_adapted,62.0,exp1_cellB,1,0.6428571428571429,0.8383723891509776,0.9139082431793213,4.075154377582485,4.442318504397022,1.1910745065479214,1.0768663883209229
source_pretrained_head_adapted,62.0,exp1_cellB,1,0.7142857142857143,0.7994437874381211,0.9139082431793213,3.885930515088674,4.442318504397022,1.244982039195004,1.0768663883209229
source_pretrained_head_adapted,62.0,exp1_cellB,1,0.7857142857142857,0.7144807798517927,0.9139082431793213,3.47294294920684,4.442318504397022,1.404277943400622,1.0768663883209229
source_pretrained_head_adapted,62.0,exp1_cellB,1,0.8571428571428571,0.6308130172936719,0.9139082431793213,3.066251300885086,4.442318504397022,1.5635738476062404,1.0768663883209229
source_pretrained_head_adapted,62.0,exp1_cellB,1,0.9285714285714286,0.5586363849136401,0.9139082431793213,2.71541565409033,4.442318504397022,1.7772623308717677,1.0768663883209229
source_pretrained_head_adapted,62.0,exp1_cellB,1,1.0,0.492781344774241,0.9139082431793213,2.395307956624624,4.442318504397022,1.9909508141372947,1.0768663883209229
source_pretrained_head_adapted,62.0,exp1_cellD,1,0.5384615384615384,0.8181553504521012,0.9139082431793213,4.002078276099845,4.470461904765929,1.1916693068263018,1.0768663883209229
source_pretrained_head_adapted,62.0,exp1_cellD,1,0.6153846153846154,0.8129632683847705,0.9139082431793213,3.976680753688106,4.470461904765929,1.2118230578580662,1.0768663883209229
source_pretrained_head_adapted,62.0,exp1_cellD,1,0.6923076923076923,0.8031377766449331,0.9139082431793213,3.928618503624872,4.470461904765929,1.2083870831053638,1.0768663883209229
source_pretrained_head_adapted,62.0,exp1_cellD,1,0.7692307692307693,0.7984539437080421,0.9139082431793213,3.905707126176501,4.470461904765929,1.2049511083526614,1.0768663883209229
source_pretrained_head_adapted,62.0,exp1_cellD,1,0.8461538461538461,0.7884549637044503,0.9139082431793213,3.856796243135256,4.470461904765929,1.2043092563409348,1.0768663883209229
source_pretrained_head_adapted,62.0,exp1_cellD,1,0.9230769230769232,0.7820982650781715,0.9139082431793213,3.825701897219304,4.470461904765929,1.2036674043292082,1.0768663883209229
source_pretrained_head_adapted,62.0,exp1_cellD,1,1.0,0.7696990653997923,0.9139082431793213,3.765050130233432,4.470461904765929,1.2036674043292082,1.0768663883209229
source_pretrained_head_adapted,62.0,exp1_cellE,1,0.5714285714285714,0.7961913353698228,0.9139082431793213,3.865615255227751,4.43714656235416,1.2205143504053828,1.0768663883209229
source_pretrained_head_adapted,62.0,exp1_cellE,1,0.6428571428571429,0.7814493934456567,0.9139082431793213,3.794041158572619,4.43714656235416,1.2289631743676406,1.0768663883209229
source_pretrained_head_adapted,62.0,exp1_cellE,1,0.7142857142857143,0.7731770269753371,0.9139082431793213,3.7538777146817752,4.43714656235416,1.2374119983298986,1.0768663883209229
source_pretrained_head_adapted,62.0,exp1_cellE,1,0.7857142857142857,0.7562960683651517,0.9139082431793213,3.671918406375449,4.43714656235416,1.2766134133528204,1.0768663883209229
source_pretrained_head_adapted,62.0,exp1_cellE,1,0.8571428571428571,0.7375311809904169,0.9139082431793213,3.580812372340662,4.43714656235416,1.3158148283757425,1.0768663883209229
source_pretrained_head_adapted,62.0,exp1_cellE,1,0.9285714285714286,0.6725044310535847,0.9139082431793213,3.265098817838162,4.43714656235416,1.5495855177442008,1.0768663883209229
source_pretrained_head_adapted,62.0,exp1_cellE,1,1.0,0.5587558414481429,0.9139082431793213,2.712834225514765,4.43714656235416,1.7833562071126594,1.0768663883209229
source_pretrained_head_adapted,62.0,exp1_cellF,1,0.5714285714285714,0.7914942251085741,0.9139082431793213,3.847663007702252,4.442749963504611,1.2061693643987719,1.0768663883209229
source_pretrained_head_adapted,62.0,exp1_cellF,1,0.6428571428571429,0.765044545670987,0.9139082431793213,3.7190841123557616,4.442749963504611,1.2562988315510932,1.0768663883209229
source_pretrained_head_adapted,62.0,exp1_cellF,1,0.7142857142857143,0.7502677805201031,0.9139082431793213,3.6472503442233912,4.442749963504611,1.3064282987034144,1.0768663883209229
source_pretrained_head_adapted,62.0,exp1_cellF,1,0.7857142857142857,0.6973659111361276,0.9139082431793213,3.3900803492823703,4.442749963504611,1.5300580379135538,1.0768663883209229
source_pretrained_head_adapted,62.0,exp1_cellF,1,0.8571428571428571,0.5855959939675742,0.9139082431793213,2.8467371864129323,4.442749963504611,1.7536877771236934,1.0768663883209229
source_pretrained_head_adapted,62.0,exp1_cellF,1,0.9285714285714286,0.5498386118680253,0.9139082431793213,2.672911083843661,4.442749963504611,1.9363589350491521,1.0768663883209229
source_pretrained_head_adapted,62.0,exp1_cellF,1,1.0,0.44945260077179,0.9139082431793213,2.184908102731843,4.442749963504611,2.119030092974611,1.0768663883209229
source_pretrained_head_adapted,62.0,exp1_cellJ,1,0.6,0.9283996811708648,0.9139082431793213,4.479245641129816,4.409328867380538,1.0461622608767824,1.0768663883209229
source_pretrained_head_adapted,62.0,exp1_cellJ,1,0.7,0.9084019156276106,0.9139082431793213,4.382762514348698,4.409328867380538,1.070007889842271,1.0768663883209229
source_pretrained_head_adapted,62.0,exp1_cellJ,1,0.8,0.8905796338743112,0.9139082431793213,4.296775434131507,4.409328867380538,1.0938535188077592,1.0768663883209229
source_pretrained_head_adapted,62.0,exp1_cellJ,1,0.9,0.8734456000301964,0.9139082431793213,4.214108940413596,4.409328867380538,1.1120970413504792,1.0768663883209229
source_pretrained_head_adapted,62.0,exp1_cellJ,1,1.0,0.8612822153989198,0.9139082431793213,4.155424314927384,4.409328867380538,1.130340563893199,1.0768663883209229
source_pretrained_head_adapted,62.0,exp1_cellK,1,0.6,0.8068862227834716,0.9139082431793213,3.918879495398503,4.4386633130458195,1.1758467449275036,1.0768663883209229
source_pretrained_head_adapted,62.0,exp1_cellK,1,0.7,0.7961825254601345,0.9139082431793213,3.866893851349858,4.4386633130458195,1.1973632239702936,1.0768663883209229
source_pretrained_head_adapted,62.0,exp1_cellK,1,0.8,0.7877533102337295,0.9139082431793213,3.825954896413799,4.4386633130458195,1.2188797030130838,1.0768663883209229
source_pretrained_head_adapted,62.0,exp1_cellK,1,0.9,0.7790779761794198,0.9139082431793213,3.7838205932354807,4.4386633130458195,1.2367410711453302,1.0768663883209229
source_pretrained_head_adapted,62.0,exp1_cellK,1,1.0,0.7717907926718258,0.9139082431793213,3.748428250150724,4.4386633130458195,1.2546024392775765,1.0768663883209229
source_pretrained_head_adapted,62.0,exp1_cellL,1,0.6,0.8070037299410662,0.9139082431793213,3.911680712389937,4.429864590588437,1.1585168241866015,1.0768663883209229
source_pretrained_head_adapted,62.0,exp1_cellL,1,0.7,0.7977274944560124,0.9139082431793213,3.866717262923449,4.429864590588437,1.1769333624986371,1.0768663883209229
source_pretrained_head_adapted,62.0,exp1_cellL,1,0.8,0.7902851473030869,0.9139082431793213,3.830642973880033,4.429864590588437,1.1953499008106725,1.0768663883209229
source_pretrained_head_adapted,62.0,exp1_cellL,1,0.9,0.7826036305284555,0.9139082431793213,3.793409390075632,4.429864590588437,1.21332140108182,1.0768663883209229
source_pretrained_head_adapted,62.0,exp1_cellL,1,1.0,0.7761383115014312,0.9139082431793213,3.762070918146505,4.429864590588437,1.2312929013529677,1.0768663883209229
source_pretrained_head_adapted,62.0,exp1_cellM,1,0.6,0.8094657288379769,0.9139082431793213,3.907895631767987,4.412117652570922,1.1857881455883141,1.0768663883209229
source_pretrained_head_adapted,62.0,exp1_cellM,1,0.7,0.8010379454939867,0.9139082431793213,3.8672084271809,4.412117652570922,1.2026227698652867,1.0768663883209229
source_pretrained_head_adapted,62.0,exp1_cellM,1,0.8,0.794506580500605,0.9139082431793213,3.83567665033377,4.412117652570922,1.2194573941422593,1.0768663883209229
source_pretrained_head_adapted,62.0,exp1_cellM,1,0.9,0.7878186379024347,0.9139082431793213,3.803388956446564,4.412117652570922,1.2348615811671344,1.0768663883209229
source_pretrained_head_adapted,62.0,exp1_cellM,1,1.0,0.7831291042673945,0.9139082431793213,3.780749075158803,4.412117652570922,1.2502657681920093,1.0768663883209229
source_pretrained_head_adapted,62.0,exp2_cellA,2,0.5833333333333334,0.9249928121553804,0.9139082431793213,4.482643358757167,4.428926001333128,1.0317597793434083,1.0768663883209229
source_pretrained_head_adapted,62.0,exp2_cellA,2,0.6666666666666666,0.9189006441015372,0.9139082431793213,4.453119868079051,4.428926001333128,1.0351754162063005,1.0768663883209229
source_pretrained_head_adapted,62.0,exp2_cellA,2,0.75,0.9161023998591324,0.9139082431793213,4.439559188682886,4.428926001333128,1.0349482098005431,1.0768663883209229
source_pretrained_head_adapted,62.0,exp2_cellA,2,0.8333333333333334,0.9124277118108484,0.9139082431793213,4.42175114114059,4.428926001333128,1.034721003394786,1.0768663883209229
source_pretrained_head_adapted,62.0,exp2_cellA,2,0.9166666666666666,0.9109432059512895,0.9139082431793213,4.414557020013442,4.428926001333128,1.0360149698349184,1.0768663883209229
source_pretrained_head_adapted,62.0,exp2_cellA,2,1.0,0.9107642676506382,0.9139082431793213,4.413689860210143,4.428926001333128,1.037308936275051,1.0768663883209229
source_pretrained_head_adapted,62.0,exp2_cellB,2,0.5833333333333334,0.9215232607161805,0.9139082431793213,4.461646432162857,4.424777568106424,1.0185466313375071,1.0768663883209229
source_pretrained_head_adapted,62.0,exp2_cellB,2,0.6666666666666666,0.9108267995628626,0.9139082431793213,4.409858452655557,4.424777568106424,1.028362923646641,1.0768663883209229
source_pretrained_head_adapted,62.0,exp2_cellB,2,0.75,0.9058028992907209,0.9139082431793213,4.385534740297691,4.424777568106424,1.0297177633062533,1.0768663883209229
source_pretrained_head_adapted,62.0,exp2_cellB,2,0.8333333333333334,0.9001834664415093,0.9139082431793213,4.35832769779398,4.424777568106424,1.0310726029658654,1.0768663883209229
source_pretrained_head_adapted,62.0,exp2_cellB,2,0.9166666666666666,0.8956699538478909,0.9139082431793213,4.336475078095385,4.424777568106424,1.0299008119149284,1.0768663883209229
source_pretrained_head_adapted,62.0,exp2_cellB,2,1.0,0.8959111069771764,0.9139082431793213,4.337642644932543,4.424777568106424,1.0287290208639914,1.0768663883209229
source_pretrained_head_adapted,62.0,exp2_cellC,2,0.5833333333333334,0.9374129888404765,0.9139082431793213,4.529879087947729,4.4162966465846125,1.0282826226508421,1.0768663883209229
source_pretrained_head_adapted,62.0,exp2_cellC,2,0.6666666666666666,0.9303869734073997,0.9139082431793213,4.495927136395126,4.4162966465846125,1.0318308773780704,1.0768663883209229
source_pretrained_head_adapted,62.0,exp2_cellC,2,0.75,0.928262601289942,0.9139082431793213,4.485661491535869,4.4162966465846125,1.0358076599085582,1.0768663883209229
source_pretrained_head_adapted,62.0,exp2_cellC,2,0.8333333333333334,0.9253155389115526,0.9139082431793213,4.471420344466575,4.4162966465846125,1.0397844424390466,1.0768663883209229
source_pretrained_head_adapted,62.0,exp2_cellC,2,0.9166666666666666,0.9200752424845271,0.9139082431793213,4.446097557731145,4.4162966465846125,1.0473832552450855,1.0768663883209229
source_pretrained_head_adapted,62.0,exp2_cellC,2,1.0,0.9180942687374104,0.9139082431793213,4.4365248596165845,4.4162966465846125,1.0549820680511246,1.0768663883209229
source_pretrained_head_adapted,62.0,exp2_cellD,2,0.5833333333333334,0.934022005775634,0.9139082431793213,4.505097731281088,4.408082387231537,1.0483765989649787,1.0768663883209229
source_pretrained_head_adapted,62.0,exp2_cellD,2,0.6666666666666666,0.9250959575914592,0.9139082431793213,4.462044442198849,4.408082387231537,1.059262296343421,1.0768663883209229
source_pretrained_head_adapted,62.0,exp2_cellD,2,0.75,0.9199823232382219,0.9139082431793213,4.437379688712404,4.408082387231537,1.061095264542489,1.0768663883209229
source_pretrained_head_adapted,62.0,exp2_cellD,2,0.8333333333333334,0.9145132805755902,0.9139082431793213,4.411000683143643,4.408082387231537,1.0629282327415572,1.0768663883209229
source_pretrained_head_adapted,62.0,exp2_cellD,2,0.9166666666666666,0.9105086329801314,0.9139082431793213,4.391684940382421,4.408082387231537,1.0721670635052118,1.0768663883209229
source_pretrained_head_adapted,62.0,exp2_cellD,2,1.0,0.9100229179493048,0.9139082431793213,4.389342175790265,4.408082387231537,1.0814058942688665,1.0768663883209229
source_pretrained_head_adapted,62.0,exp2_cellE,2,0.5833333333333334,0.921390350630106,0.9139082431793213,4.466412726676465,4.430143430044812,1.0454157351444686,1.0768663883209229
source_pretrained_head_adapted,62.0,exp2_cellE,2,0.6666666666666666,0.9165428840789561,0.9139082431793213,4.442914774607194,4.430143430044812,1.0502823695220944,1.0768663883209229
source_pretrained_head_adapted,62.0,exp2_cellE,2,0.75,0.911727243647203,0.9139082431793213,4.419571098719151,4.430143430044812,1.0545276514730193,1.0768663883209229
source_pretrained_head_adapted,62.0,exp2_cellE,2,0.8333333333333334,0.9073976174354801,0.9139082431793213,4.39858336252182,4.430143430044812,1.058772933423944,1.0768663883209229
source_pretrained_head_adapted,62.0,exp2_cellE,2,0.9166666666666666,0.9031805240556576,0.9139082431793213,4.378141125929759,4.430143430044812,1.0621200206058443,1.0768663883209229
source_pretrained_head_adapted,62.0,exp2_cellE,2,1.0,0.8946822541703837,0.9139082431793213,4.336946011671876,4.430143430044812,1.0654671077877444,1.0768663883209229
source_pretrained_head_adapted,62.0,exp2_cellF,2,0.5833333333333334,0.9170734708438081,0.9139082431793213,4.427288669079348,4.412008130475233,1.0652078517860382,1.0768663883209229
source_pretrained_head_adapted,62.0,exp2_cellF,2,0.6666666666666666,0.9078142921608467,0.9139082431793213,4.382588807867206,4.412008130475233,1.070479113842055,1.0768663883209229
source_pretrained_head_adapted,62.0,exp2_cellF,2,0.75,0.9042943898734698,0.9139082431793213,4.36559603246958,4.412008130475233,1.0745110763335914,1.0768663883209229
source_pretrained_head_adapted,62.0,exp2_cellF,2,0.8333333333333334,0.8995338693582364,0.9139082431793213,4.342614014991067,4.412008130475233,1.0785430388251278,1.0768663883209229
source_pretrained_head_adapted,62.0,exp2_cellF,2,0.9166666666666666,0.8930768140394663,0.9139082431793213,4.3114417602511,4.412008130475233,1.0804146733474087,1.0768663883209229
source_pretrained_head_adapted,62.0,exp2_cellF,2,1.0,0.8916410271050312,0.9139082431793213,4.30451031644847,4.412008130475233,1.082286307869689,1.0768663883209229
source_pretrained_head_adapted,62.0,exp3_cellA,3,0.6,0.873949597840415,0.9139082431793213,4.2743657571259615,4.469797925937314,1.1336774373714231,1.0768663883209229
source_pretrained_head_adapted,62.0,exp3_cellA,3,0.7,0.8595327928385645,0.9139082431793213,4.203855171870993,4.469797925937314,1.1831843398251038,1.0768663883209229
source_pretrained_head_adapted,62.0,exp3_cellA,3,0.8,0.8376336737446474,0.9139082431793213,4.096749630547367,4.469797925937314,1.232691242278785,1.0768663883209229
source_pretrained_head_adapted,62.0,exp3_cellA,3,0.9,0.7791267852597307,0.9139082431793213,3.810600587955119,4.469797925937314,1.3508831141859985,1.0768663883209229
source_pretrained_head_adapted,62.0,exp3_cellA,3,1.0,0.7575357692124128,0.9139082431793213,3.705001935719038,4.469797925937314,1.4690749860932122,1.0768663883209229
source_pretrained_head_adapted,62.0,exp3_cellB,3,0.6,0.8436353663923807,0.9139082431793213,4.116083995859684,4.458944282434268,1.1659863773095838,1.0768663883209229
source_pretrained_head_adapted,62.0,exp3_cellB,3,0.7,0.8218953819738878,0.9139082431793213,4.010014945770124,4.458944282434268,1.318438170555717,1.0768663883209229
source_pretrained_head_adapted,62.0,exp3_cellB,3,0.8,0.7394175881654729,0.9139082431793213,3.607607056494019,4.458944282434268,1.47088996380185,1.0768663883209229
source_pretrained_head_adapted,62.0,exp3_cellB,3,0.9,0.7123684053550189,0.9139082431793213,3.4756345089901144,4.458944282434268,1.4998609949574946,1.0768663883209229
source_pretrained_head_adapted,62.0,exp3_cellB,3,1.0,0.7738294336290892,0.9139082431793213,3.775501922005038,4.458944282434268,1.528832026113139,1.0768663883209229
source_pretrained_head_adapted,62.0,exp3_cellC,3,0.6,0.8971296129961095,0.9139082431793213,4.324958549151195,4.405846393006421,1.1023593275514205,1.0768663883209229
source_pretrained_head_adapted,62.0,exp3_cellC,3,0.7,0.88686539707305,0.9139082431793213,4.275475946232187,4.405846393006421,1.1325279115772933,1.0768663883209229
source_pretrained_head_adapted,62.0,exp3_cellC,3,0.8,0.8684117953983999,0.9139082431793213,4.186513257709548,4.405846393006421,1.1626964956031665,1.0768663883209229
source_pretrained_head_adapted,62.0,exp3_cellC,3,0.9,0.8524862852889896,0.9139082431793213,4.109738207483236,4.405846393006421,1.4009633705973525,1.0768663883209229
source_pretrained_head_adapted,62.0,exp3_cellC,3,1.0,0.8263742910997344,0.9139082431793213,3.983855290602311,4.405846393006421,1.6392302455915388,1.0768663883209229
source_pretrained_head_adapted,62.0,exp3_cellD,3,0.5454545454545454,0.8848983577362085,0.9139082431793213,4.309725245858735,4.451012247445559,1.1118191520181597,1.0768663883209229
source_pretrained_head_adapted,62.0,exp3_cellD,3,0.6363636363636364,0.887787311867856,0.9139082431793213,4.323795334752494,4.451012247445559,1.1253571792920565,1.0768663883209229
source_pretrained_head_adapted,62.0,exp3_cellD,3,0.7272727272727273,0.857549518588028,0.9139082431793213,4.176528047003746,4.451012247445559,1.1388952065659532,1.0768663883209229
source_pretrained_head_adapted,62.0,exp3_cellD,3,0.8181818181818182,0.8543504418842668,0.9139082431793213,4.160947566473859,4.451012247445559,1.1607064304892893,1.0768663883209229
source_pretrained_head_adapted,62.0,exp3_cellD,3,0.9090909090909092,0.8353594218833993,0.9139082431793213,4.068455499303874,4.451012247445559,1.1825176544126255,1.0768663883209229
source_pretrained_head_adapted,62.0,exp3_cellD,3,1.0,0.855786983777141,0.9139082431793213,4.167943964205111,4.451012247445559,1.1825176544126255,1.0768663883209229
source_pretrained_head_adapted,62.0,exp3_cellE,3,0.5454545454545454,0.8764127304458983,0.9139082431793213,4.279353494087043,4.462436815282894,1.1102010880588071,1.0768663883209229
source_pretrained_head_adapted,62.0,exp3_cellE,3,0.6363636363636364,0.8880560096373777,0.9139082431793213,4.336205369647247,4.462436815282894,1.1392512618921713,1.0768663883209229
source_pretrained_head_adapted,62.0,exp3_cellE,3,0.7272727272727273,0.8458131769523313,0.9139082431793213,4.1299418052659815,4.462436815282894,1.1683014357255352,1.0768663883209229
source_pretrained_head_adapted,62.0,exp3_cellE,3,0.8181818181818182,0.8390560662996611,0.9139082431793213,4.096948143630413,4.462436815282894,1.19957109054225,1.0768663883209229
source_pretrained_head_adapted,62.0,exp3_cellE,3,0.9090909090909092,0.8260574309036003,0.9139082431793213,4.033478326422035,4.462436815282894,1.230840745358965,1.0768663883209229
source_pretrained_head_adapted,62.0,exp3_cellE,3,1.0,0.8534566359036194,0.9139082431793213,4.167263333849283,4.462436815282894,1.230840745358965,1.0768663883209229
source_pretrained_head_adapted,62.0,exp3_cellF,3,0.5454545454545454,0.8960881611931472,0.9139082431793213,4.394232365009932,4.481618388396864,1.0509728244971537,1.0768663883209229
source_pretrained_head_adapted,62.0,exp3_cellF,3,0.6363636363636364,0.8986372589960113,0.9139082431793213,4.406732617275297,4.481618388396864,1.0565565302232416,1.0768663883209229
source_pretrained_head_adapted,62.0,exp3_cellF,3,0.7272727272727273,0.8858910640415816,0.9139082431793213,4.344227894163116,4.481618388396864,1.0621402359493297,1.0768663883209229
source_pretrained_head_adapted,62.0,exp3_cellF,3,0.8181818181818182,0.8819147159986288,0.9139082431793213,4.3247286997516845,4.481618388396864,1.0723233425722347,1.0768663883209229
source_pretrained_head_adapted,62.0,exp3_cellF,3,0.9090909090909092,0.8722484867937208,0.9139082431793213,4.277327496321819,4.481618388396864,1.0825064491951395,1.0768663883209229
source_pretrained_head_adapted,62.0,exp3_cellF,3,1.0,0.8792906733199577,0.9139082431793213,4.31186093320243,4.481618388396864,1.0825064491951395,1.0768663883209229
source_pretrained_head_adapted,62.0,exp3_cellG,3,0.5454545454545454,0.9130515923888205,0.9139082431793213,4.446549073970472,4.450720951891687,1.1117924779760167,1.0768663883209229
source_pretrained_head_adapted,62.0,exp3_cellG,3,0.6363636363636364,0.9036316373179148,0.9139082431793213,4.400674018446181,4.450720951891687,1.137557999044256,1.0768663883209229
source_pretrained_head_adapted,62.0,exp3_cellG,3,0.7272727272727273,0.8821256532598138,0.9139082431793213,4.295940162993191,4.450720951891687,1.1633235201124954,1.0768663883209229
source_pretrained_head_adapted,62.0,exp3_cellG,3,0.8181818181818182,0.8846423550385656,0.9139082431793213,4.308196467080554,4.450720951891687,1.2051773476963223,1.0768663883209229
source_pretrained_head_adapted,62.0,exp3_cellG,3,0.9090909090909092,0.8614075712479565,0.9139082431793213,4.195043379994058,4.450720951891687,1.247031175280149,1.0768663883209229
source_pretrained_head_adapted,62.0,exp3_cellG,3,1.0,0.8355233939574123,0.9139082431793213,4.068987781908266,4.450720951891687,1.247031175280149,1.0768663883209229
source_pretrained_head_adapted,62.0,exp3_cellH,3,0.5833333333333334,0.9101151599695884,0.9139082431793213,4.405421300679533,4.423781756918902,1.152916864042138,1.0768663883209229
source_pretrained_head_adapted,62.0,exp3_cellH,3,0.6666666666666666,0.8958425179469541,0.9139082431793213,4.336334437885612,4.423781756918902,1.1742413337529805,1.0768663883209229
source_pretrained_head_adapted,62.0,exp3_cellH,3,0.75,0.8921058581696183,0.9139082431793213,4.318247099820594,4.423781756918902,1.2052971567773032,1.0768663883209229
source_pretrained_head_adapted,62.0,exp3_cellH,3,0.8333333333333334,0.8780266203909394,0.9139082431793213,4.250096412154215,4.423781756918902,1.2363529798016262,1.0768663883209229
source_pretrained_head_adapted,62.0,exp3_cellH,3,0.9166666666666666,0.856822653409808,0.9139082431793213,4.147458403354644,4.423781756918902,1.2531625041290193,1.0768663883209229
source_pretrained_head_adapted,62.0,exp3_cellH,3,1.0,0.8550103327900257,0.9139082431793213,4.1386858477339725,4.423781756918902,1.2699720284564129,1.0768663883209229
source_pretrained_head_adapted,62.0,exp3_cellI,3,0.5833333333333334,0.9065722790690582,0.9139082431793213,4.392877937974479,4.428425015287321,1.1542619400491336,1.0768663883209229
source_pretrained_head_adapted,62.0,exp3_cellI,3,0.6666666666666666,0.8895981239088468,0.9139082431793213,4.310628134576985,4.428425015287321,1.1765678882144186,1.0768663883209229
source_pretrained_head_adapted,62.0,exp3_cellI,3,0.75,0.8910378061334746,0.9139082431793213,4.317604244952602,4.428425015287321,1.2131443205798447,1.0768663883209229
source_pretrained_head_adapted,62.0,exp3_cellI,3,0.8333333333333334,0.876207266900275,0.9139082431793213,4.245741526325592,4.428425015287321,1.2497207529452707,1.0768663883209229
source_pretrained_head_adapted,62.0,exp3_cellI,3,0.9166666666666666,0.848484709734731,0.9139082431793213,4.111409369289189,4.428425015287321,1.27719374175336,1.0768663883209229
source_pretrained_head_adapted,62.0,exp3_cellI,3,1.0,0.8512971333711653,0.9139082431793213,4.125037222280036,4.428425015287321,1.3046667305614497,1.0768663883209229
source_pretrained_head_adapted,62.0,exp4_cellA,4,0.5555555555555556,0.911691872614689,0.9139082431793213,4.472674533016423,4.483547838436737,1.067734335942842,1.0768663883209229
source_pretrained_head_adapted,62.0,exp4_cellA,4,0.6666666666666666,0.9027280630329916,0.9139082431793213,4.428698926740714,4.483547838436737,1.1125671748506414,1.0768663883209229
source_pretrained_head_adapted,62.0,exp4_cellA,4,0.7777777777777778,0.8975989791621065,0.9139082431793213,4.403536123938469,4.483547838436737,1.1173135353886186,1.0768663883209229
source_pretrained_head_adapted,62.0,exp4_cellA,4,0.8888888888888888,0.888880028710196,0.9139082431793213,4.360761773511224,4.483547838436737,1.122059895926596,1.0768663883209229
source_pretrained_head_adapted,62.0,exp4_cellA,4,1.0,0.8816852587888638,0.9139082431793213,4.325464909335212,4.483547838436737,1.122059895926596,1.0768663883209229
source_pretrained_head_adapted,62.0,exp4_cellB,4,0.5555555555555556,0.8965273433264614,0.9139082431793213,4.353698434041002,4.438103217715363,1.0712715811958393,1.0768663883209229
source_pretrained_head_adapted,62.0,exp4_cellB,4,0.6666666666666666,0.8473381548652769,0.9139082431793213,4.114826865461052,4.438103217715363,1.1095998862805168,1.0768663883209229
source_pretrained_head_adapted,62.0,exp4_cellB,4,0.7777777777777778,0.7966265675802644,0.9139082431793213,3.8685622536854622,4.438103217715363,1.1835435772385512,1.0768663883209229
source_pretrained_head_adapted,62.0,exp4_cellB,4,0.8888888888888888,0.733695243755318,0.9139082431793213,3.562956397903964,4.438103217715363,1.2574872681965856,1.0768663883209229
source_pretrained_head_adapted,62.0,exp4_cellB,4,1.0,0.6260958680860047,0.9139082431793213,3.0404344281700237,4.438103217715363,1.2574872681965856,1.0768663883209229
source_pretrained_head_adapted,62.0,exp4_cellC,4,0.5555555555555556,0.896165286677176,0.9139082431793213,4.370752838666638,4.45728830109861,1.262270345598159,1.0768663883209229
source_pretrained_head_adapted,62.0,exp4_cellC,4,0.6666666666666666,0.856391265128893,0.9139082431793213,4.176768068031387,4.45728830109861,1.0993217703645564,1.0768663883209229
source_pretrained_head_adapted,62.0,exp4_cellC,4,0.7777777777777778,0.8005060665908709,0.9139082431793213,3.9042063053958542,4.45728830109861,1.2222356651812845,1.0768663883209229
source_pretrained_head_adapted,62.0,exp4_cellC,4,0.8888888888888888,0.6967940421631312,0.9139082431793213,3.398384854921955,4.45728830109861,1.3451495599980128,1.0768663883209229
source_pretrained_head_adapted,62.0,exp4_cellC,4,1.0,0.607383466208973,0.9139082431793213,2.962314037999953,4.45728830109861,1.3451495599980128,1.0768663883209229
source_pretrained_head_adapted,62.0,exp4_cellD,4,0.5555555555555556,0.9022812448120208,0.9139082431793213,4.372488325204205,4.428833189857555,1.0643641147474425,1.0768663883209229
source_pretrained_head_adapted,62.0,exp4_cellD,4,0.6666666666666666,0.8923975704406814,0.9139082431793213,4.3245916731932175,4.428833189857555,1.0742102663696715,1.0768663883209229
source_pretrained_head_adapted,62.0,exp4_cellD,4,0.7777777777777778,0.8835104800098998,0.9139082431793213,4.281524503863191,4.428833189857555,1.0741775775599118,1.0768663883209229
source_pretrained_head_adapted,62.0,exp4_cellD,4,0.8888888888888888,0.875958910819128,0.9139082431793213,4.244929319918632,4.428833189857555,1.0741448887501521,1.0768663883209229
source_pretrained_head_adapted,62.0,exp4_cellD,4,1.0,0.8644348045140147,0.9139082431793213,4.18908307400889,4.428833189857555,1.0741448887501521,1.0768663883209229
source_pretrained_head_adapted,62.0,exp4_cellE,4,0.5555555555555556,0.9031626739282209,0.9139082431793213,4.380760041797061,4.432881062473038,1.0669487385914673,1.0768663883209229
source_pretrained_head_adapted,62.0,exp4_cellE,4,0.6666666666666666,0.8936768436122088,0.9139082431793213,4.334749342272785,4.432881062473038,1.0718064659333733,1.0768663883209229
source_pretrained_head_adapted,62.0,exp4_cellE,4,0.7777777777777778,0.8845789877852711,0.9139082431793213,4.290620499902306,4.432881062473038,1.0895330986657066,1.0768663883209229
source_pretrained_head_adapted,62.0,exp4_cellE,4,0.8888888888888888,0.8769456365435554,0.9139082431793213,4.253595187552686,4.432881062473038,1.1072597313980397,1.0768663883209229
source_pretrained_head_adapted,62.0,exp4_cellE,4,1.0,0.866417081765175,0.9139082431793213,4.202526788246066,4.432881062473038,1.1072597313980397,1.0768663883209229
source_pretrained_head_adapted,62.0,exp4_cellF,4,0.5555555555555556,0.8809606852792798,0.9139082431793213,4.27549648019382,4.435398244468297,1.1248434980139999,1.0768663883209229
source_pretrained_head_adapted,62.0,exp4_cellF,4,0.6666666666666666,0.8675851222355931,0.9139082431793213,4.210581923086469,4.435398244468297,1.1481679921046537,1.0768663883209229
source_pretrained_head_adapted,62.0,exp4_cellF,4,0.7777777777777778,0.8544207557354694,0.9139082431793213,4.146692349379309,4.435398244468297,1.138748075171229,1.0768663883209229
source_pretrained_head_adapted,62.0,exp4_cellF,4,0.8888888888888888,0.8417297823861739,0.9139082431793213,4.085100257028508,4.435398244468297,1.129328158237804,1.0768663883209229
source_pretrained_head_adapted,62.0,exp4_cellF,4,1.0,0.82925677614945,0.9139082431793213,4.024566007142383,4.435398244468297,1.129328158237804,1.0768663883209229
source_pretrained_head_adapted,62.0,exp4_cellG,4,0.5555555555555556,0.8780279430687331,0.9139082431793213,4.248364841997807,4.421972762694951,1.1238179341122128,1.0768663883209229
source_pretrained_head_adapted,62.0,exp4_cellG,4,0.6666666666666666,0.8647319796128923,0.9139082431793213,4.184031919415798,4.421972762694951,1.1471082309620073,1.0768663883209229
source_pretrained_head_adapted,62.0,exp4_cellG,4,0.7777777777777778,0.8502466450778778,0.9139082431793213,4.113944188781564,4.421972762694951,1.1465147414639307,1.0768663883209229
source_pretrained_head_adapted,62.0,exp4_cellG,4,0.8888888888888888,0.8388371519855474,0.9139082431793213,4.058739010289107,4.421972762694951,1.1459212519658541,1.0768663883209229
source_pretrained_head_adapted,62.0,exp4_cellG,4,1.0,0.823557638651194,0.9139082431793213,3.984808621438804,4.421972762694951,1.1459212519658541,1.0768663883209229
source_pretrained_head_adapted,62.0,exp4_cellH,4,0.5555555555555556,0.8799346262856523,0.9139082431793213,4.2794830399062285,4.444710674957301,1.1203208313975448,1.0768663883209229
source_pretrained_head_adapted,62.0,exp4_cellH,4,0.6666666666666666,0.8664328187037518,0.9139082431793213,4.21381821114648,4.444710674957301,1.1454743242688907,1.0768663883209229
source_pretrained_head_adapted,62.0,exp4_cellH,4,0.7777777777777778,0.8527671069811423,0.9139082431793213,4.147356249316409,4.444710674957301,1.1762497763661797,1.0768663883209229
source_pretrained_head_adapted,62.0,exp4_cellH,4,0.8888888888888888,0.8397879246540428,0.9139082431793213,4.084233161553476,4.444710674957301,1.2070252284634688,1.0768663883209229
source_pretrained_head_adapted,62.0,exp4_cellH,4,1.0,0.827136982019207,0.9139082431793213,4.022706438059098,4.444710674957301,1.2070252284634688,1.0768663883209229
source_pretrained_head_adapted,62.0,exp5_cellA,5,0.5333333333333333,0.8044691536942838,0.9139082431793213,3.924912141,4.458852826043398,1.2063797378032324,1.0768663883209229
source_pretrained_head_adapted,62.0,exp5_cellA,5,0.6,0.7915716013752708,0.9139082431793213,3.861986472,4.458852826043398,1.2350145971619613,1.0768663883209229
source_pretrained_head_adapted,62.0,exp5_cellA,5,0.6666666666666666,0.7817580260973462,0.9139082431793213,3.814107171,4.458852826043398,1.2636494565206902,1.0768663883209229
source_pretrained_head_adapted,62.0,exp5_cellA,5,0.7333333333333333,0.7690068432998406,0.9139082431793213,3.751895622,4.458852826043398,1.2998531789224779,1.0768663883209229
source_pretrained_head_adapted,62.0,exp5_cellA,5,0.8,0.7560403342356591,0.9139082431793213,3.688633521,4.458852826043398,1.336056901324266,1.0768663883209229
source_pretrained_head_adapted,62.0,exp5_cellA,5,0.8666666666666667,0.7455051429921409,0.9139082431793213,3.637233539,4.458852826043398,1.3523752966828282,1.0768663883209229
source_pretrained_head_adapted,62.0,exp5_cellA,5,0.9333333333333332,0.730968649254188,0.9139082431793213,3.566311664,4.458852826043398,1.3686936920413904,1.0768663883209229
source_pretrained_head_adapted,62.0,exp5_cellA,5,1.0,0.7223409558959908,0.9139082431793213,3.524218144,4.458852826043398,1.3686936920413904,1.0768663883209229
source_pretrained_head_adapted,62.0,exp5_cellB,5,0.5333333333333333,0.8143553276793362,0.9139082431793213,3.959118123,4.443110476898712,1.191444056407467,1.0768663883209229
source_pretrained_head_adapted,62.0,exp5_cellB,5,0.6,0.8065707255620619,0.9139082431793213,3.92127204,4.443110476898712,1.2036275403487529,1.0768663883209229
source_pretrained_head_adapted,62.0,exp5_cellB,5,0.6666666666666666,0.8007887687293093,0.9139082431793213,3.893162136,4.443110476898712,1.2158110242900386,1.0768663883209229
source_pretrained_head_adapted,62.0,exp5_cellB,5,0.7333333333333333,0.7934484824068493,0.9139082431793213,3.857476165,4.443110476898712,1.2290721055376792,1.0768663883209229
source_pretrained_head_adapted,62.0,exp5_cellB,5,0.8,0.7866488837091813,0.9139082431793213,3.824418833,4.443110476898712,1.2423331867853196,1.0768663883209229
source_pretrained_head_adapted,62.0,exp5_cellB,5,0.8666666666666667,0.7825607629831625,0.9139082431793213,3.804543783,4.443110476898712,1.2620825999439529,1.0768663883209229
source_pretrained_head_adapted,62.0,exp5_cellB,5,0.9333333333333332,0.7757626314800493,0.9139082431793213,3.771493584,4.443110476898712,1.281832013102586,1.0768663883209229
source_pretrained_head_adapted,62.0,exp5_cellB,5,1.0,0.7725232717995762,0.9139082431793213,3.755744921,4.443110476898712,1.281832013102586,1.0768663883209229
source_pretrained_head_adapted,62.0,exp5_cellC,5,0.5333333333333333,0.8214546359438883,0.9139082431793213,4.012352958,4.463937851720411,1.1912918944993611,1.0768663883209229
source_pretrained_head_adapted,62.0,exp5_cellC,5,0.6,0.8140619179825401,0.9139082431793213,3.976243607,4.463937851720411,1.1932901956847763,1.0768663883209229
source_pretrained_head_adapted,62.0,exp5_cellC,5,0.6666666666666666,0.8081618464949624,0.9139082431793213,3.947425011,4.463937851720411,1.1952884968701913,1.0768663883209229
source_pretrained_head_adapted,62.0,exp5_cellC,5,0.7333333333333333,0.8007939995087437,0.9139082431793213,3.911437141,4.463937851720411,1.215425593808408,1.0768663883209229
source_pretrained_head_adapted,62.0,exp5_cellC,5,0.8,0.7932565004152995,0.9139082431793213,3.874620614,4.463937851720411,1.2355626907466244,1.0768663883209229
source_pretrained_head_adapted,62.0,exp5_cellC,5,0.8666666666666667,0.7884116982953278,0.9139082431793213,3.850956427,4.463937851720411,1.2535908385505172,1.0768663883209229
source_pretrained_head_adapted,62.0,exp5_cellC,5,0.9333333333333332,0.7817976432498098,0.9139082431793213,3.818650415,4.463937851720411,1.2716189863544103,1.0768663883209229
source_pretrained_head_adapted,62.0,exp5_cellC,5,1.0,0.7777849401692979,0.9139082431793213,3.799050573,4.463937851720411,1.2716189863544103,1.0768663883209229
source_pretrained_head_adapted,62.0,exp5_cellD,5,0.5333333333333333,0.862591076376204,0.9139082431793213,4.192222457,4.441625662056826,1.1210099277230234,1.0768663883209229
source_pretrained_head_adapted,62.0,exp5_cellD,5,0.6,0.8552786413642833,0.9139082431793213,4.15668377,4.441625662056826,1.1303166616459792,1.0768663883209229
source_pretrained_head_adapted,62.0,exp5_cellD,5,0.6666666666666666,0.8493641208923439,0.9139082431793213,4.127938996,4.441625662056826,1.139623395568935,1.0768663883209229
source_pretrained_head_adapted,62.0,exp5_cellD,5,0.7333333333333333,0.8407250784462886,0.9139082431793213,4.085952951,4.441625662056826,1.145763977123925,1.0768663883209229
source_pretrained_head_adapted,62.0,exp5_cellD,5,0.8,0.8330016712553935,0.9139082431793213,4.048416925,4.441625662056826,1.1519045586789147,1.0768663883209229
source_pretrained_head_adapted,62.0,exp5_cellD,5,0.8666666666666667,0.8255998395543926,0.9139082431793213,4.012443767000001,4.441625662056826,1.1733459434437157,1.0768663883209229
source_pretrained_head_adapted,62.0,exp5_cellD,5,0.9333333333333332,0.8173156266826287,0.9139082431793213,3.972182206,4.441625662056826,1.1947873282085169,1.0768663883209229
source_pretrained_head_adapted,62.0,exp5_cellD,5,1.0,0.8103250072823504,0.9139082431793213,3.938207554,4.441625662056826,1.1947873282085169,1.0768663883209229
source_pretrained_head_adapted,62.0,exp5_cellE,5,0.5333333333333333,0.8656172401950055,0.9139082431793213,4.211511139000001,4.446462671314804,1.1208975213605896,1.0768663883209229
source_pretrained_head_adapted,62.0,exp5_cellE,5,0.6,0.8583629495272422,0.9139082431793213,4.176216641,4.446462671314804,1.1205962447236646,1.0768663883209229
source_pretrained_head_adapted,62.0,exp5_cellE,5,0.6666666666666666,0.851483072523713,0.9139082431793213,4.142743788,4.446462671314804,1.1202949680867398,1.0768663883209229
source_pretrained_head_adapted,62.0,exp5_cellE,5,0.7333333333333333,0.8441469335073652,0.9139082431793213,4.107051071,4.446462671314804,1.1287087838725094,1.0768663883209229
source_pretrained_head_adapted,62.0,exp5_cellE,5,0.8,0.8366904562340003,0.9139082431793213,4.070772869,4.446462671314804,1.1371225996582792,1.0768663883209229
source_pretrained_head_adapted,62.0,exp5_cellE,5,0.8666666666666667,0.8299388540553875,0.9139082431793213,4.037924115,4.446462671314804,1.1538529249624887,1.0768663883209229
source_pretrained_head_adapted,62.0,exp5_cellE,5,0.9333333333333332,0.8222797423134317,0.9139082431793213,4.00066003,4.446462671314804,1.1705832502666982,1.0768663883209229
source_pretrained_head_adapted,62.0,exp5_cellE,5,1.0,0.8160525188402225,0.9139082431793213,3.97036255,4.446462671314804,1.1705832502666982,1.0768663883209229
source_pretrained_head_adapted,62.0,exp5_cellF,5,0.5333333333333333,0.8522315864914315,0.9139082431793213,4.121763642,4.420058853214653,1.1883123049065991,1.0768663883209229
source_pretrained_head_adapted,62.0,exp5_cellF,5,0.6,0.8423039313668911,0.9139082431793213,4.073749171999999,4.420058853214653,1.2087664381431986,1.0768663883209229
source_pretrained_head_adapted,62.0,exp5_cellF,5,0.6666666666666666,0.8322107221075873,0.9139082431793213,4.02493401,4.420058853214653,1.2292205713797981,1.0768663883209229
source_pretrained_head_adapted,62.0,exp5_cellF,5,0.7333333333333333,0.8210154999509715,0.9139082431793213,3.970789033,4.420058853214653,1.2371509847644246,1.0768663883209229
source_pretrained_head_adapted,62.0,exp5_cellF,5,0.8,0.8096480195495653,0.9139082431793213,3.91581094,4.420058853214653,1.2450813981490514,1.0768663883209229
source_pretrained_head_adapted,62.0,exp5_cellF,5,0.8666666666666667,0.7985219847016456,0.9139082431793213,3.862000583,4.420058853214653,1.284781990745257,1.0768663883209229
source_pretrained_head_adapted,62.0,exp5_cellF,5,0.9333333333333332,0.7866654996007033,0.9139082431793213,3.80465745,4.420058853214653,1.3244825833414624,1.0768663883209229
source_pretrained_head_adapted,62.0,exp5_cellF,5,1.0,0.7678683443349683,0.9139082431793213,3.713746209,4.420058853214653,1.3244825833414624,1.0768663883209229
source_pretrained_head_adapted,62.0,exp5_cellG,5,0.5333333333333333,0.8498714817160511,0.9139082431793213,4.123182213,4.433858875911835,1.2228939135477763,1.0768663883209229
source_pretrained_head_adapted,62.0,exp5_cellG,5,0.6,0.8400058427597255,0.9139082431793213,4.075318709,4.433858875911835,1.236867862376435,1.0768663883209229
source_pretrained_head_adapted,62.0,exp5_cellG,5,0.6666666666666666,0.8299328251567766,0.9139082431793213,4.0264491,4.433858875911835,1.250841811205094,1.0768663883209229
source_pretrained_head_adapted,62.0,exp5_cellG,5,0.7333333333333333,0.8194936798065443,0.9139082431793213,3.975803209,4.433858875911835,1.2541946824482297,1.0768663883209229
source_pretrained_head_adapted,62.0,exp5_cellG,5,0.8,0.8085936348705501,0.9139082431793213,3.922921247,4.433858875911835,1.2575475536913652,1.0768663883209229
source_pretrained_head_adapted,62.0,exp5_cellG,5,0.8666666666666667,0.7978404378562369,0.9139082431793213,3.870751723,4.433858875911835,1.316380148152523,1.0768663883209229
source_pretrained_head_adapted,62.0,exp5_cellG,5,0.9333333333333332,0.7855218228441083,0.9139082431793213,3.810987517,4.433858875911835,1.3752127426136804,1.0768663883209229
source_pretrained_head_adapted,62.0,exp5_cellG,5,1.0,0.7696642878933628,0.9139082431793213,3.734054113,4.433858875911835,1.3752127426136804,1.0768663883209229
source_pretrained_head_adapted,62.0,exp5_cellH,5,0.5333333333333333,0.8526440302059033,0.9139082431793213,4.133824681,4.430848417377298,1.1977016713887478,1.0768663883209229
source_pretrained_head_adapted,62.0,exp5_cellH,5,0.6,0.8431704595629644,0.9139082431793213,4.0878945170000005,4.430848417377298,1.2144315202885887,1.0768663883209229
source_pretrained_head_adapted,62.0,exp5_cellH,5,0.6666666666666666,0.8318238318782536,0.9139082431793213,4.032883319,4.430848417377298,1.2311613691884293,1.0768663883209229
source_pretrained_head_adapted,62.0,exp5_cellH,5,0.7333333333333333,0.8228976751117055,0.9139082431793213,3.98960715,4.430848417377298,1.2292285687011615,1.0768663883209229
source_pretrained_head_adapted,62.0,exp5_cellH,5,0.8,0.8125378294201961,0.9139082431793213,3.93938011,4.430848417377298,1.2272957682138939,1.0768663883209229
source_pretrained_head_adapted,62.0,exp5_cellH,5,0.8666666666666667,0.8025090494980701,0.9139082431793213,3.890758157,4.430848417377298,1.2802798968420732,1.0768663883209229
source_pretrained_head_adapted,62.0,exp5_cellH,5,0.9333333333333332,0.7914666613646212,0.9139082431793213,3.837221986,4.430848417377298,1.333264025470253,1.0768663883209229
source_pretrained_head_adapted,62.0,exp5_cellH,5,1.0,0.7759335636988509,0.9139082431793213,3.761913768,4.430848417377298,1.333264025470253,1.0768663883209229
target_only_LSTM_from_scratch,62.0,exp1_cellA,1,0.5714285714285714,0.8549561721374236,0.8514328598976135,4.161854263183007,4.144703077492261,1.1526787381402472,1.1432479619979858
target_only_LSTM_from_scratch,62.0,exp1_cellA,1,0.6428571428571429,0.8339231857086502,0.8393737077713013,4.059467465954306,4.086000145900116,1.1764673298760704,1.1608601808547974
target_only_LSTM_from_scratch,62.0,exp1_cellA,1,0.7142857142857143,0.818224933858435,0.828040361404419,3.983049705001716,4.0308303752963,1.2002559216118935,1.1818195581436157
target_only_LSTM_from_scratch,62.0,exp1_cellA,1,0.7857142857142857,0.7639284558682716,0.8178297281265259,3.718739047024665,3.9811258769579134,1.3340435794062142,1.2006419897079468
target_only_LSTM_from_scratch,62.0,exp1_cellA,1,0.8571428571428571,0.7250005917778434,0.8092920780181885,3.52924150036526,3.939565319049879,1.4678312372005347,1.2154488563537598
target_only_LSTM_from_scratch,62.0,exp1_cellA,1,0.9285714285714286,0.6434004407516708,0.8025193214416504,3.132018873647892,3.9065961134342313,1.6131902334747197,1.2273664474487305
target_only_LSTM_from_scratch,62.0,exp1_cellA,1,1.0,0.5856790719679541,0.7974053025245667,2.8510361372478603,3.8817015023118233,1.7585492297489045,1.236628532409668
target_only_LSTM_from_scratch,62.0,exp1_cellB,1,0.5714285714285714,0.8593055242284461,0.8596376776695251,4.176906007468412,4.178520536485539,1.1371669739008392,1.1317323446273804
target_only_LSTM_from_scratch,62.0,exp1_cellB,1,0.6428571428571429,0.8383723891509776,0.8471538424491882,4.075154377582485,4.117839201549528,1.1910745065479214,1.1479085683822632
target_only_LSTM_from_scratch,62.0,exp1_cellB,1,0.7142857142857143,0.7994437874381211,0.8356836438179016,3.885930515088674,4.062084943932141,1.244982039195004,1.1686608791351318
target_only_LSTM_from_scratch,62.0,exp1_cellB,1,0.7857142857142857,0.7144807798517927,0.82496178150177,3.47294294920684,4.009968194002353,1.404277943400622,1.1887019872665405
target_only_LSTM_from_scratch,62.0,exp1_cellB,1,0.8571428571428571,0.6308130172936719,0.8154895901679993,3.066251300885086,3.9639258356439084,1.5635738476062404,1.2054150104522705
target_only_LSTM_from_scratch,62.0,exp1_cellB,1,0.9285714285714286,0.5586363849136401,0.8076595067977905,2.71541565409033,3.925865423664864,1.7772623308717677,1.21878981590271
target_only_LSTM_from_scratch,62.0,exp1_cellB,1,1.0,0.492781344774241,0.8014796376228333,2.395307956624624,3.8958263607769292,1.9909508141372947,1.2297682762145996
target_only_LSTM_from_scratch,62.0,exp1_cellD,1,0.5384615384615384,0.8181553504521012,0.8077468276023865,4.002078276099845,3.951164078496525,1.1916693068263018,1.2011440992355347
target_only_LSTM_from_scratch,62.0,exp1_cellD,1,0.6153846153846154,0.8129632683847705,0.7999159097671509,3.976680753688106,3.912858460702788,1.2118230578580662,1.2235509157180786
target_only_LSTM_from_scratch,62.0,exp1_cellD,1,0.6923076923076923,0.8031377766449331,0.7940736413002014,3.928618503624872,3.8842804947922778,1.2083870831053638,1.2390878200531006
target_only_LSTM_from_scratch,62.0,exp1_cellD,1,0.7692307692307693,0.7984539437080421,0.7900033593177795,3.905707126176501,3.8643703553664954,1.2049511083526614,1.2496520280838013
target_only_LSTM_from_scratch,62.0,exp1_cellD,1,0.8461538461538461,0.7884549637044503,0.7871471047401428,3.856796243135256,3.85039873690815,1.2043092563409348,1.2577258348464966
target_only_LSTM_from_scratch,62.0,exp1_cellD,1,0.9230769230769232,0.7820982650781715,0.7852500081062317,3.825701897219304,3.8411189232125693,1.2036674043292082,1.2630317211151123
target_only_LSTM_from_scratch,62.0,exp1_cellD,1,1.0,0.7696990653997923,0.7839931845664978,3.765050130233432,3.8349710612173133,1.2036674043292082,1.2669527530670166
target_only_LSTM_from_scratch,62.0,exp1_cellE,1,0.5714285714285714,0.7961913353698228,0.7962597608566284,3.865615255227751,3.8659474701036127,1.2205143504053828,1.230186939239502
target_only_LSTM_from_scratch,62.0,exp1_cellE,1,0.6428571428571429,0.7814493934456567,0.7911611795425415,3.794041158572619,3.8411931769680328,1.2289631743676406,1.2446098327636719
target_only_LSTM_from_scratch,62.0,exp1_cellE,1,0.7142857142857143,0.7731770269753371,0.7876488566398621,3.7538777146817752,3.8241403802460274,1.2374119983298986,1.25461745262146
target_only_LSTM_from_scratch,62.0,exp1_cellE,1,0.7857142857142857,0.7562960683651517,0.7852625250816345,3.671918406375449,3.8125544218642635,1.2766134133528204,1.2617138624191284
target_only_LSTM_from_scratch,62.0,exp1_cellE,1,0.8571428571428571,0.7375311809904169,0.7836464047431946,3.580812372340662,3.8047079418072363,1.3158148283757425,1.2669556140899658
target_only_LSTM_from_scratch,62.0,exp1_cellE,1,0.9285714285714286,0.6725044310535847,0.7825987339019775,3.265098817838162,3.799621359968984,1.5495855177442008,1.2705661058425903
target_only_LSTM_from_scratch,62.0,exp1_cellE,1,1.0,0.5587558414481429,0.7819498181343079,2.712834225514765,3.796470787261864,1.7833562071126594,1.2730926275253296
target_only_LSTM_from_scratch,62.0,exp1_cellF,1,0.5714285714285714,0.7914942251085741,0.7952105402946472,3.847663007702252,3.865728999863413,1.2061693643987719,1.2360466718673706
target_only_LSTM_from_scratch,62.0,exp1_cellF,1,0.6428571428571429,0.765044545670987,0.7903468012809753,3.7190841123557616,3.8420850766503833,1.2562988315510932,1.2481441497802734
target_only_LSTM_from_scratch,62.0,exp1_cellF,1,0.7142857142857143,0.7502677805201031,0.787053644657135,3.6472503442233912,3.826076170308228,1.3064282987034144,1.256554126739502
target_only_LSTM_from_scratch,62.0,exp1_cellF,1,0.7857142857142857,0.6973659111361276,0.7847745418548584,3.3900803492823703,3.8149968481036125,1.5300580379135538,1.2633624076843262
target_only_LSTM_from_scratch,62.0,exp1_cellF,1,0.8571428571428571,0.5855959939675742,0.7832579612731934,2.8467371864129323,3.8076243483213537,1.7536877771236934,1.2682284116744995
target_only_LSTM_from_scratch,62.0,exp1_cellF,1,0.9285714285714286,0.5498386118680253,0.7822443842887878,2.672911083843661,3.802697082215501,1.9363589350491521,1.2720904350280762
target_only_LSTM_from_scratch,62.0,exp1_cellF,1,1.0,0.44945260077179,0.781683623790741,2.184908102731843,3.79997107695094,2.119030092974611,1.2740647792816162
target_only_LSTM_from_scratch,62.0,exp1_cellJ,1,0.6,0.9283996811708648,0.9276149868965149,4.479245641129816,4.47545973029929,1.0461622608767824,1.0533381700515747
target_only_LSTM_from_scratch,62.0,exp1_cellJ,1,0.7,0.9084019156276106,0.9113839864730835,4.382762514348698,4.397150097743038,1.070007889842271,1.0652073621749878
target_only_LSTM_from_scratch,62.0,exp1_cellJ,1,0.8,0.8905796338743112,0.8925703167915344,4.296775434131507,4.306379872780816,1.0938535188077592,1.0825605392456055
target_only_LSTM_from_scratch,62.0,exp1_cellJ,1,0.9,0.8734456000301964,0.8753705024719238,4.214108940413596,4.223396008307494,1.1120970413504792,1.1043717861175537
target_only_LSTM_from_scratch,62.0,exp1_cellJ,1,1.0,0.8612822153989198,0.8648062944412231,4.155424314927384,4.172426922758234,1.130340563893199,1.1196740865707397
target_only_LSTM_from_scratch,62.0,exp1_cellK,1,0.6,0.8068862227834716,0.8048415184020996,3.918879495398503,3.9089487891253585,1.1758467449275036,1.2062031030654907
target_only_LSTM_from_scratch,62.0,exp1_cellK,1,0.7,0.7961825254601345,0.7974067330360413,3.866893851349858,3.8728395743426023,1.1973632239702936,1.2285425662994385
target_only_LSTM_from_scratch,62.0,exp1_cellK,1,0.8,0.7877533102337295,0.792194664478302,3.825954896413799,3.847525635372279,1.2188797030130838,1.243882656097412
target_only_LSTM_from_scratch,62.0,exp1_cellK,1,0.9,0.7790779761794198,0.7887322902679443,3.7838205932354807,3.830709599957075,1.2367410711453302,1.25420081615448
target_only_LSTM_from_scratch,62.0,exp1_cellK,1,1.0,0.7717907926718258,0.786513090133667,3.748428250150724,3.819931403903108,1.2546024392775765,1.2609459161758423
target_only_LSTM_from_scratch,62.0,exp1_cellL,1,0.6,0.8070037299410662,0.8049729466438293,3.911680712389937,3.901837169466752,1.1585168241866015,1.2041501998901367
target_only_LSTM_from_scratch,62.0,exp1_cellL,1,0.7,0.7977274944560124,0.7974262237548828,3.866717262923449,3.8652569539470547,1.1769333624986371,1.2279775142669678
target_only_LSTM_from_scratch,62.0,exp1_cellL,1,0.8,0.7902851473030869,0.7921887040138245,3.830642973880033,3.8398698284707504,1.1953499008106725,1.2436950206756592
target_only_LSTM_from_scratch,62.0,exp1_cellL,1,0.9,0.7826036305284555,0.7887281775474548,3.793409390075632,3.8230960836527412,1.21332140108182,1.2541226148605347
target_only_LSTM_from_scratch,62.0,exp1_cellL,1,1.0,0.7761383115014312,0.786513090133667,3.762070918146505,3.8123591881573455,1.2312929013529677,1.2609145641326904
target_only_LSTM_from_scratch,62.0,exp1_cellM,1,0.6,0.8094657288379769,0.8046199083328247,3.907895631767987,3.8845012370335734,1.1857881455883141,1.2092069387435913
target_only_LSTM_from_scratch,62.0,exp1_cellM,1,0.7,0.8010379454939867,0.797253429889679,3.8672084271809,3.8489377438504735,1.2026227698652867,1.2300935983657837
target_only_LSTM_from_scratch,62.0,exp1_cellM,1,0.8,0.794506580500605,0.7920616865158081,3.83567665033377,3.8238733210723335,1.2194573941422593,1.244889259338379
target_only_LSTM_from_scratch,62.0,exp1_cellM,1,0.9,0.7878186379024347,0.7886072397232056,3.803388956446564,3.807196126411646,1.2348615811671344,1.2549899816513062
target_only_LSTM_from_scratch,62.0,exp1_cellM,1,1.0,0.7831291042673945,0.7863898873329163,3.780749075158803,3.7964913103689195,1.2502657681920093,1.2617303133010864
target_only_LSTM_from_scratch,62.0,exp2_cellA,2,0.5833333333333334,0.9249928121553804,0.9238386750221252,4.482643358757167,4.477050250262165,1.0317597793434083,1.051947832107544
target_only_LSTM_from_scratch,62.0,exp2_cellA,2,0.6666666666666666,0.9189006441015372,0.9112932085990906,4.453119868079051,4.416253181350152,1.0351754162063005,1.0634958744049072
target_only_LSTM_from_scratch,62.0,exp2_cellA,2,0.75,0.9161023998591324,0.8970951437950134,4.439559188682886,4.347447391656611,1.0349482098005431,1.0767977237701416
target_only_LSTM_from_scratch,62.0,exp2_cellA,2,0.8333333333333334,0.9124277118108484,0.88277268409729,4.42175114114059,4.27803876706907,1.034721003394786,1.0946284532546997
target_only_LSTM_from_scratch,62.0,exp2_cellA,2,0.9166666666666666,0.9109432059512895,0.8711315393447876,4.414557020013442,4.221624166298778,1.0360149698349184,1.1115542650222778
target_only_LSTM_from_scratch,62.0,exp2_cellA,2,1.0,0.9107642676506382,0.8625622391700745,4.413689860210143,4.180096150067099,1.037308936275051,1.1256918907165527
target_only_LSTM_from_scratch,62.0,exp2_cellB,2,0.5833333333333334,0.9215232607161805,0.9213693141937256,4.461646432162857,4.460901084777788,1.0185466313375071,1.052022099494934
target_only_LSTM_from_scratch,62.0,exp2_cellB,2,0.6666666666666666,0.9108267995628626,0.9085248112678528,4.409858452655557,4.39871314759258,1.028362923646641,1.0650583505630493
target_only_LSTM_from_scratch,62.0,exp2_cellB,2,0.75,0.9058028992907209,0.8938925266265869,4.385534740297691,4.327869487592768,1.0297177633062533,1.08008873462677
target_only_LSTM_from_scratch,62.0,exp2_cellB,2,0.8333333333333334,0.9001834664415093,0.8794739842414856,4.35832769779398,4.2580606819642695,1.0310726029658654,1.0981240272521973
target_only_LSTM_from_scratch,62.0,exp2_cellB,2,0.9166666666666666,0.8956699538478909,0.8688099980354309,4.336475078095385,4.206429933140956,1.0299008119149284,1.1163408756256104
target_only_LSTM_from_scratch,62.0,exp2_cellB,2,1.0,0.8959111069771764,0.8602248430252075,4.337642644932543,4.1648640521113665,1.0287290208639914,1.1292777061462402
target_only_LSTM_from_scratch,62.0,exp2_cellC,2,0.5833333333333334,0.9374129888404765,0.9338016510009766,4.529879087947729,4.512427949598451,1.0282826226508421,1.049896001815796
target_only_LSTM_from_scratch,62.0,exp2_cellC,2,0.6666666666666666,0.9303869734073997,0.9247549772262573,4.495927136395126,4.468711531290363,1.0318308773780704,1.059479832649231
target_only_LSTM_from_scratch,62.0,exp2_cellC,2,0.75,0.928262601289942,0.9129003882408142,4.485661491535869,4.411426369487988,1.0358076599085582,1.0709103345870972
target_only_LSTM_from_scratch,62.0,exp2_cellC,2,0.8333333333333334,0.9253155389115526,0.8993955254554749,4.471420344466575,4.346166557382565,1.0397844424390466,1.0859538316726685
target_only_LSTM_from_scratch,62.0,exp2_cellC,2,0.9166666666666666,0.9200752424845271,0.8853384256362915,4.446097557731145,4.278238159476668,1.0473832552450855,1.1036252975463867
target_only_LSTM_from_scratch,62.0,exp2_cellC,2,1.0,0.9180942687374104,0.8737175464630127,4.4365248596165845,4.222082358162546,1.0549820680511246,1.11972975730896
target_only_LSTM_from_scratch,62.0,exp2_cellD,2,0.5833333333333334,0.934022005775634,0.9345139861106873,4.505097731281088,4.507470715512271,1.0483765989649787,1.0500757694244385
target_only_LSTM_from_scratch,62.0,exp2_cellD,2,0.6666666666666666,0.9250959575914592,0.9249666929244995,4.462044442198849,4.4614209558631375,1.059262296343421,1.0601277351379395
target_only_LSTM_from_scratch,62.0,exp2_cellD,2,0.75,0.9199823232382219,0.913237452507019,4.437379688712404,4.404846941474085,1.061095264542489,1.0712345838546753
target_only_LSTM_from_scratch,62.0,exp2_cellD,2,0.8333333333333334,0.9145132805755902,0.8999859690666199,4.411000683143643,4.3409306444122455,1.0629282327415572,1.0854133367538452
target_only_LSTM_from_scratch,62.0,exp2_cellD,2,0.9166666666666666,0.9105086329801314,0.8860009908676147,4.391684940382421,4.273476459000379,1.0721670635052118,1.1025575399398804
target_only_LSTM_from_scratch,62.0,exp2_cellD,2,1.0,0.9100229179493048,0.8742802143096924,4.389342175790265,4.216943268611465,1.0814058942688665,1.1186579465866089
target_only_LSTM_from_scratch,62.0,exp2_cellE,2,0.5833333333333334,0.921390350630106,0.9190621376037598,4.466412726676465,4.455126782251091,1.0454157351444686,1.0723100900650024
target_only_LSTM_from_scratch,62.0,exp2_cellE,2,0.6666666666666666,0.9165428840789561,0.9069494009017944,4.442914774607194,4.396410646008139,1.0502823695220944,1.0874184370040894
target_only_LSTM_from_scratch,62.0,exp2_cellE,2,0.75,0.911727243647203,0.8928553462028503,4.419571098719151,4.328090128830171,1.0545276514730193,1.106068730354309
target_only_LSTM_from_scratch,62.0,exp2_cellE,2,0.8333333333333334,0.9073976174354801,0.8786355257034302,4.39858336252182,4.259159965619506,1.058772933423944,1.1231036186218262
target_only_LSTM_from_scratch,62.0,exp2_cellE,2,0.9166666666666666,0.9031805240556576,0.867957353591919,4.378141125929759,4.2073978391940665,1.0621200206058443,1.1366832256317139
target_only_LSTM_from_scratch,62.0,exp2_cellE,2,1.0,0.8946822541703837,0.859151303768158,4.336946011671876,4.164710770702742,1.0654671077877444,1.145959734916687
target_only_LSTM_from_scratch,62.0,exp2_cellF,2,0.5833333333333334,0.9170734708438081,0.9116990566253662,4.427288669079348,4.401343001770541,1.0652078517860382,1.0837041139602661
target_only_LSTM_from_scratch,62.0,exp2_cellF,2,0.6666666666666666,0.9078142921608467,0.8982539772987366,4.382588807867206,4.336435173499279,1.070479113842055,1.100820541381836
target_only_LSTM_from_scratch,62.0,exp2_cellF,2,0.75,0.9042943898734698,0.8832987546920776,4.36559603246958,4.264236936722133,1.0745110763335914,1.1187493801116943
target_only_LSTM_from_scratch,62.0,exp2_cellF,2,0.8333333333333334,0.8995338693582364,0.8708704113960266,4.342614014991067,4.204237530786415,1.0785430388251278,1.1351666450500488
target_only_LSTM_from_scratch,62.0,exp2_cellF,2,0.9166666666666666,0.8930768140394663,0.8611671328544617,4.3114417602511,4.157393721096376,1.0804146733474087,1.1458956003189087
target_only_LSTM_from_scratch,62.0,exp2_cellF,2,1.0,0.8916410271050312,0.8523879051208496,4.30451031644847,4.115010884056586,1.082286307869689,1.155387282371521
target_only_LSTM_from_scratch,62.0,exp3_cellA,3,0.6,0.873949597840415,0.8613892793655396,4.2743657571259615,4.2129349888982865,1.1336774373714231,1.132359504699707
target_only_LSTM_from_scratch,62.0,exp3_cellA,3,0.7,0.8595327928385645,0.8500980138778687,4.203855171870993,4.157710982074118,1.1831843398251038,1.1439592838287354
target_only_LSTM_from_scratch,62.0,exp3_cellA,3,0.8,0.8376336737446474,0.8397926092147827,4.096749630547367,4.107308683229804,1.232691242278785,1.1599016189575195
target_only_LSTM_from_scratch,62.0,exp3_cellA,3,0.9,0.7791267852597307,0.8301417231559753,3.810600587955119,4.060107543716009,1.3508831141859985,1.1765682697296143
target_only_LSTM_from_scratch,62.0,exp3_cellA,3,1.0,0.7575357692124128,0.8214519023895264,3.705001935719038,4.017606840687533,1.4690749860932122,1.1916978359222412
target_only_LSTM_from_scratch,62.0,exp3_cellB,3,0.6,0.8436353663923807,0.8596861958503723,4.116083995859684,4.194395746272462,1.1659863773095838,1.1301441192626953
target_only_LSTM_from_scratch,62.0,exp3_cellB,3,0.7,0.8218953819738878,0.8486580848693848,4.010014945770124,4.140589762168786,1.318438170555717,1.1446161270141602
target_only_LSTM_from_scratch,62.0,exp3_cellB,3,0.8,0.7394175881654729,0.8383260369300842,3.607607056494019,4.090179858955186,1.47088996380185,1.1617244482040405
target_only_LSTM_from_scratch,62.0,exp3_cellB,3,0.9,0.7123684053550189,0.8286843299865723,3.4756345089901144,4.043138118857604,1.4998609949574946,1.1788721084594727
target_only_LSTM_from_scratch,62.0,exp3_cellB,3,1.0,0.7738294336290892,0.8200944662094116,3.775501922005038,4.001228305414172,1.528832026113139,1.1939789056777954
target_only_LSTM_from_scratch,62.0,exp3_cellC,3,0.6,0.8971296129961095,0.8802997469902039,4.324958549151195,4.243823703295175,1.1023593275514205,1.0958935022354126
target_only_LSTM_from_scratch,62.0,exp3_cellC,3,0.7,0.88686539707305,0.8664296269416809,4.275475946232187,4.176957451849885,1.1325279115772933,1.114227294921875
target_only_LSTM_from_scratch,62.0,exp3_cellC,3,0.8,0.8684117953983999,0.8559432625770569,4.186513257709548,4.12640389687712,1.1626964956031665,1.1319003105163574
target_only_LSTM_from_scratch,62.0,exp3_cellC,3,0.9,0.8524862852889896,0.846250057220459,4.109738207483236,4.079674070140391,1.4009633705973525,1.1479310989379883
target_only_LSTM_from_scratch,62.0,exp3_cellC,3,1.0,0.8263742910997344,0.83722984790802,3.983855290602311,4.0361886798290865,1.6392302455915388,1.1632531881332397
target_only_LSTM_from_scratch,62.0,exp3_cellD,3,0.5454545454545454,0.8848983577362085,0.8952965140342712,4.309725245858735,4.360367442577,1.1118191520181597,1.1199544668197632
target_only_LSTM_from_scratch,62.0,exp3_cellD,3,0.6363636363636364,0.887787311867856,0.8787373900413513,4.323795334752494,4.279719451655011,1.1253571792920565,1.130835771560669
target_only_LSTM_from_scratch,62.0,exp3_cellD,3,0.7272727272727273,0.857549518588028,0.8651739358901978,4.176528047003746,4.213661287725523,1.1388952065659532,1.1436806917190552
target_only_LSTM_from_scratch,62.0,exp3_cellD,3,0.8181818181818182,0.8543504418842668,0.8543941974639893,4.160947566473859,4.16116066950985,1.1607064304892893,1.153311848640442
target_only_LSTM_from_scratch,62.0,exp3_cellD,3,0.9090909090909092,0.8353594218833993,0.8445639610290527,4.068455499303874,4.113284415964993,1.1825176544126255,1.1637742519378662
target_only_LSTM_from_scratch,62.0,exp3_cellD,3,1.0,0.855786983777141,0.835458517074585,4.167943964205111,4.068938123148141,1.1825176544126255,1.1756081581115723
target_only_LSTM_from_scratch,62.0,exp3_cellE,3,0.5454545454545454,0.8764127304458983,0.8955461382865906,4.279353494087043,4.3727782160844075,1.1102010880588071,1.1201876401901245
target_only_LSTM_from_scratch,62.0,exp3_cellE,3,0.6363636363636364,0.8880560096373777,0.8783124089241028,4.336205369647247,4.288629255895307,1.1392512618921713,1.1301847696304321
target_only_LSTM_from_scratch,62.0,exp3_cellE,3,0.7272727272727273,0.8458131769523313,0.8648228049278259,4.1299418052659815,4.222762134172933,1.1683014357255352,1.1427156925201416
target_only_LSTM_from_scratch,62.0,exp3_cellE,3,0.8181818181818182,0.8390560662996611,0.8540883660316467,4.096948143630413,4.170347949620802,1.19957109054225,1.1525449752807617
target_only_LSTM_from_scratch,62.0,exp3_cellE,3,0.9090909090909092,0.8260574309036003,0.8442539572715759,4.033478326422035,4.122328437777019,1.230840745358965,1.163420557975769
target_only_LSTM_from_scratch,62.0,exp3_cellE,3,1.0,0.8534566359036194,0.8351420164108276,4.167263333849283,4.07783659665495,1.230840745358965,1.175544023513794
target_only_LSTM_from_scratch,62.0,exp3_cellF,3,0.5454545454545454,0.8960881611931472,0.8988711833953857,4.394232365009932,4.407879734502388,1.0509728244971537,1.1081327199935913
target_only_LSTM_from_scratch,62.0,exp3_cellF,3,0.6363636363636364,0.8986372589960113,0.8831819295883179,4.406732617275297,4.330942855021606,1.0565565302232416,1.1204701662063599
target_only_LSTM_from_scratch,62.0,exp3_cellF,3,0.7272727272727273,0.8858910640415816,0.8687103986740112,4.344227894163116,4.259977438594035,1.0621402359493297,1.136191964149475
target_only_LSTM_from_scratch,62.0,exp3_cellF,3,0.8181818181818182,0.8819147159986288,0.8575621247291565,4.3247286997516845,4.2053085920407565,1.0723233425722347,1.147807002067566
target_only_LSTM_from_scratch,62.0,exp3_cellF,3,0.9090909090909092,0.8722484867937208,0.8476670980453491,4.277327496321819,4.156785412749191,1.0825064491951395,1.1583107709884644
target_only_LSTM_from_scratch,62.0,exp3_cellF,3,1.0,0.8792906733199577,0.838533341884613,4.31186093320243,4.111995347804941,1.0825064491951395,1.1700117588043213
target_only_LSTM_from_scratch,62.0,exp3_cellG,3,0.5454545454545454,0.9130515923888205,0.9167218208312988,4.446549073970472,4.464423037521057,1.1117924779760167,1.1006802320480347
target_only_LSTM_from_scratch,62.0,exp3_cellG,3,0.6363636363636364,0.9036316373179148,0.9026822447776794,4.400674018446181,4.39605048944102,1.137557999044256,1.109811782836914
target_only_LSTM_from_scratch,62.0,exp3_cellG,3,0.7272727272727273,0.8821256532598138,0.8872318267822266,4.295940162993191,4.320807159926206,1.1633235201124954,1.1223647594451904
target_only_LSTM_from_scratch,62.0,exp3_cellG,3,0.8181818181818182,0.8846423550385656,0.8735821843147278,4.308196467080554,4.2543335832084965,1.2051773476963223,1.135101079940796
target_only_LSTM_from_scratch,62.0,exp3_cellG,3,0.9090909090909092,0.8614075712479565,0.863222062587738,4.195043379994058,4.20387992861178,1.247031175280149,1.1457152366638184
target_only_LSTM_from_scratch,62.0,exp3_cellG,3,1.0,0.8355233939574123,0.8542388081550598,4.068987781908266,4.160131599369662,1.247031175280149,1.1539747714996338
target_only_LSTM_from_scratch,62.0,exp3_cellH,3,0.5833333333333334,0.9101151599695884,0.9018546342849731,4.405421300679533,4.3654361456063775,1.152916864042138,1.119138240814209
target_only_LSTM_from_scratch,62.0,exp3_cellH,3,0.6666666666666666,0.8958425179469541,0.8862031102180481,4.336334437885612,4.289674790840202,1.1742413337529805,1.1303417682647705
target_only_LSTM_from_scratch,62.0,exp3_cellH,3,0.75,0.8921058581696183,0.8725529313087463,4.318247099820594,4.223600966812116,1.2052971567773032,1.1408569812774658
target_only_LSTM_from_scratch,62.0,exp3_cellH,3,0.8333333333333334,0.8780266203909394,0.8619775176048279,4.250096412154215,4.172410573723512,1.2363529798016262,1.1507645845413208
target_only_LSTM_from_scratch,62.0,exp3_cellH,3,0.9166666666666666,0.856822653409808,0.8526054620742798,4.147458403354644,4.127045047599535,1.2531625041290193,1.159201741218567
target_only_LSTM_from_scratch,62.0,exp3_cellH,3,1.0,0.8550103327900257,0.8438738584518433,4.1386858477339725,4.084779635177817,1.2699720284564129,1.1683874130249023
target_only_LSTM_from_scratch,62.0,exp3_cellI,3,0.5833333333333334,0.9065722790690582,0.8965768814086914,4.392877937974479,4.344444334965355,1.1542619400491336,1.1285570859909058
target_only_LSTM_from_scratch,62.0,exp3_cellI,3,0.6666666666666666,0.8895981239088468,0.8806484937667847,4.310628134576985,4.267261892621662,1.1765678882144186,1.1373518705368042
target_only_LSTM_from_scratch,62.0,exp3_cellI,3,0.75,0.8910378061334746,0.8681021928787231,4.317604244952602,4.2064676574053035,1.2131443205798447,1.1467911005020142
target_only_LSTM_from_scratch,62.0,exp3_cellI,3,0.8333333333333334,0.876207266900275,0.8578678369522095,4.245741526325592,4.156876160514259,1.2497207529452707,1.1555149555206299
target_only_LSTM_from_scratch,62.0,exp3_cellI,3,0.9166666666666666,0.848484709734731,0.8484827876091003,4.111409369289189,4.1114000554556736,1.27719374175336,1.1644072532653809
target_only_LSTM_from_scratch,62.0,exp3_cellI,3,1.0,0.8512971333711653,0.8397101759910583,4.125037222280036,4.068891572762062,1.3046667305614497,1.1743273735046387
target_only_LSTM_from_scratch,62.0,exp4_cellA,4,0.5555555555555556,0.911691872614689,0.9157867431640625,4.472674533016423,4.492763582587146,1.067734335942842,1.0630817413330078
target_only_LSTM_from_scratch,62.0,exp4_cellA,4,0.6666666666666666,0.9027280630329916,0.9101950526237488,4.428698926740714,4.465331274997912,1.1125671748506414,1.070596694946289
target_only_LSTM_from_scratch,62.0,exp4_cellA,4,0.7777777777777778,0.8975989791621065,0.9040232300758362,4.403536123938469,4.435052894372256,1.1173135353886186,1.0792934894561768
target_only_LSTM_from_scratch,62.0,exp4_cellA,4,0.8888888888888888,0.888880028710196,0.897658109664917,4.360761773511224,4.403826212620829,1.122059895926596,1.0893055200576782
target_only_LSTM_from_scratch,62.0,exp4_cellA,4,1.0,0.8816852587888638,0.8925184011459351,4.325464909335212,4.378611286294845,1.122059895926596,1.095893144607544
target_only_LSTM_from_scratch,62.0,exp4_cellB,4,0.5555555555555556,0.8965273433264614,0.9146934747695923,4.353698434041002,4.441916443904581,1.0712715811958393,1.0688198804855347
target_only_LSTM_from_scratch,62.0,exp4_cellB,4,0.6666666666666666,0.8473381548652769,0.9088273048400879,4.114826865461052,4.413429264984705,1.1095998862805168,1.0749521255493164
target_only_LSTM_from_scratch,62.0,exp4_cellB,4,0.7777777777777778,0.7966265675802644,0.9027348756790161,3.8685622536854622,4.3838433304390305,1.1835435772385512,1.080784559249878
target_only_LSTM_from_scratch,62.0,exp4_cellB,4,0.8888888888888888,0.733695243755318,0.8966717720031738,3.562956397903964,4.3543998057373745,1.2574872681965856,1.089893102645874
target_only_LSTM_from_scratch,62.0,exp4_cellB,4,1.0,0.6260958680860047,0.8911756873130798,3.0404344281700237,4.327709827470972,1.2574872681965856,1.099703073501587
target_only_LSTM_from_scratch,62.0,exp4_cellC,4,0.5555555555555556,0.896165286677176,0.8986014127731323,4.370752838666638,4.382634246268053,1.262270345598159,1.6405107975006104
target_only_LSTM_from_scratch,62.0,exp4_cellC,4,0.6666666666666666,0.856391265128893,0.8820549845695496,4.176768068031387,4.301934458945612,1.0993217703645564,1.6318541765213013
target_only_LSTM_from_scratch,62.0,exp4_cellC,4,0.7777777777777778,0.8005060665908709,0.8677830100059509,3.9042063053958542,4.232327574741786,1.2222356651812845,1.3167487382888794
target_only_LSTM_from_scratch,62.0,exp4_cellC,4,0.8888888888888888,0.6967940421631312,0.8612309098243713,3.398384854921955,4.200371850843966,1.3451495599980128,1.1576212644577026
target_only_LSTM_from_scratch,62.0,exp4_cellC,4,1.0,0.607383466208973,0.8569086790084839,2.962314037999953,4.179291584860936,1.3451495599980128,1.150654911994934
target_only_LSTM_from_scratch,62.0,exp4_cellD,4,0.5555555555555556,0.9022812448120208,0.9033107161521912,4.372488325204205,4.377477181441558,1.0643641147474425,1.0815938711166382
target_only_LSTM_from_scratch,62.0,exp4_cellD,4,0.6666666666666666,0.8923975704406814,0.8972300291061401,4.3245916731932175,4.348009946839316,1.0742102663696715,1.0892093181610107
target_only_LSTM_from_scratch,62.0,exp4_cellD,4,0.7777777777777778,0.8835104800098998,0.8927383422851562,4.281524503863191,4.326243066170842,1.0741775775599118,1.0947051048278809
target_only_LSTM_from_scratch,62.0,exp4_cellD,4,0.8888888888888888,0.875958910819128,0.8886175751686096,4.244929319918632,4.306273676125791,1.0741448887501521,1.1021398305892944
target_only_LSTM_from_scratch,62.0,exp4_cellD,4,1.0,0.8644348045140147,0.8847143650054932,4.18908307400889,4.287358575133527,1.0741448887501521,1.1097557544708252
target_only_LSTM_from_scratch,62.0,exp4_cellE,4,0.5555555555555556,0.9031626739282209,0.9033565521240234,4.380760041797061,4.381700441436755,1.0669487385914673,1.081505537033081
target_only_LSTM_from_scratch,62.0,exp4_cellE,4,0.6666666666666666,0.8936768436122088,0.8972764015197754,4.334749342272785,4.352208876313333,1.0718064659333733,1.0891996622085571
target_only_LSTM_from_scratch,62.0,exp4_cellE,4,0.7777777777777778,0.8845789877852711,0.8927469849586487,4.290620499902306,4.330239094283551,1.0895330986657066,1.0949431657791138
target_only_LSTM_from_scratch,62.0,exp4_cellE,4,0.8888888888888888,0.8769456365435554,0.8886005282402039,4.253595187552686,4.31012684603463,1.1072597313980397,1.1024420261383057
target_only_LSTM_from_scratch,62.0,exp4_cellE,4,1.0,0.866417081765175,0.8846603631973267,4.202526788246066,4.291015208589687,1.1072597313980397,1.1101772785186768
target_only_LSTM_from_scratch,62.0,exp4_cellF,4,0.5555555555555556,0.8809606852792798,0.8888533115386963,4.27549648019382,4.3138011359582515,1.1248434980139999,1.1027065515518188
target_only_LSTM_from_scratch,62.0,exp4_cellF,4,0.6666666666666666,0.8675851222355931,0.8842470645904541,4.210581923086469,4.291446003722277,1.1481679921046537,1.1080538034439087
target_only_LSTM_from_scratch,62.0,exp4_cellF,4,0.7777777777777778,0.8544207557354694,0.880267322063446,4.146692349379309,4.272131435602922,1.138748075171229,1.114458441734314
target_only_LSTM_from_scratch,62.0,exp4_cellF,4,0.8888888888888888,0.8417297823861739,0.8766306638717651,4.085100257028508,4.2544819314218465,1.129328158237804,1.1202985048294067
target_only_LSTM_from_scratch,62.0,exp4_cellF,4,1.0,0.82925677614945,0.8731751441955566,4.024566007142383,4.237711532402069,1.129328158237804,1.1257725954055786
target_only_LSTM_from_scratch,62.0,exp4_cellG,4,0.5555555555555556,0.8780279430687331,0.8878282308578491,4.248364841997807,4.295783831807203,1.1238179341122128,1.104095220565796
target_only_LSTM_from_scratch,62.0,exp4_cellG,4,0.6666666666666666,0.8647319796128923,0.8832463622093201,4.184031919415798,4.273614321336921,1.1471082309620073,1.1090599298477173
target_only_LSTM_from_scratch,62.0,exp4_cellG,4,0.7777777777777778,0.8502466450778778,0.8792998790740967,4.113944188781564,4.25451914295043,1.1465147414639307,1.1154142618179321
target_only_LSTM_from_scratch,62.0,exp4_cellG,4,0.8888888888888888,0.8388371519855474,0.8756585121154785,4.058739010289107,4.236900278441702,1.1459212519658541,1.1214803457260132
target_only_LSTM_from_scratch,62.0,exp4_cellG,4,1.0,0.823557638651194,0.8722042441368103,3.984808621438804,4.220186698024063,1.1459212519658541,1.1270177364349365
target_only_LSTM_from_scratch,62.0,exp4_cellH,4,0.5555555555555556,0.8799346262856523,0.8888492584228516,4.2794830399062285,4.3228385528028905,1.1203208313975448,1.1011103391647339
target_only_LSTM_from_scratch,62.0,exp4_cellH,4,0.6666666666666666,0.8664328187037518,0.8842744827270508,4.21381821114648,4.300589542005128,1.1454743242688907,1.1072309017181396
target_only_LSTM_from_scratch,62.0,exp4_cellH,4,0.7777777777777778,0.8527671069811423,0.880306601524353,4.147356249316409,4.281292108077581,1.1762497763661797,1.1140165328979492
target_only_LSTM_from_scratch,62.0,exp4_cellH,4,0.8888888888888888,0.8397879246540428,0.8766670823097229,4.084233161553476,4.263591633193251,1.2070252284634688,1.1200984716415405
target_only_LSTM_from_scratch,62.0,exp4_cellH,4,1.0,0.827136982019207,0.8732049465179443,4.022706438059098,4.24675384665755,1.2070252284634688,1.125693440437317
target_only_LSTM_from_scratch,62.0,exp5_cellA,5,0.5333333333333333,0.8044691536942838,0.8020921349525452,3.924912141,3.9133149409383305,1.2063797378032324,1.2280217409133911
target_only_LSTM_from_scratch,62.0,exp5_cellA,5,0.6,0.7915716013752708,0.7948596477508545,3.861986472,3.8780284707272794,1.2350145971619613,1.2371180057525635
target_only_LSTM_from_scratch,62.0,exp5_cellA,5,0.6666666666666666,0.7817580260973462,0.789993405342102,3.814107171,3.8542866357253374,1.2636494565206902,1.2462104558944702
target_only_LSTM_from_scratch,62.0,exp5_cellA,5,0.7333333333333333,0.7690068432998406,0.7867904901504517,3.751895622,3.838659982217776,1.2998531789224779,1.2526111602783203
target_only_LSTM_from_scratch,62.0,exp5_cellA,5,0.8,0.7560403342356591,0.7846949100494385,3.688633521,3.8284358887977437,1.336056901324266,1.257449984550476
target_only_LSTM_from_scratch,62.0,exp5_cellA,5,0.8666666666666667,0.7455051429921409,0.7833794355392456,3.637233539,3.822017840507735,1.3523752966828282,1.2606509923934937
target_only_LSTM_from_scratch,62.0,exp5_cellA,5,0.9333333333333332,0.730968649254188,0.782581090927124,3.566311664,3.8181228092981128,1.3686936920413904,1.2628387212753296
target_only_LSTM_from_scratch,62.0,exp5_cellA,5,1.0,0.7223409558959908,0.782173752784729,3.524218144,3.8161354535204093,1.3686936920413904,1.2638529539108276
target_only_LSTM_from_scratch,62.0,exp5_cellB,5,0.5333333333333333,0.8143553276793362,0.8159313797950745,3.959118123,3.9667803513690263,1.191444056407467,1.195933222770691
target_only_LSTM_from_scratch,62.0,exp5_cellB,5,0.6,0.8065707255620619,0.8055757284164429,3.92127204,3.9164347029093474,1.2036275403487529,1.2138973474502563
target_only_LSTM_from_scratch,62.0,exp5_cellB,5,0.6666666666666666,0.8007887687293093,0.7978129386901855,3.893162136,3.8786946643222047,1.2158110242900386,1.2288697957992554
target_only_LSTM_from_scratch,62.0,exp5_cellB,5,0.7333333333333333,0.7934484824068493,0.7925036549568176,3.857476165,3.852882735874672,1.2290721055376792,1.2391276359558105
target_only_LSTM_from_scratch,62.0,exp5_cellB,5,0.8,0.7866488837091813,0.7889897227287292,3.824418833,3.835799194704918,1.2423331867853196,1.2462588548660278
target_only_LSTM_from_scratch,62.0,exp5_cellB,5,0.8666666666666667,0.7825607629831625,0.7866401076316833,3.804543783,3.8243761667015304,1.2620825999439529,1.2518552541732788
target_only_LSTM_from_scratch,62.0,exp5_cellB,5,0.9333333333333332,0.7757626314800493,0.78509122133255,3.771493584,3.8168460092764662,1.281832013102586,1.255991816520691
target_only_LSTM_from_scratch,62.0,exp5_cellB,5,1.0,0.7725232717995762,0.7841252684593201,3.755744921,3.8121498755417402,1.281832013102586,1.2586420774459839
target_only_LSTM_from_scratch,62.0,exp5_cellC,5,0.5333333333333333,0.8214546359438883,0.8180484175682068,4.012352958,3.995715459375921,1.1912918944993611,1.1872910261154175
target_only_LSTM_from_scratch,62.0,exp5_cellC,5,0.6,0.8140619179825401,0.8074859976768494,3.976243607,3.944123862177094,1.1932901956847763,1.2080687284469604
target_only_LSTM_from_scratch,62.0,exp5_cellC,5,0.6666666666666666,0.8081618464949624,0.799325704574585,3.947425011,3.904265329843905,1.1952884968701913,1.2249267101287842
target_only_LSTM_from_scratch,62.0,exp5_cellC,5,0.7333333333333333,0.8007939995087437,0.7936185002326965,3.911437141,3.8763887835063535,1.215425593808408,1.2366607189178467
target_only_LSTM_from_scratch,62.0,exp5_cellC,5,0.8,0.7932565004152995,0.7898357510566711,3.874620614,3.8579121395364067,1.2355626907466244,1.2442430257797241
target_only_LSTM_from_scratch,62.0,exp5_cellC,5,0.8666666666666667,0.7884116982953278,0.7872903347015381,3.850956427,3.845479184148524,1.2535908385505172,1.2501614093780518
target_only_LSTM_from_scratch,62.0,exp5_cellC,5,0.9333333333333332,0.7817976432498098,0.7856155633926392,3.818650415,3.8372988497500056,1.2716189863544103,1.2543503046035767
target_only_LSTM_from_scratch,62.0,exp5_cellC,5,1.0,0.7777849401692979,0.7845469117164612,3.799050573,3.8320790755514493,1.2716189863544103,1.257216453552246
target_only_LSTM_from_scratch,62.0,exp5_cellD,5,0.5333333333333333,0.862591076376204,0.8586260080337524,4.192222457,4.172952087755517,1.1210099277230234,1.1389888525009155
target_only_LSTM_from_scratch,62.0,exp5_cellD,5,0.6,0.8552786413642833,0.8477794528007507,4.15668377,4.120237454281789,1.1303166616459792,1.1596099138259888
target_only_LSTM_from_scratch,62.0,exp5_cellD,5,0.6666666666666666,0.8493641208923439,0.8363253474235535,4.127938996,4.064570106100008,1.139623395568935,1.1781928539276123
target_only_LSTM_from_scratch,62.0,exp5_cellD,5,0.7333333333333333,0.8407250784462886,0.8251590132713318,4.085952951,4.010301336021874,1.145763977123925,1.1946804523468018
target_only_LSTM_from_scratch,62.0,exp5_cellD,5,0.8,0.8330016712553935,0.815091609954834,4.048416925,3.961373407803091,1.1519045586789147,1.2092385292053223
target_only_LSTM_from_scratch,62.0,exp5_cellD,5,0.8666666666666667,0.8255998395543926,0.8066933155059814,4.012443767000001,3.9205574063938404,1.1733459434437157,1.2216962575912476
target_only_LSTM_from_scratch,62.0,exp5_cellD,5,0.9333333333333332,0.8173156266826287,0.8001725673675537,3.972182206,3.8888663449731733,1.1947873282085169,1.2316429615020752
target_only_LSTM_from_scratch,62.0,exp5_cellD,5,1.0,0.8103250072823504,0.7953476309776306,3.938207554,3.8654169872863213,1.1947873282085169,1.2396115064620972
target_only_LSTM_from_scratch,62.0,exp5_cellE,5,0.5333333333333333,0.8656172401950055,0.8616529703140259,4.211511139000001,4.192223668757395,1.1208975213605896,1.133460283279419
target_only_LSTM_from_scratch,62.0,exp5_cellE,5,0.6,0.8583629495272422,0.851027250289917,4.176216641,4.140526063668858,1.1205962447236646,1.1543090343475342
target_only_LSTM_from_scratch,62.0,exp5_cellE,5,0.6666666666666666,0.851483072523713,0.8396618366241455,4.142743788,4.085229606955547,1.1202949680867398,1.173108458518982
target_only_LSTM_from_scratch,62.0,exp5_cellE,5,0.7333333333333333,0.8441469335073652,0.8284542560577393,4.107051071,4.0307010599201085,1.1287087838725094,1.1890795230865479
target_only_LSTM_from_scratch,62.0,exp5_cellE,5,0.8,0.8366904562340003,0.8180322051048279,4.070772869,3.9799943715118187,1.1371225996582792,1.2045867443084717
target_only_LSTM_from_scratch,62.0,exp5_cellE,5,0.8666666666666667,0.8299388540553875,0.8091672658920288,4.037924115,3.936863541269978,1.1538529249624887,1.2175533771514893
target_only_LSTM_from_scratch,62.0,exp5_cellE,5,0.9333333333333332,0.8222797423134317,0.8021621704101562,4.00066003,3.9027814593962176,1.1705832502666982,1.2280237674713135
target_only_LSTM_from_scratch,62.0,exp5_cellE,5,1.0,0.8160525188402225,0.7969045639038086,3.97036255,3.877201483238425,1.1705832502666982,1.2364962100982666
target_only_LSTM_from_scratch,62.0,exp5_cellF,5,0.5333333333333333,0.8522315864914315,0.8523713946342468,4.121763642,4.122439815154159,1.1883123049065991,1.1712063550949097
target_only_LSTM_from_scratch,62.0,exp5_cellF,5,0.6,0.8423039313668911,0.8404884338378906,4.073749171999999,4.064968634144107,1.2087664381431986,1.186440110206604
target_only_LSTM_from_scratch,62.0,exp5_cellF,5,0.6666666666666666,0.8322107221075873,0.8287839889526367,4.02493401,4.008360833937541,1.2292205713797981,1.2013307809829712
target_only_LSTM_from_scratch,62.0,exp5_cellF,5,0.7333333333333333,0.8210154999509715,0.8180710673332214,3.970789033,3.956548472684552,1.2371509847644246,1.2142298221588135
target_only_LSTM_from_scratch,62.0,exp5_cellF,5,0.8,0.8096480195495653,0.8088899254798889,3.91581094,3.9121444664461715,1.2450813981490514,1.226356863975525
target_only_LSTM_from_scratch,62.0,exp5_cellF,5,0.8666666666666667,0.7985219847016456,0.8015969395637512,3.862000583,3.8768724058147312,1.284781990745257,1.2361994981765747
target_only_LSTM_from_scratch,62.0,exp5_cellF,5,0.9333333333333332,0.7866654996007033,0.7961002588272095,3.80465745,3.850288060466969,1.3244825833414624,1.244372010231018
target_only_LSTM_from_scratch,62.0,exp5_cellF,5,1.0,0.7678683443349683,0.7921441793441772,3.713746209,3.8311547346943877,1.3244825833414624,1.2505543231964111
target_only_LSTM_from_scratch,62.0,exp5_cellG,5,0.5333333333333333,0.8498714817160511,0.8497968316078186,4.123182213,4.122820045301607,1.2228939135477763,1.1799240112304688
target_only_LSTM_from_scratch,62.0,exp5_cellG,5,0.6,0.8400058427597255,0.8378747701644897,4.075318709,4.064979733274464,1.236867862376435,1.1918076276779175
target_only_LSTM_from_scratch,62.0,exp5_cellG,5,0.6666666666666666,0.8299328251567766,0.8262520432472229,4.0264491,4.0085916535202575,1.250841811205094,1.205678939819336
target_only_LSTM_from_scratch,62.0,exp5_cellG,5,0.7333333333333333,0.8194936798065443,0.8157432079315186,3.975803209,3.957607659133756,1.2541946824482297,1.2182577848434448
target_only_LSTM_from_scratch,62.0,exp5_cellG,5,0.8,0.8085936348705501,0.8069806694984436,3.922921247,3.915095887194979,1.2575475536913652,1.228699803352356
target_only_LSTM_from_scratch,62.0,exp5_cellG,5,0.8666666666666667,0.7978404378562369,0.8000304102897644,3.870751723,3.8813764534200024,1.316380148152523,1.238875150680542
target_only_LSTM_from_scratch,62.0,exp5_cellG,5,0.9333333333333332,0.7855218228441083,0.7948682904243469,3.810987517,3.856332242302945,1.3752127426136804,1.2466963529586792
target_only_LSTM_from_scratch,62.0,exp5_cellG,5,1.0,0.7696642878933628,0.7911868095397949,3.734054113,3.8384714047207327,1.3752127426136804,1.2526391744613647
target_only_LSTM_from_scratch,62.0,exp5_cellH,5,0.5333333333333333,0.8526440302059033,0.8525064587593079,4.133824681,4.133157701321271,1.1977016713887478,1.170756459236145
target_only_LSTM_from_scratch,62.0,exp5_cellH,5,0.6,0.8431704595629644,0.8406971096992493,4.0878945170000005,4.075903118070127,1.2144315202885887,1.1855998039245605
target_only_LSTM_from_scratch,62.0,exp5_cellH,5,0.6666666666666666,0.8318238318782536,0.8290213942527771,4.032883319,4.019296422929948,1.2311613691884293,1.2005449533462524
target_only_LSTM_from_scratch,62.0,exp5_cellH,5,0.7333333333333333,0.8228976751117055,0.8183038830757141,3.98960715,3.967335334066243,1.2292285687011615,1.2135663032531738
target_only_LSTM_from_scratch,62.0,exp5_cellH,5,0.8,0.8125378294201961,0.8091158866882324,3.93938011,3.9227897031933705,1.2272957682138939,1.2255557775497437
target_only_LSTM_from_scratch,62.0,exp5_cellH,5,0.8666666666666667,0.8025090494980701,0.8017863035202026,3.890758157,3.8872541095246658,1.2802798968420732,1.2356033325195312
target_only_LSTM_from_scratch,62.0,exp5_cellH,5,0.9333333333333332,0.7914666613646212,0.7962634563446045,3.837221986,3.8604780093526334,1.333264025470253,1.24372136592865
target_only_LSTM_from_scratch,62.0,exp5_cellH,5,1.0,0.7759335636988509,0.7922755479812622,3.761913768,3.841143664146499,1.333264025470253,1.2500303983688354
source_pretrained_head_adapted,72.0,exp1_cellA,1,0.5714285714285714,0.8549561721374236,0.9140579104423523,4.161854263183007,4.4495565215466755,1.1526787381402472,1.081068754196167
source_pretrained_head_adapted,72.0,exp1_cellA,1,0.6428571428571429,0.8339231857086502,0.9140579104423523,4.059467465954306,4.4495565215466755,1.1764673298760704,1.081068754196167
source_pretrained_head_adapted,72.0,exp1_cellA,1,0.7142857142857143,0.818224933858435,0.9140579104423523,3.983049705001716,4.4495565215466755,1.2002559216118935,1.081068754196167
source_pretrained_head_adapted,72.0,exp1_cellA,1,0.7857142857142857,0.7639284558682716,0.9140579104423523,3.718739047024665,4.4495565215466755,1.3340435794062142,1.081068754196167
source_pretrained_head_adapted,72.0,exp1_cellA,1,0.8571428571428571,0.7250005917778434,0.9140579104423523,3.52924150036526,4.4495565215466755,1.4678312372005347,1.081068754196167
source_pretrained_head_adapted,72.0,exp1_cellA,1,0.9285714285714286,0.6434004407516708,0.9140579104423523,3.132018873647892,4.4495565215466755,1.6131902334747197,1.081068754196167
source_pretrained_head_adapted,72.0,exp1_cellA,1,1.0,0.5856790719679541,0.9140579104423523,2.8510361372478603,4.4495565215466755,1.7585492297489045,1.081068754196167
source_pretrained_head_adapted,72.0,exp1_cellB,1,0.5714285714285714,0.8593055242284461,0.9140579104423523,4.176906007468412,4.4430460059345425,1.1371669739008392,1.081068754196167
source_pretrained_head_adapted,72.0,exp1_cellB,1,0.6428571428571429,0.8383723891509776,0.9140579104423523,4.075154377582485,4.4430460059345425,1.1910745065479214,1.081068754196167
source_pretrained_head_adapted,72.0,exp1_cellB,1,0.7142857142857143,0.7994437874381211,0.9140579104423523,3.885930515088674,4.4430460059345425,1.244982039195004,1.081068754196167
source_pretrained_head_adapted,72.0,exp1_cellB,1,0.7857142857142857,0.7144807798517927,0.9140579104423523,3.47294294920684,4.4430460059345425,1.404277943400622,1.081068754196167
source_pretrained_head_adapted,72.0,exp1_cellB,1,0.8571428571428571,0.6308130172936719,0.9140579104423523,3.066251300885086,4.4430460059345425,1.5635738476062404,1.081068754196167
source_pretrained_head_adapted,72.0,exp1_cellB,1,0.9285714285714286,0.5586363849136401,0.9140579104423523,2.71541565409033,4.4430460059345425,1.7772623308717677,1.081068754196167
source_pretrained_head_adapted,72.0,exp1_cellB,1,1.0,0.492781344774241,0.9140579104423523,2.395307956624624,4.4430460059345425,1.9909508141372947,1.081068754196167
source_pretrained_head_adapted,72.0,exp1_cellD,1,0.5384615384615384,0.8181553504521012,0.9140579104423523,4.002078276099845,4.4711940152406555,1.1916693068263018,1.081068754196167
source_pretrained_head_adapted,72.0,exp1_cellD,1,0.6153846153846154,0.8129632683847705,0.9140579104423523,3.976680753688106,4.4711940152406555,1.2118230578580662,1.081068754196167
source_pretrained_head_adapted,72.0,exp1_cellD,1,0.6923076923076923,0.8031377766449331,0.9140579104423523,3.928618503624872,4.4711940152406555,1.2083870831053638,1.081068754196167
source_pretrained_head_adapted,72.0,exp1_cellD,1,0.7692307692307693,0.7984539437080421,0.9140579104423523,3.905707126176501,4.4711940152406555,1.2049511083526614,1.081068754196167
source_pretrained_head_adapted,72.0,exp1_cellD,1,0.8461538461538461,0.7884549637044503,0.9140579104423523,3.856796243135256,4.4711940152406555,1.2043092563409348,1.081068754196167
source_pretrained_head_adapted,72.0,exp1_cellD,1,0.9230769230769232,0.7820982650781715,0.9140579104423523,3.825701897219304,4.4711940152406555,1.2036674043292082,1.081068754196167
source_pretrained_head_adapted,72.0,exp1_cellD,1,1.0,0.7696990653997923,0.9140579104423523,3.765050130233432,4.4711940152406555,1.2036674043292082,1.081068754196167
source_pretrained_head_adapted,72.0,exp1_cellE,1,0.5714285714285714,0.7961913353698228,0.9140579104423523,3.865615255227751,4.437873216902482,1.2205143504053828,1.081068754196167
source_pretrained_head_adapted,72.0,exp1_cellE,1,0.6428571428571429,0.7814493934456567,0.9140579104423523,3.794041158572619,4.437873216902482,1.2289631743676406,1.081068754196167
source_pretrained_head_adapted,72.0,exp1_cellE,1,0.7142857142857143,0.7731770269753371,0.9140579104423523,3.7538777146817752,4.437873216902482,1.2374119983298986,1.081068754196167
source_pretrained_head_adapted,72.0,exp1_cellE,1,0.7857142857142857,0.7562960683651517,0.9140579104423523,3.671918406375449,4.437873216902482,1.2766134133528204,1.081068754196167
source_pretrained_head_adapted,72.0,exp1_cellE,1,0.8571428571428571,0.7375311809904169,0.9140579104423523,3.580812372340662,4.437873216902482,1.3158148283757425,1.081068754196167
source_pretrained_head_adapted,72.0,exp1_cellE,1,0.9285714285714286,0.6725044310535847,0.9140579104423523,3.265098817838162,4.437873216902482,1.5495855177442008,1.081068754196167
source_pretrained_head_adapted,72.0,exp1_cellE,1,1.0,0.5587558414481429,0.9140579104423523,2.712834225514765,4.437873216902482,1.7833562071126594,1.081068754196167
source_pretrained_head_adapted,72.0,exp1_cellF,1,0.5714285714285714,0.7914942251085741,0.9140579104423523,3.847663007702252,4.443477535700542,1.2061693643987719,1.081068754196167
source_pretrained_head_adapted,72.0,exp1_cellF,1,0.6428571428571429,0.765044545670987,0.9140579104423523,3.7190841123557616,4.443477535700542,1.2562988315510932,1.081068754196167
source_pretrained_head_adapted,72.0,exp1_cellF,1,0.7142857142857143,0.7502677805201031,0.9140579104423523,3.6472503442233912,4.443477535700542,1.3064282987034144,1.081068754196167
source_pretrained_head_adapted,72.0,exp1_cellF,1,0.7857142857142857,0.6973659111361276,0.9140579104423523,3.3900803492823703,4.443477535700542,1.5300580379135538,1.081068754196167
source_pretrained_head_adapted,72.0,exp1_cellF,1,0.8571428571428571,0.5855959939675742,0.9140579104423523,2.8467371864129323,4.443477535700542,1.7536877771236934,1.081068754196167
source_pretrained_head_adapted,72.0,exp1_cellF,1,0.9285714285714286,0.5498386118680253,0.9140579104423523,2.672911083843661,4.443477535700542,1.9363589350491521,1.081068754196167
source_pretrained_head_adapted,72.0,exp1_cellF,1,1.0,0.44945260077179,0.9140579104423523,2.184908102731843,4.443477535700542,2.119030092974611,1.081068754196167
source_pretrained_head_adapted,72.0,exp1_cellJ,1,0.6,0.9283996811708648,0.9140579104423523,4.479245641129816,4.410050966331182,1.0461622608767824,1.081068754196167
source_pretrained_head_adapted,72.0,exp1_cellJ,1,0.7,0.9084019156276106,0.9140579104423523,4.382762514348698,4.410050966331182,1.070007889842271,1.081068754196167
source_pretrained_head_adapted,72.0,exp1_cellJ,1,0.8,0.8905796338743112,0.9140579104423523,4.296775434131507,4.410050966331182,1.0938535188077592,1.081068754196167
source_pretrained_head_adapted,72.0,exp1_cellJ,1,0.9,0.8734456000301964,0.9140579104423523,4.214108940413596,4.410050966331182,1.1120970413504792,1.081068754196167
source_pretrained_head_adapted,72.0,exp1_cellJ,1,1.0,0.8612822153989198,0.9140579104423523,4.155424314927384,4.410050966331182,1.130340563893199,1.081068754196167
source_pretrained_head_adapted,72.0,exp1_cellK,1,0.6,0.8068862227834716,0.9140579104423523,3.918879495398503,4.43939021598661,1.1758467449275036,1.081068754196167
source_pretrained_head_adapted,72.0,exp1_cellK,1,0.7,0.7961825254601345,0.9140579104423523,3.866893851349858,4.43939021598661,1.1973632239702936,1.081068754196167
source_pretrained_head_adapted,72.0,exp1_cellK,1,0.8,0.7877533102337295,0.9140579104423523,3.825954896413799,4.43939021598661,1.2188797030130838,1.081068754196167
source_pretrained_head_adapted,72.0,exp1_cellK,1,0.9,0.7790779761794198,0.9140579104423523,3.7838205932354807,4.43939021598661,1.2367410711453302,1.081068754196167
source_pretrained_head_adapted,72.0,exp1_cellK,1,1.0,0.7717907926718258,0.9140579104423523,3.748428250150724,4.43939021598661,1.2546024392775765,1.081068754196167
source_pretrained_head_adapted,72.0,exp1_cellL,1,0.6,0.8070037299410662,0.9140579104423523,3.911680712389937,4.430590052596051,1.1585168241866015,1.081068754196167
source_pretrained_head_adapted,72.0,exp1_cellL,1,0.7,0.7977274944560124,0.9140579104423523,3.866717262923449,4.430590052596051,1.1769333624986371,1.081068754196167
source_pretrained_head_adapted,72.0,exp1_cellL,1,0.8,0.7902851473030869,0.9140579104423523,3.830642973880033,4.430590052596051,1.1953499008106725,1.081068754196167
source_pretrained_head_adapted,72.0,exp1_cellL,1,0.9,0.7826036305284555,0.9140579104423523,3.793409390075632,4.430590052596051,1.21332140108182,1.081068754196167
source_pretrained_head_adapted,72.0,exp1_cellL,1,1.0,0.7761383115014312,0.9140579104423523,3.762070918146505,4.430590052596051,1.2312929013529677,1.081068754196167
source_pretrained_head_adapted,72.0,exp1_cellM,1,0.6,0.8094657288379769,0.9140579104423523,3.907895631767987,4.412840208230267,1.1857881455883141,1.081068754196167
source_pretrained_head_adapted,72.0,exp1_cellM,1,0.7,0.8010379454939867,0.9140579104423523,3.8672084271809,4.412840208230267,1.2026227698652867,1.081068754196167
source_pretrained_head_adapted,72.0,exp1_cellM,1,0.8,0.794506580500605,0.9140579104423523,3.83567665033377,4.412840208230267,1.2194573941422593,1.081068754196167
source_pretrained_head_adapted,72.0,exp1_cellM,1,0.9,0.7878186379024347,0.9140579104423523,3.803388956446564,4.412840208230267,1.2348615811671344,1.081068754196167
source_pretrained_head_adapted,72.0,exp1_cellM,1,1.0,0.7831291042673945,0.9140579104423523,3.780749075158803,4.412840208230267,1.2502657681920093,1.081068754196167
source_pretrained_head_adapted,72.0,exp2_cellA,2,0.5833333333333334,0.9249928121553804,0.9140579104423523,4.482643358757167,4.429651309631563,1.0317597793434083,1.081068754196167
source_pretrained_head_adapted,72.0,exp2_cellA,2,0.6666666666666666,0.9189006441015372,0.9140579104423523,4.453119868079051,4.429651309631563,1.0351754162063005,1.081068754196167
source_pretrained_head_adapted,72.0,exp2_cellA,2,0.75,0.9161023998591324,0.9140579104423523,4.439559188682886,4.429651309631563,1.0349482098005431,1.081068754196167
source_pretrained_head_adapted,72.0,exp2_cellA,2,0.8333333333333334,0.9124277118108484,0.9140579104423523,4.42175114114059,4.429651309631563,1.034721003394786,1.081068754196167
source_pretrained_head_adapted,72.0,exp2_cellA,2,0.9166666666666666,0.9109432059512895,0.9140579104423523,4.414557020013442,4.429651309631563,1.0360149698349184,1.081068754196167
source_pretrained_head_adapted,72.0,exp2_cellA,2,1.0,0.9107642676506382,0.9140579104423523,4.413689860210143,4.429651309631563,1.037308936275051,1.081068754196167
source_pretrained_head_adapted,72.0,exp2_cellB,2,0.5833333333333334,0.9215232607161805,0.9140579104423523,4.461646432162857,4.425502197031792,1.0185466313375071,1.081068754196167
source_pretrained_head_adapted,72.0,exp2_cellB,2,0.6666666666666666,0.9108267995628626,0.9140579104423523,4.409858452655557,4.425502197031792,1.028362923646641,1.081068754196167
source_pretrained_head_adapted,72.0,exp2_cellB,2,0.75,0.9058028992907209,0.9140579104423523,4.385534740297691,4.425502197031792,1.0297177633062533,1.081068754196167
source_pretrained_head_adapted,72.0,exp2_cellB,2,0.8333333333333334,0.9001834664415093,0.9140579104423523,4.35832769779398,4.425502197031792,1.0310726029658654,1.081068754196167
source_pretrained_head_adapted,72.0,exp2_cellB,2,0.9166666666666666,0.8956699538478909,0.9140579104423523,4.336475078095385,4.425502197031792,1.0299008119149284,1.081068754196167
source_pretrained_head_adapted,72.0,exp2_cellB,2,1.0,0.8959111069771764,0.9140579104423523,4.337642644932543,4.425502197031792,1.0287290208639914,1.081068754196167
source_pretrained_head_adapted,72.0,exp2_cellC,2,0.5833333333333334,0.9374129888404765,0.9140579104423523,4.529879087947729,4.417019886621849,1.0282826226508421,1.081068754196167
source_pretrained_head_adapted,72.0,exp2_cellC,2,0.6666666666666666,0.9303869734073997,0.9140579104423523,4.495927136395126,4.417019886621849,1.0318308773780704,1.081068754196167
source_pretrained_head_adapted,72.0,exp2_cellC,2,0.75,0.928262601289942,0.9140579104423523,4.485661491535869,4.417019886621849,1.0358076599085582,1.081068754196167
source_pretrained_head_adapted,72.0,exp2_cellC,2,0.8333333333333334,0.9253155389115526,0.9140579104423523,4.471420344466575,4.417019886621849,1.0397844424390466,1.081068754196167
source_pretrained_head_adapted,72.0,exp2_cellC,2,0.9166666666666666,0.9200752424845271,0.9140579104423523,4.446097557731145,4.417019886621849,1.0473832552450855,1.081068754196167
source_pretrained_head_adapted,72.0,exp2_cellC,2,1.0,0.9180942687374104,0.9140579104423523,4.4365248596165845,4.417019886621849,1.0549820680511246,1.081068754196167
source_pretrained_head_adapted,72.0,exp2_cellD,2,0.5833333333333334,0.934022005775634,0.9140579104423523,4.505097731281088,4.408804282050887,1.0483765989649787,1.081068754196167
source_pretrained_head_adapted,72.0,exp2_cellD,2,0.6666666666666666,0.9250959575914592,0.9140579104423523,4.462044442198849,4.408804282050887,1.059262296343421,1.081068754196167
source_pretrained_head_adapted,72.0,exp2_cellD,2,0.75,0.9199823232382219,0.9140579104423523,4.437379688712404,4.408804282050887,1.061095264542489,1.081068754196167
source_pretrained_head_adapted,72.0,exp2_cellD,2,0.8333333333333334,0.9145132805755902,0.9140579104423523,4.411000683143643,4.408804282050887,1.0629282327415572,1.081068754196167
source_pretrained_head_adapted,72.0,exp2_cellD,2,0.9166666666666666,0.9105086329801314,0.9140579104423523,4.391684940382421,4.408804282050887,1.0721670635052118,1.081068754196167
source_pretrained_head_adapted,72.0,exp2_cellD,2,1.0,0.9100229179493048,0.9140579104423523,4.389342175790265,4.408804282050887,1.0814058942688665,1.081068754196167
source_pretrained_head_adapted,72.0,exp2_cellE,2,0.5833333333333334,0.921390350630106,0.9140579104423523,4.466412726676465,4.430868937716899,1.0454157351444686,1.081068754196167
source_pretrained_head_adapted,72.0,exp2_cellE,2,0.6666666666666666,0.9165428840789561,0.9140579104423523,4.442914774607194,4.430868937716899,1.0502823695220944,1.081068754196167
source_pretrained_head_adapted,72.0,exp2_cellE,2,0.75,0.911727243647203,0.9140579104423523,4.419571098719151,4.430868937716899,1.0545276514730193,1.081068754196167
source_pretrained_head_adapted,72.0,exp2_cellE,2,0.8333333333333334,0.9073976174354801,0.9140579104423523,4.39858336252182,4.430868937716899,1.058772933423944,1.081068754196167
source_pretrained_head_adapted,72.0,exp2_cellE,2,0.9166666666666666,0.9031805240556576,0.9140579104423523,4.378141125929759,4.430868937716899,1.0621200206058443,1.081068754196167
source_pretrained_head_adapted,72.0,exp2_cellE,2,1.0,0.8946822541703837,0.9140579104423523,4.336946011671876,4.430868937716899,1.0654671077877444,1.081068754196167
source_pretrained_head_adapted,72.0,exp2_cellF,2,0.5833333333333334,0.9170734708438081,0.9140579104423523,4.427288669079348,4.412730668198562,1.0652078517860382,1.081068754196167
source_pretrained_head_adapted,72.0,exp2_cellF,2,0.6666666666666666,0.9078142921608467,0.9140579104423523,4.382588807867206,4.412730668198562,1.070479113842055,1.081068754196167
source_pretrained_head_adapted,72.0,exp2_cellF,2,0.75,0.9042943898734698,0.9140579104423523,4.36559603246958,4.412730668198562,1.0745110763335914,1.081068754196167
source_pretrained_head_adapted,72.0,exp2_cellF,2,0.8333333333333334,0.8995338693582364,0.9140579104423523,4.342614014991067,4.412730668198562,1.0785430388251278,1.081068754196167
source_pretrained_head_adapted,72.0,exp2_cellF,2,0.9166666666666666,0.8930768140394663,0.9140579104423523,4.3114417602511,4.412730668198562,1.0804146733474087,1.081068754196167
source_pretrained_head_adapted,72.0,exp2_cellF,2,1.0,0.8916410271050312,0.9140579104423523,4.30451031644847,4.412730668198562,1.082286307869689,1.081068754196167
source_pretrained_head_adapted,72.0,exp3_cellA,3,0.6,0.873949597840415,0.9140579104423523,4.2743657571259615,4.470529927674764,1.1336774373714231,1.081068754196167
source_pretrained_head_adapted,72.0,exp3_cellA,3,0.7,0.8595327928385645,0.9140579104423523,4.203855171870993,4.470529927674764,1.1831843398251038,1.081068754196167
source_pretrained_head_adapted,72.0,exp3_cellA,3,0.8,0.8376336737446474,0.9140579104423523,4.096749630547367,4.470529927674764,1.232691242278785,1.081068754196167
source_pretrained_head_adapted,72.0,exp3_cellA,3,0.9,0.7791267852597307,0.9140579104423523,3.810600587955119,4.470529927674764,1.3508831141859985,1.081068754196167
source_pretrained_head_adapted,72.0,exp3_cellA,3,1.0,0.7575357692124128,0.9140579104423523,3.705001935719038,4.470529927674764,1.4690749860932122,1.081068754196167
source_pretrained_head_adapted,72.0,exp3_cellB,3,0.6,0.8436353663923807,0.9140579104423523,4.116083995859684,4.459674506711968,1.1659863773095838,1.081068754196167
source_pretrained_head_adapted,72.0,exp3_cellB,3,0.7,0.8218953819738878,0.9140579104423523,4.010014945770124,4.459674506711968,1.318438170555717,1.081068754196167
source_pretrained_head_adapted,72.0,exp3_cellB,3,0.8,0.7394175881654729,0.9140579104423523,3.607607056494019,4.459674506711968,1.47088996380185,1.081068754196167
source_pretrained_head_adapted,72.0,exp3_cellB,3,0.9,0.7123684053550189,0.9140579104423523,3.4756345089901144,4.459674506711968,1.4998609949574946,1.081068754196167
source_pretrained_head_adapted,72.0,exp3_cellB,3,1.0,0.7738294336290892,0.9140579104423523,3.775501922005038,4.459674506711968,1.528832026113139,1.081068754196167
source_pretrained_head_adapted,72.0,exp3_cellC,3,0.6,0.8971296129961095,0.9140579104423523,4.324958549151195,4.406567921645535,1.1023593275514205,1.081068754196167
source_pretrained_head_adapted,72.0,exp3_cellC,3,0.7,0.88686539707305,0.9140579104423523,4.275475946232187,4.406567921645535,1.1325279115772933,1.081068754196167
source_pretrained_head_adapted,72.0,exp3_cellC,3,0.8,0.8684117953983999,0.9140579104423523,4.186513257709548,4.406567921645535,1.1626964956031665,1.081068754196167
source_pretrained_head_adapted,72.0,exp3_cellC,3,0.9,0.8524862852889896,0.9140579104423523,4.109738207483236,4.406567921645535,1.4009633705973525,1.081068754196167
source_pretrained_head_adapted,72.0,exp3_cellC,3,1.0,0.8263742910997344,0.9140579104423523,3.983855290602311,4.406567921645535,1.6392302455915388,1.081068754196167
source_pretrained_head_adapted,72.0,exp3_cellD,3,0.5454545454545454,0.8848983577362085,0.9140579104423523,4.309725245858735,4.451741172724179,1.1118191520181597,1.081068754196167
source_pretrained_head_adapted,72.0,exp3_cellD,3,0.6363636363636364,0.887787311867856,0.9140579104423523,4.323795334752494,4.451741172724179,1.1253571792920565,1.081068754196167
source_pretrained_head_adapted,72.0,exp3_cellD,3,0.7272727272727273,0.857549518588028,0.9140579104423523,4.176528047003746,4.451741172724179,1.1388952065659532,1.081068754196167
source_pretrained_head_adapted,72.0,exp3_cellD,3,0.8181818181818182,0.8543504418842668,0.9140579104423523,4.160947566473859,4.451741172724179,1.1607064304892893,1.081068754196167
source_pretrained_head_adapted,72.0,exp3_cellD,3,0.9090909090909092,0.8353594218833993,0.9140579104423523,4.068455499303874,4.451741172724179,1.1825176544126255,1.081068754196167
source_pretrained_head_adapted,72.0,exp3_cellD,3,1.0,0.855786983777141,0.9140579104423523,4.167943964205111,4.451741172724179,1.1825176544126255,1.081068754196167
source_pretrained_head_adapted,72.0,exp3_cellE,3,0.5454545454545454,0.8764127304458983,0.9140579104423523,4.279353494087043,4.463167611519361,1.1102010880588071,1.081068754196167
source_pretrained_head_adapted,72.0,exp3_cellE,3,0.6363636363636364,0.8880560096373777,0.9140579104423523,4.336205369647247,4.463167611519361,1.1392512618921713,1.081068754196167
source_pretrained_head_adapted,72.0,exp3_cellE,3,0.7272727272727273,0.8458131769523313,0.9140579104423523,4.1299418052659815,4.463167611519361,1.1683014357255352,1.081068754196167
source_pretrained_head_adapted,72.0,exp3_cellE,3,0.8181818181818182,0.8390560662996611,0.9140579104423523,4.096948143630413,4.463167611519361,1.19957109054225,1.081068754196167
source_pretrained_head_adapted,72.0,exp3_cellE,3,0.9090909090909092,0.8260574309036003,0.9140579104423523,4.033478326422035,4.463167611519361,1.230840745358965,1.081068754196167
source_pretrained_head_adapted,72.0,exp3_cellE,3,1.0,0.8534566359036194,0.9140579104423523,4.167263333849283,4.463167611519361,1.230840745358965,1.081068754196167
source_pretrained_head_adapted,72.0,exp3_cellF,3,0.5454545454545454,0.8960881611931472,0.9140579104423523,4.394232365009932,4.482352325926311,1.0509728244971537,1.081068754196167
source_pretrained_head_adapted,72.0,exp3_cellF,3,0.6363636363636364,0.8986372589960113,0.9140579104423523,4.406732617275297,4.482352325926311,1.0565565302232416,1.081068754196167
source_pretrained_head_adapted,72.0,exp3_cellF,3,0.7272727272727273,0.8858910640415816,0.9140579104423523,4.344227894163116,4.482352325926311,1.0621402359493297,1.081068754196167
source_pretrained_head_adapted,72.0,exp3_cellF,3,0.8181818181818182,0.8819147159986288,0.9140579104423523,4.3247286997516845,4.482352325926311,1.0723233425722347,1.081068754196167
source_pretrained_head_adapted,72.0,exp3_cellF,3,0.9090909090909092,0.8722484867937208,0.9140579104423523,4.277327496321819,4.482352325926311,1.0825064491951395,1.081068754196167
source_pretrained_head_adapted,72.0,exp3_cellF,3,1.0,0.8792906733199577,0.9140579104423523,4.31186093320243,4.482352325926311,1.0825064491951395,1.081068754196167
source_pretrained_head_adapted,72.0,exp3_cellG,3,0.5454545454545454,0.9130515923888205,0.9140579104423523,4.446549073970472,4.451449829465946,1.1117924779760167,1.081068754196167
source_pretrained_head_adapted,72.0,exp3_cellG,3,0.6363636363636364,0.9036316373179148,0.9140579104423523,4.400674018446181,4.451449829465946,1.137557999044256,1.081068754196167
source_pretrained_head_adapted,72.0,exp3_cellG,3,0.7272727272727273,0.8821256532598138,0.9140579104423523,4.295940162993191,4.451449829465946,1.1633235201124954,1.081068754196167
source_pretrained_head_adapted,72.0,exp3_cellG,3,0.8181818181818182,0.8846423550385656,0.9140579104423523,4.308196467080554,4.451449829465946,1.2051773476963223,1.081068754196167
source_pretrained_head_adapted,72.0,exp3_cellG,3,0.9090909090909092,0.8614075712479565,0.9140579104423523,4.195043379994058,4.451449829465946,1.247031175280149,1.081068754196167
source_pretrained_head_adapted,72.0,exp3_cellG,3,1.0,0.8355233939574123,0.9140579104423523,4.068987781908266,4.451449829465946,1.247031175280149,1.081068754196167
source_pretrained_head_adapted,72.0,exp3_cellH,3,0.5833333333333334,0.9101151599695884,0.9140579104423523,4.405421300679533,4.424506222764074,1.152916864042138,1.081068754196167
source_pretrained_head_adapted,72.0,exp3_cellH,3,0.6666666666666666,0.8958425179469541,0.9140579104423523,4.336334437885612,4.424506222764074,1.1742413337529805,1.081068754196167
source_pretrained_head_adapted,72.0,exp3_cellH,3,0.75,0.8921058581696183,0.9140579104423523,4.318247099820594,4.424506222764074,1.2052971567773032,1.081068754196167
source_pretrained_head_adapted,72.0,exp3_cellH,3,0.8333333333333334,0.8780266203909394,0.9140579104423523,4.250096412154215,4.424506222764074,1.2363529798016262,1.081068754196167
source_pretrained_head_adapted,72.0,exp3_cellH,3,0.9166666666666666,0.856822653409808,0.9140579104423523,4.147458403354644,4.424506222764074,1.2531625041290193,1.081068754196167
source_pretrained_head_adapted,72.0,exp3_cellH,3,1.0,0.8550103327900257,0.9140579104423523,4.1386858477339725,4.424506222764074,1.2699720284564129,1.081068754196167
source_pretrained_head_adapted,72.0,exp3_cellI,3,0.5833333333333334,0.9065722790690582,0.9140579104423523,4.392877937974479,4.429150241541184,1.1542619400491336,1.081068754196167
source_pretrained_head_adapted,72.0,exp3_cellI,3,0.6666666666666666,0.8895981239088468,0.9140579104423523,4.310628134576985,4.429150241541184,1.1765678882144186,1.081068754196167
source_pretrained_head_adapted,72.0,exp3_cellI,3,0.75,0.8910378061334746,0.9140579104423523,4.317604244952602,4.429150241541184,1.2131443205798447,1.081068754196167
source_pretrained_head_adapted,72.0,exp3_cellI,3,0.8333333333333334,0.876207266900275,0.9140579104423523,4.245741526325592,4.429150241541184,1.2497207529452707,1.081068754196167
source_pretrained_head_adapted,72.0,exp3_cellI,3,0.9166666666666666,0.848484709734731,0.9140579104423523,4.111409369289189,4.429150241541184,1.27719374175336,1.081068754196167
source_pretrained_head_adapted,72.0,exp3_cellI,3,1.0,0.8512971333711653,0.9140579104423523,4.125037222280036,4.429150241541184,1.3046667305614497,1.081068754196167
source_pretrained_head_adapted,72.0,exp4_cellA,4,0.5555555555555556,0.911691872614689,0.9140579104423523,4.472674533016423,4.484282091944849,1.067734335942842,1.081068754196167
source_pretrained_head_adapted,72.0,exp4_cellA,4,0.6666666666666666,0.9027280630329916,0.9140579104423523,4.428698926740714,4.484282091944849,1.1125671748506414,1.081068754196167
source_pretrained_head_adapted,72.0,exp4_cellA,4,0.7777777777777778,0.8975989791621065,0.9140579104423523,4.403536123938469,4.484282091944849,1.1173135353886186,1.081068754196167
source_pretrained_head_adapted,72.0,exp4_cellA,4,0.8888888888888888,0.888880028710196,0.9140579104423523,4.360761773511224,4.484282091944849,1.122059895926596,1.081068754196167
source_pretrained_head_adapted,72.0,exp4_cellA,4,1.0,0.8816852587888638,0.9140579104423523,4.325464909335212,4.484282091944849,1.122059895926596,1.081068754196167
source_pretrained_head_adapted,72.0,exp4_cellB,4,0.5555555555555556,0.8965273433264614,0.9140579104423523,4.353698434041002,4.43883002893148,1.0712715811958393,1.081068754196167
source_pretrained_head_adapted,72.0,exp4_cellB,4,0.6666666666666666,0.8473381548652769,0.9140579104423523,4.114826865461052,4.43883002893148,1.1095998862805168,1.081068754196167
source_pretrained_head_adapted,72.0,exp4_cellB,4,0.7777777777777778,0.7966265675802644,0.9140579104423523,3.8685622536854622,4.43883002893148,1.1835435772385512,1.081068754196167
source_pretrained_head_adapted,72.0,exp4_cellB,4,0.8888888888888888,0.733695243755318,0.9140579104423523,3.562956397903964,4.43883002893148,1.2574872681965856,1.081068754196167
source_pretrained_head_adapted,72.0,exp4_cellB,4,1.0,0.6260958680860047,0.9140579104423523,3.0404344281700237,4.43883002893148,1.2574872681965856,1.081068754196167
source_pretrained_head_adapted,72.0,exp4_cellC,4,0.5555555555555556,0.896165286677176,0.9140579104423523,4.370752838666638,4.45801825418257,1.262270345598159,1.081068754196167
source_pretrained_head_adapted,72.0,exp4_cellC,4,0.6666666666666666,0.856391265128893,0.9140579104423523,4.176768068031387,4.45801825418257,1.0993217703645564,1.081068754196167
source_pretrained_head_adapted,72.0,exp4_cellC,4,0.7777777777777778,0.8005060665908709,0.9140579104423523,3.9042063053958542,4.45801825418257,1.2222356651812845,1.081068754196167
source_pretrained_head_adapted,72.0,exp4_cellC,4,0.8888888888888888,0.6967940421631312,0.9140579104423523,3.398384854921955,4.45801825418257,1.3451495599980128,1.081068754196167
source_pretrained_head_adapted,72.0,exp4_cellC,4,1.0,0.607383466208973,0.9140579104423523,2.962314037999953,4.45801825418257,1.3451495599980128,1.081068754196167
source_pretrained_head_adapted,72.0,exp4_cellD,4,0.5555555555555556,0.9022812448120208,0.9140579104423523,4.372488325204205,4.429558482956609,1.0643641147474425,1.081068754196167
source_pretrained_head_adapted,72.0,exp4_cellD,4,0.6666666666666666,0.8923975704406814,0.9140579104423523,4.3245916731932175,4.429558482956609,1.0742102663696715,1.081068754196167
source_pretrained_head_adapted,72.0,exp4_cellD,4,0.7777777777777778,0.8835104800098998,0.9140579104423523,4.281524503863191,4.429558482956609,1.0741775775599118,1.081068754196167
source_pretrained_head_adapted,72.0,exp4_cellD,4,0.8888888888888888,0.875958910819128,0.9140579104423523,4.244929319918632,4.429558482956609,1.0741448887501521,1.081068754196167
source_pretrained_head_adapted,72.0,exp4_cellD,4,1.0,0.8644348045140147,0.9140579104423523,4.18908307400889,4.429558482956609,1.0741448887501521,1.081068754196167
source_pretrained_head_adapted,72.0,exp4_cellE,4,0.5555555555555556,0.9031626739282209,0.9140579104423523,4.380760041797061,4.433607018476733,1.0669487385914673,1.081068754196167
source_pretrained_head_adapted,72.0,exp4_cellE,4,0.6666666666666666,0.8936768436122088,0.9140579104423523,4.334749342272785,4.433607018476733,1.0718064659333733,1.081068754196167
source_pretrained_head_adapted,72.0,exp4_cellE,4,0.7777777777777778,0.8845789877852711,0.9140579104423523,4.290620499902306,4.433607018476733,1.0895330986657066,1.081068754196167
source_pretrained_head_adapted,72.0,exp4_cellE,4,0.8888888888888888,0.8769456365435554,0.9140579104423523,4.253595187552686,4.433607018476733,1.1072597313980397,1.081068754196167
source_pretrained_head_adapted,72.0,exp4_cellE,4,1.0,0.866417081765175,0.9140579104423523,4.202526788246066,4.433607018476733,1.1072597313980397,1.081068754196167
source_pretrained_head_adapted,72.0,exp4_cellF,4,0.5555555555555556,0.8809606852792798,0.9140579104423523,4.27549648019382,4.436124612701276,1.1248434980139999,1.081068754196167
source_pretrained_head_adapted,72.0,exp4_cellF,4,0.6666666666666666,0.8675851222355931,0.9140579104423523,4.210581923086469,4.436124612701276,1.1481679921046537,1.081068754196167
source_pretrained_head_adapted,72.0,exp4_cellF,4,0.7777777777777778,0.8544207557354694,0.9140579104423523,4.146692349379309,4.436124612701276,1.138748075171229,1.081068754196167
source_pretrained_head_adapted,72.0,exp4_cellF,4,0.8888888888888888,0.8417297823861739,0.9140579104423523,4.085100257028508,4.436124612701276,1.129328158237804,1.081068754196167
source_pretrained_head_adapted,72.0,exp4_cellF,4,1.0,0.82925677614945,0.9140579104423523,4.024566007142383,4.436124612701276,1.129328158237804,1.081068754196167
source_pretrained_head_adapted,72.0,exp4_cellG,4,0.5555555555555556,0.8780279430687331,0.9140579104423523,4.248364841997807,4.422696932288047,1.1238179341122128,1.081068754196167
source_pretrained_head_adapted,72.0,exp4_cellG,4,0.6666666666666666,0.8647319796128923,0.9140579104423523,4.184031919415798,4.422696932288047,1.1471082309620073,1.081068754196167
source_pretrained_head_adapted,72.0,exp4_cellG,4,0.7777777777777778,0.8502466450778778,0.9140579104423523,4.113944188781564,4.422696932288047,1.1465147414639307,1.081068754196167
source_pretrained_head_adapted,72.0,exp4_cellG,4,0.8888888888888888,0.8388371519855474,0.9140579104423523,4.058739010289107,4.422696932288047,1.1459212519658541,1.081068754196167
source_pretrained_head_adapted,72.0,exp4_cellG,4,1.0,0.823557638651194,0.9140579104423523,3.984808621438804,4.422696932288047,1.1459212519658541,1.081068754196167
source_pretrained_head_adapted,72.0,exp4_cellH,4,0.5555555555555556,0.8799346262856523,0.9140579104423523,4.2794830399062285,4.445438568251459,1.1203208313975448,1.081068754196167
source_pretrained_head_adapted,72.0,exp4_cellH,4,0.6666666666666666,0.8664328187037518,0.9140579104423523,4.21381821114648,4.445438568251459,1.1454743242688907,1.081068754196167
source_pretrained_head_adapted,72.0,exp4_cellH,4,0.7777777777777778,0.8527671069811423,0.9140579104423523,4.147356249316409,4.445438568251459,1.1762497763661797,1.081068754196167
source_pretrained_head_adapted,72.0,exp4_cellH,4,0.8888888888888888,0.8397879246540428,0.9140579104423523,4.084233161553476,4.445438568251459,1.2070252284634688,1.081068754196167
source_pretrained_head_adapted,72.0,exp4_cellH,4,1.0,0.827136982019207,0.9140579104423523,4.022706438059098,4.445438568251459,1.2070252284634688,1.081068754196167
source_pretrained_head_adapted,72.0,exp5_cellA,5,0.5333333333333333,0.8044691536942838,0.9140579104423523,3.924912141,4.459583035343635,1.2063797378032324,1.081068754196167
source_pretrained_head_adapted,72.0,exp5_cellA,5,0.6,0.7915716013752708,0.9140579104423523,3.861986472,4.459583035343635,1.2350145971619613,1.081068754196167
source_pretrained_head_adapted,72.0,exp5_cellA,5,0.6666666666666666,0.7817580260973462,0.9140579104423523,3.814107171,4.459583035343635,1.2636494565206902,1.081068754196167
source_pretrained_head_adapted,72.0,exp5_cellA,5,0.7333333333333333,0.7690068432998406,0.9140579104423523,3.751895622,4.459583035343635,1.2998531789224779,1.081068754196167
source_pretrained_head_adapted,72.0,exp5_cellA,5,0.8,0.7560403342356591,0.9140579104423523,3.688633521,4.459583035343635,1.336056901324266,1.081068754196167
source_pretrained_head_adapted,72.0,exp5_cellA,5,0.8666666666666667,0.7455051429921409,0.9140579104423523,3.637233539,4.459583035343635,1.3523752966828282,1.081068754196167
source_pretrained_head_adapted,72.0,exp5_cellA,5,0.9333333333333332,0.730968649254188,0.9140579104423523,3.566311664,4.459583035343635,1.3686936920413904,1.081068754196167
source_pretrained_head_adapted,72.0,exp5_cellA,5,1.0,0.7223409558959908,0.9140579104423523,3.524218144,4.459583035343635,1.3686936920413904,1.081068754196167
source_pretrained_head_adapted,72.0,exp5_cellB,5,0.5333333333333333,0.8143553276793362,0.9140579104423523,3.959118123,4.443838108134544,1.191444056407467,1.081068754196167
source_pretrained_head_adapted,72.0,exp5_cellB,5,0.6,0.8065707255620619,0.9140579104423523,3.92127204,4.443838108134544,1.2036275403487529,1.081068754196167
source_pretrained_head_adapted,72.0,exp5_cellB,5,0.6666666666666666,0.8007887687293093,0.9140579104423523,3.893162136,4.443838108134544,1.2158110242900386,1.081068754196167
source_pretrained_head_adapted,72.0,exp5_cellB,5,0.7333333333333333,0.7934484824068493,0.9140579104423523,3.857476165,4.443838108134544,1.2290721055376792,1.081068754196167
source_pretrained_head_adapted,72.0,exp5_cellB,5,0.8,0.7866488837091813,0.9140579104423523,3.824418833,4.443838108134544,1.2423331867853196,1.081068754196167
source_pretrained_head_adapted,72.0,exp5_cellB,5,0.8666666666666667,0.7825607629831625,0.9140579104423523,3.804543783,4.443838108134544,1.2620825999439529,1.081068754196167
source_pretrained_head_adapted,72.0,exp5_cellB,5,0.9333333333333332,0.7757626314800493,0.9140579104423523,3.771493584,4.443838108134544,1.281832013102586,1.081068754196167
source_pretrained_head_adapted,72.0,exp5_cellB,5,1.0,0.7725232717995762,0.9140579104423523,3.755744921,4.443838108134544,1.281832013102586,1.081068754196167
source_pretrained_head_adapted,72.0,exp5_cellC,5,0.5333333333333333,0.8214546359438883,0.9140579104423523,4.012352958,4.464668893775884,1.1912918944993611,1.081068754196167
source_pretrained_head_adapted,72.0,exp5_cellC,5,0.6,0.8140619179825401,0.9140579104423523,3.976243607,4.464668893775884,1.1932901956847763,1.081068754196167
source_pretrained_head_adapted,72.0,exp5_cellC,5,0.6666666666666666,0.8081618464949624,0.9140579104423523,3.947425011,4.464668893775884,1.1952884968701913,1.081068754196167
source_pretrained_head_adapted,72.0,exp5_cellC,5,0.7333333333333333,0.8007939995087437,0.9140579104423523,3.911437141,4.464668893775884,1.215425593808408,1.081068754196167
source_pretrained_head_adapted,72.0,exp5_cellC,5,0.8,0.7932565004152995,0.9140579104423523,3.874620614,4.464668893775884,1.2355626907466244,1.081068754196167
source_pretrained_head_adapted,72.0,exp5_cellC,5,0.8666666666666667,0.7884116982953278,0.9140579104423523,3.850956427,4.464668893775884,1.2535908385505172,1.081068754196167
source_pretrained_head_adapted,72.0,exp5_cellC,5,0.9333333333333332,0.7817976432498098,0.9140579104423523,3.818650415,4.464668893775884,1.2716189863544103,1.081068754196167
source_pretrained_head_adapted,72.0,exp5_cellC,5,1.0,0.7777849401692979,0.9140579104423523,3.799050573,4.464668893775884,1.2716189863544103,1.081068754196167
source_pretrained_head_adapted,72.0,exp5_cellD,5,0.5333333333333333,0.862591076376204,0.9140579104423523,4.192222457,4.442353050130202,1.1210099277230234,1.081068754196167
source_pretrained_head_adapted,72.0,exp5_cellD,5,0.6,0.8552786413642833,0.9140579104423523,4.15668377,4.442353050130202,1.1303166616459792,1.081068754196167
source_pretrained_head_adapted,72.0,exp5_cellD,5,0.6666666666666666,0.8493641208923439,0.9140579104423523,4.127938996,4.442353050130202,1.139623395568935,1.081068754196167
source_pretrained_head_adapted,72.0,exp5_cellD,5,0.7333333333333333,0.8407250784462886,0.9140579104423523,4.085952951,4.442353050130202,1.145763977123925,1.081068754196167
source_pretrained_head_adapted,72.0,exp5_cellD,5,0.8,0.8330016712553935,0.9140579104423523,4.048416925,4.442353050130202,1.1519045586789147,1.081068754196167
source_pretrained_head_adapted,72.0,exp5_cellD,5,0.8666666666666667,0.8255998395543926,0.9140579104423523,4.012443767000001,4.442353050130202,1.1733459434437157,1.081068754196167
source_pretrained_head_adapted,72.0,exp5_cellD,5,0.9333333333333332,0.8173156266826287,0.9140579104423523,3.972182206,4.442353050130202,1.1947873282085169,1.081068754196167
source_pretrained_head_adapted,72.0,exp5_cellD,5,1.0,0.8103250072823504,0.9140579104423523,3.938207554,4.442353050130202,1.1947873282085169,1.081068754196167
source_pretrained_head_adapted,72.0,exp5_cellE,5,0.5333333333333333,0.8656172401950055,0.9140579104423523,4.211511139000001,4.447190851526715,1.1208975213605896,1.081068754196167
source_pretrained_head_adapted,72.0,exp5_cellE,5,0.6,0.8583629495272422,0.9140579104423523,4.176216641,4.447190851526715,1.1205962447236646,1.081068754196167
source_pretrained_head_adapted,72.0,exp5_cellE,5,0.6666666666666666,0.851483072523713,0.9140579104423523,4.142743788,4.447190851526715,1.1202949680867398,1.081068754196167
source_pretrained_head_adapted,72.0,exp5_cellE,5,0.7333333333333333,0.8441469335073652,0.9140579104423523,4.107051071,4.447190851526715,1.1287087838725094,1.081068754196167
source_pretrained_head_adapted,72.0,exp5_cellE,5,0.8,0.8366904562340003,0.9140579104423523,4.070772869,4.447190851526715,1.1371225996582792,1.081068754196167
source_pretrained_head_adapted,72.0,exp5_cellE,5,0.8666666666666667,0.8299388540553875,0.9140579104423523,4.037924115,4.447190851526715,1.1538529249624887,1.081068754196167
source_pretrained_head_adapted,72.0,exp5_cellE,5,0.9333333333333332,0.8222797423134317,0.9140579104423523,4.00066003,4.447190851526715,1.1705832502666982,1.081068754196167
source_pretrained_head_adapted,72.0,exp5_cellE,5,1.0,0.8160525188402225,0.9140579104423523,3.97036255,4.447190851526715,1.1705832502666982,1.081068754196167
source_pretrained_head_adapted,72.0,exp5_cellF,5,0.5333333333333333,0.8522315864914315,0.9140579104423523,4.121763642,4.420782709374102,1.1883123049065991,1.081068754196167
source_pretrained_head_adapted,72.0,exp5_cellF,5,0.6,0.8423039313668911,0.9140579104423523,4.073749171999999,4.420782709374102,1.2087664381431986,1.081068754196167
source_pretrained_head_adapted,72.0,exp5_cellF,5,0.6666666666666666,0.8322107221075873,0.9140579104423523,4.02493401,4.420782709374102,1.2292205713797981,1.081068754196167
source_pretrained_head_adapted,72.0,exp5_cellF,5,0.7333333333333333,0.8210154999509715,0.9140579104423523,3.970789033,4.420782709374102,1.2371509847644246,1.081068754196167
source_pretrained_head_adapted,72.0,exp5_cellF,5,0.8,0.8096480195495653,0.9140579104423523,3.91581094,4.420782709374102,1.2450813981490514,1.081068754196167
source_pretrained_head_adapted,72.0,exp5_cellF,5,0.8666666666666667,0.7985219847016456,0.9140579104423523,3.862000583,4.420782709374102,1.284781990745257,1.081068754196167
source_pretrained_head_adapted,72.0,exp5_cellF,5,0.9333333333333332,0.7866654996007033,0.9140579104423523,3.80465745,4.420782709374102,1.3244825833414624,1.081068754196167
source_pretrained_head_adapted,72.0,exp5_cellF,5,1.0,0.7678683443349683,0.9140579104423523,3.713746209,4.420782709374102,1.3244825833414624,1.081068754196167
source_pretrained_head_adapted,72.0,exp5_cellG,5,0.5333333333333333,0.8498714817160511,0.9140579104423523,4.123182213,4.434584992048303,1.2228939135477763,1.081068754196167
source_pretrained_head_adapted,72.0,exp5_cellG,5,0.6,0.8400058427597255,0.9140579104423523,4.075318709,4.434584992048303,1.236867862376435,1.081068754196167
source_pretrained_head_adapted,72.0,exp5_cellG,5,0.6666666666666666,0.8299328251567766,0.9140579104423523,4.0264491,4.434584992048303,1.250841811205094,1.081068754196167
source_pretrained_head_adapted,72.0,exp5_cellG,5,0.7333333333333333,0.8194936798065443,0.9140579104423523,3.975803209,4.434584992048303,1.2541946824482297,1.081068754196167
source_pretrained_head_adapted,72.0,exp5_cellG,5,0.8,0.8085936348705501,0.9140579104423523,3.922921247,4.434584992048303,1.2575475536913652,1.081068754196167
source_pretrained_head_adapted,72.0,exp5_cellG,5,0.8666666666666667,0.7978404378562369,0.9140579104423523,3.870751723,4.434584992048303,1.316380148152523,1.081068754196167
source_pretrained_head_adapted,72.0,exp5_cellG,5,0.9333333333333332,0.7855218228441083,0.9140579104423523,3.810987517,4.434584992048303,1.3752127426136804,1.081068754196167
source_pretrained_head_adapted,72.0,exp5_cellG,5,1.0,0.7696642878933628,0.9140579104423523,3.734054113,4.434584992048303,1.3752127426136804,1.081068754196167
source_pretrained_head_adapted,72.0,exp5_cellH,5,0.5333333333333333,0.8526440302059033,0.9140579104423523,4.133824681,4.431574040502468,1.1977016713887478,1.081068754196167
source_pretrained_head_adapted,72.0,exp5_cellH,5,0.6,0.8431704595629644,0.9140579104423523,4.0878945170000005,4.431574040502468,1.2144315202885887,1.081068754196167
source_pretrained_head_adapted,72.0,exp5_cellH,5,0.6666666666666666,0.8318238318782536,0.9140579104423523,4.032883319,4.431574040502468,1.2311613691884293,1.081068754196167
source_pretrained_head_adapted,72.0,exp5_cellH,5,0.7333333333333333,0.8228976751117055,0.9140579104423523,3.98960715,4.431574040502468,1.2292285687011615,1.081068754196167
source_pretrained_head_adapted,72.0,exp5_cellH,5,0.8,0.8125378294201961,0.9140579104423523,3.93938011,4.431574040502468,1.2272957682138939,1.081068754196167
source_pretrained_head_adapted,72.0,exp5_cellH,5,0.8666666666666667,0.8025090494980701,0.9140579104423523,3.890758157,4.431574040502468,1.2802798968420732,1.081068754196167
source_pretrained_head_adapted,72.0,exp5_cellH,5,0.9333333333333332,0.7914666613646212,0.9140579104423523,3.837221986,4.431574040502468,1.333264025470253,1.081068754196167
source_pretrained_head_adapted,72.0,exp5_cellH,5,1.0,0.7759335636988509,0.9140579104423523,3.761913768,4.431574040502468,1.333264025470253,1.081068754196167
target_only_LSTM_from_scratch,72.0,exp1_cellA,1,0.5714285714285714,0.8549561721374236,0.8542363047599792,4.161854263183007,4.158350009735426,1.1526787381402472,1.1411038637161255
target_only_LSTM_from_scratch,72.0,exp1_cellA,1,0.6428571428571429,0.8339231857086502,0.8444201350212097,4.059467465954306,4.110565726509199,1.1764673298760704,1.162063717842102
target_only_LSTM_from_scratch,72.0,exp1_cellA,1,0.7142857142857143,0.818224933858435,0.8355095982551575,3.983049705001716,4.0671899879209485,1.2002559216118935,1.1832085847854614
target_only_LSTM_from_scratch,72.0,exp1_cellA,1,0.7857142857142857,0.7639284558682716,0.8277040123939514,3.718739047024665,4.029193056789514,1.3340435794062142,1.2004354000091553
target_only_LSTM_from_scratch,72.0,exp1_cellA,1,0.8571428571428571,0.7250005917778434,0.8212196826934814,3.52924150036526,3.997627888787606,1.4678312372005347,1.214099407196045
target_only_LSTM_from_scratch,72.0,exp1_cellA,1,0.9285714285714286,0.6434004407516708,0.8160268068313599,3.132018873647892,3.9723494087329856,1.6131902334747197,1.2255744934082031
target_only_LSTM_from_scratch,72.0,exp1_cellA,1,1.0,0.5856790719679541,0.8120238780975342,2.8510361372478603,3.952863490554934,1.7585492297489045,1.2351359128952026
target_only_LSTM_from_scratch,72.0,exp1_cellB,1,0.5714285714285714,0.8593055242284461,0.8616673946380615,4.176906007468412,4.188386569881464,1.1371669739008392,1.1215063333511353
target_only_LSTM_from_scratch,72.0,exp1_cellB,1,0.6428571428571429,0.8383723891509776,0.8514304161071777,4.075154377582485,4.138626739508715,1.1910745065479214,1.1434516906738281
target_only_LSTM_from_scratch,72.0,exp1_cellB,1,0.7142857142857143,0.7994437874381211,0.8421956300735474,3.885930515088674,4.093738359096882,1.244982039195004,1.167413353919983
target_only_LSTM_from_scratch,72.0,exp1_cellB,1,0.7857142857142857,0.7144807798517927,0.8338757157325745,3.47294294920684,4.053296980317623,1.404277943400622,1.1875605583190918
target_only_LSTM_from_scratch,72.0,exp1_cellB,1,0.8571428571428571,0.6308130172936719,0.8266963362693787,3.066251300885086,4.018399505130735,1.5635738476062404,1.2036925554275513
target_only_LSTM_from_scratch,72.0,exp1_cellB,1,0.9285714285714286,0.5586363849136401,0.8207653760910034,2.71541565409033,3.989570337272941,1.7772623308717677,1.2167975902557373
target_only_LSTM_from_scratch,72.0,exp1_cellB,1,1.0,0.492781344774241,0.8160264492034912,2.395307956624624,3.9665353961172025,1.9909508141372947,1.2279627323150635
target_only_LSTM_from_scratch,72.0,exp1_cellD,1,0.5384615384615384,0.8181553504521012,0.8096461296081543,4.002078276099845,3.9604546799609484,1.1916693068263018,1.2266815900802612
target_only_LSTM_from_scratch,72.0,exp1_cellD,1,0.6153846153846154,0.8129632683847705,0.8034616708755493,3.976680753688106,3.9302028605118458,1.2118230578580662,1.2475920915603638
target_only_LSTM_from_scratch,72.0,exp1_cellD,1,0.6923076923076923,0.8031377766449331,0.7995467185974121,3.928618503624872,3.911052529886198,1.2083870831053638,1.2609037160873413
target_only_LSTM_from_scratch,72.0,exp1_cellD,1,0.7692307692307693,0.7984539437080421,0.7971951365470886,3.905707126176501,3.8995495611249895,1.2049511083526614,1.2713963985443115
target_only_LSTM_from_scratch,72.0,exp1_cellD,1,0.8461538461538461,0.7884549637044503,0.7958099842071533,3.856796243135256,3.8927739676075963,1.2043092563409348,1.2792857885360718
target_only_LSTM_from_scratch,72.0,exp1_cellD,1,0.9230769230769232,0.7820982650781715,0.7951038479804993,3.825701897219304,3.889319840648581,1.2036674043292082,1.2843879461288452
target_only_LSTM_from_scratch,72.0,exp1_cellD,1,1.0,0.7696990653997923,0.7948600053787231,3.765050130233432,3.888127063288124,1.2036674043292082,1.2881207466125488
target_only_LSTM_from_scratch,72.0,exp1_cellE,1,0.5714285714285714,0.7961913353698228,0.7998993992805481,3.865615255227751,3.883618400682733,1.2205143504053828,1.2518589496612549
target_only_LSTM_from_scratch,72.0,exp1_cellE,1,0.6428571428571429,0.7814493934456567,0.7964422702789307,3.794041158572619,3.866833577720881,1.2289631743676406,1.2671300172805786
target_only_LSTM_from_scratch,72.0,exp1_cellE,1,0.7142857142857143,0.7731770269753371,0.7945082783699036,3.7538777146817752,3.8574437887406363,1.2374119983298986,1.2770401239395142
target_only_LSTM_from_scratch,72.0,exp1_cellE,1,0.7857142857142857,0.7562960683651517,0.7934595942497253,3.671918406375449,3.852352287297716,1.2766134133528204,1.2839601039886475
target_only_LSTM_from_scratch,72.0,exp1_cellE,1,0.8571428571428571,0.7375311809904169,0.7929708361625671,3.580812372340662,3.8499793015166572,1.3158148283757425,1.2889446020126343
target_only_LSTM_from_scratch,72.0,exp1_cellE,1,0.9285714285714286,0.6725044310535847,0.7928778529167175,3.265098817838162,3.849527855441236,1.5495855177442008,1.2923448085784912
target_only_LSTM_from_scratch,72.0,exp1_cellE,1,1.0,0.5587558414481429,0.7930744886398315,2.712834225514765,3.8504825481353477,1.7833562071126594,1.2947574853897095
target_only_LSTM_from_scratch,72.0,exp1_cellF,1,0.5714285714285714,0.7914942251085741,0.7987633943557739,3.847663007702252,3.8830003642134012,1.2061693643987719,1.256295919418335
target_only_LSTM_from_scratch,72.0,exp1_cellF,1,0.6428571428571429,0.765044545670987,0.7954868674278259,3.7190841123557616,3.8670722992263493,1.2562988315510932,1.2706689834594727
target_only_LSTM_from_scratch,72.0,exp1_cellF,1,0.7142857142857143,0.7502677805201031,0.7937652468681335,3.6472503442233912,3.858703045818443,1.3064282987034144,1.2792671918869019
target_only_LSTM_from_scratch,72.0,exp1_cellF,1,0.7857142857142857,0.6973659111361276,0.7928686738014221,3.3900803492823703,3.8543445667379235,1.5300580379135538,1.2858085632324219
target_only_LSTM_from_scratch,72.0,exp1_cellF,1,0.8571428571428571,0.5855959939675742,0.7925016283988953,2.8467371864129323,3.8525602618464303,1.7536877771236934,1.2903584241867065
target_only_LSTM_from_scratch,72.0,exp1_cellF,1,0.9285714285714286,0.5498386118680253,0.7924882173538208,2.672911083843661,3.852495067205218,1.9363589350491521,1.2940332889556885
target_only_LSTM_from_scratch,72.0,exp1_cellF,1,1.0,0.44945260077179,0.7927669286727905,2.184908102731843,3.853849956726592,2.119030092974611,1.2959845066070557
target_only_LSTM_from_scratch,72.0,exp1_cellJ,1,0.6,0.9283996811708648,0.9317072033882141,4.479245641129816,4.495203428250464,1.0461622608767824,1.0459697246551514
target_only_LSTM_from_scratch,72.0,exp1_cellJ,1,0.7,0.9084019156276106,0.9189026355743408,4.382762514348698,4.433425289233322,1.070007889842271,1.057390570640564
target_only_LSTM_from_scratch,72.0,exp1_cellJ,1,0.8,0.8905796338743112,0.9041210412979126,4.296775434131507,4.362108599800449,1.0938535188077592,1.066232442855835
target_only_LSTM_from_scratch,72.0,exp1_cellJ,1,0.9,0.8734456000301964,0.88880455493927,4.214108940413596,4.288211219016292,1.1120970413504792,1.0757185220718384
target_only_LSTM_from_scratch,72.0,exp1_cellJ,1,1.0,0.8612822153989198,0.8758163452148438,4.155424314927384,4.2255470637239885,1.130340563893199,1.0904827117919922
target_only_LSTM_from_scratch,72.0,exp1_cellK,1,0.6,0.8068862227834716,0.8065475225448608,3.918879495398503,3.917234498393102,1.1758467449275036,1.2411994934082031
target_only_LSTM_from_scratch,72.0,exp1_cellK,1,0.7,0.7961825254601345,0.8010131120681763,3.866893851349858,3.8903550113925935,1.1973632239702936,1.265005111694336
target_only_LSTM_from_scratch,72.0,exp1_cellK,1,0.8,0.7877533102337295,0.797980010509491,3.825954896413799,3.8756238644598957,1.2188797030130838,1.2798699140548706
target_only_LSTM_from_scratch,72.0,exp1_cellK,1,0.9,0.7790779761794198,0.7964984774589539,3.7838205932354807,3.8684283648596214,1.2367410711453302,1.2895679473876953
target_only_LSTM_from_scratch,72.0,exp1_cellK,1,1.0,0.7717907926718258,0.7959625720977783,3.748428250150724,3.8658255833619526,1.2546024392775765,1.2956204414367676
target_only_LSTM_from_scratch,72.0,exp1_cellL,1,0.6,0.8070037299410662,0.8065824508666992,3.911680712389937,3.9096387029560336,1.1585168241866015,1.2404298782348633
target_only_LSTM_from_scratch,72.0,exp1_cellL,1,0.7,0.7977274944560124,0.800956666469574,3.866717262923449,3.88236959439825,1.1769333624986371,1.265592098236084
target_only_LSTM_from_scratch,72.0,exp1_cellL,1,0.8,0.7902851473030869,0.797913134098053,3.830642973880033,3.8676170890088604,1.1953499008106725,1.2806730270385742
target_only_LSTM_from_scratch,72.0,exp1_cellL,1,0.9,0.7826036305284555,0.7964456677436829,3.793409390075632,3.860504036588533,1.21332140108182,1.2903902530670166
target_only_LSTM_from_scratch,72.0,exp1_cellL,1,1.0,0.7761383115014312,0.7959272265434265,3.762070918146505,3.8579910662411723,1.2312929013529677,1.2964118719100952
target_only_LSTM_from_scratch,72.0,exp1_cellM,1,0.6,0.8094657288379769,0.8062571883201599,3.907895631767987,3.892405610353582,1.1857881455883141,1.2433127164840698
target_only_LSTM_from_scratch,72.0,exp1_cellM,1,0.7,0.8010379454939867,0.800804078578949,3.8672084271809,3.8660793769158532,1.2026227698652867,1.2663540840148926
target_only_LSTM_from_scratch,72.0,exp1_cellM,1,0.8,0.794506580500605,0.7978255748748779,3.83567665033377,3.851699915007005,1.2194573941422593,1.2809087038040161
target_only_LSTM_from_scratch,72.0,exp1_cellM,1,0.9,0.7878186379024347,0.7963860630989075,3.803388956446564,3.844750316548687,1.2348615811671344,1.290503740310669
target_only_LSTM_from_scratch,72.0,exp1_cellM,1,1.0,0.7831291042673945,0.7958808541297913,3.780749075158803,3.8423112955337104,1.2502657681920093,1.2966399192810059
target_only_LSTM_from_scratch,72.0,exp2_cellA,2,0.5833333333333334,0.9249928121553804,0.9244548678398132,4.482643358757167,4.480036406052378,1.0317597793434083,1.0520936250686646
target_only_LSTM_from_scratch,72.0,exp2_cellA,2,0.6666666666666666,0.9189006441015372,0.9141150712966919,4.453119868079051,4.429928319053387,1.0351754162063005,1.0609188079833984
target_only_LSTM_from_scratch,72.0,exp2_cellA,2,0.75,0.9161023998591324,0.9023616313934326,4.439559188682886,4.372969520419991,1.0349482098005431,1.0702372789382935
target_only_LSTM_from_scratch,72.0,exp2_cellA,2,0.8333333333333334,0.9124277118108484,0.8894360065460205,4.42175114114059,4.31033015109881,1.034721003394786,1.0849769115447998
target_only_LSTM_from_scratch,72.0,exp2_cellA,2,0.9166666666666666,0.9109432059512895,0.8777814507484436,4.414557020013442,4.253850558545504,1.0360149698349184,1.0998486280441284
target_only_LSTM_from_scratch,72.0,exp2_cellA,2,1.0,0.9107642676506382,0.869503378868103,4.413689860210143,4.213733874988519,1.037308936275051,1.1133877038955688
target_only_LSTM_from_scratch,72.0,exp2_cellB,2,0.5833333333333334,0.9215232607161805,0.9218515157699585,4.461646432162857,4.463235711622162,1.0185466313375071,1.052894949913025
target_only_LSTM_from_scratch,72.0,exp2_cellB,2,0.6666666666666666,0.9108267995628626,0.9109548926353455,4.409858452655557,4.410478627993707,1.028362923646641,1.0623613595962524
target_only_LSTM_from_scratch,72.0,exp2_cellB,2,0.75,0.9058028992907209,0.8984895348548889,4.385534740297691,4.350126359703069,1.0297177633062533,1.0736894607543945
target_only_LSTM_from_scratch,72.0,exp2_cellB,2,0.8333333333333334,0.9001834664415093,0.8851692080497742,4.35832769779398,4.285634673927176,1.0310726029658654,1.0899412631988525
target_only_LSTM_from_scratch,72.0,exp2_cellB,2,0.9166666666666666,0.8956699538478909,0.8744529485702515,4.336475078095385,4.233750838856333,1.0299008119149284,1.1052459478378296
target_only_LSTM_from_scratch,72.0,exp2_cellB,2,1.0,0.8959111069771764,0.8666053414344788,4.337642644932543,4.195755869145938,1.0287290208639914,1.11928391456604
target_only_LSTM_from_scratch,72.0,exp2_cellC,2,0.5833333333333334,0.9374129888404765,0.9324101209640503,4.529879087947729,4.505703631832895,1.0282826226508421,1.0525531768798828
target_only_LSTM_from_scratch,72.0,exp2_cellC,2,0.6666666666666666,0.9303869734073997,0.9221739768981934,4.495927136395126,4.456239313013822,1.0318308773780704,1.0637931823730469
target_only_LSTM_from_scratch,72.0,exp2_cellC,2,0.75,0.928262601289942,0.910236656665802,4.485661491535869,4.398554367391581,1.0358076599085582,1.078389286994934
target_only_LSTM_from_scratch,72.0,exp2_cellC,2,0.8333333333333334,0.9253155389115526,0.8959336280822754,4.471420344466575,4.329437563116255,1.0397844424390466,1.09030282497406
target_only_LSTM_from_scratch,72.0,exp2_cellC,2,0.9166666666666666,0.9200752424845271,0.8825887441635132,4.446097557731145,4.264950820011207,1.0473832552450855,1.106094479560852
target_only_LSTM_from_scratch,72.0,exp2_cellC,2,1.0,0.9180942687374104,0.872924268245697,4.4365248596165845,4.218248984345113,1.0549820680511246,1.121336579322815
target_only_LSTM_from_scratch,72.0,exp2_cellD,2,0.5833333333333334,0.934022005775634,0.9335952401161194,4.505097731281088,4.503039299046538,1.0483765989649787,1.0520048141479492
target_only_LSTM_from_scratch,72.0,exp2_cellD,2,0.6666666666666666,0.9250959575914592,0.9231753349304199,4.462044442198849,4.452780642481721,1.059262296343421,1.0632723569869995
target_only_LSTM_from_scratch,72.0,exp2_cellD,2,0.75,0.9199823232382219,0.9113335013389587,4.437379688712404,4.395663553893645,1.061095264542489,1.0777733325958252
target_only_LSTM_from_scratch,72.0,exp2_cellD,2,0.8333333333333334,0.9145132805755902,0.8972585797309875,4.411000683143643,4.327775541607067,1.0629282327415572,1.0891978740692139
target_only_LSTM_from_scratch,72.0,exp2_cellD,2,0.9166666666666666,0.9105086329801314,0.8837604522705078,4.391684940382421,4.262669598682037,1.0721670635052118,1.1043779850006104
target_only_LSTM_from_scratch,72.0,exp2_cellD,2,1.0,0.9100229179493048,0.873900294303894,4.389342175790265,4.2151107884925745,1.0814058942688665,1.1194767951965332
target_only_LSTM_from_scratch,72.0,exp2_cellE,2,0.5833333333333334,0.921390350630106,0.9158347249031067,4.466412726676465,4.439481993752302,1.0454157351444686,1.085245966911316
target_only_LSTM_from_scratch,72.0,exp2_cellE,2,0.6666666666666666,0.9165428840789561,0.9020364880561829,4.442914774607194,4.372595444944132,1.0502823695220944,1.100272536277771
target_only_LSTM_from_scratch,72.0,exp2_cellE,2,0.75,0.911727243647203,0.8872429132461548,4.419571098719151,4.300884024524584,1.0545276514730193,1.1168615818023682
target_only_LSTM_from_scratch,72.0,exp2_cellE,2,0.8333333333333334,0.9073976174354801,0.8755110502243042,4.39858336252182,4.2440141622858665,1.058772933423944,1.133755087852478
target_only_LSTM_from_scratch,72.0,exp2_cellE,2,0.9166666666666666,0.9031805240556576,0.8664533495903015,4.378141125929759,4.20010722386561,1.0621200206058443,1.1471748352050781
target_only_LSTM_from_scratch,72.0,exp2_cellE,2,1.0,0.8946822541703837,0.8585628271102905,4.336946011671876,4.161858147346904,1.0654671077877444,1.1601099967956543
target_only_LSTM_from_scratch,72.0,exp2_cellF,2,0.5833333333333334,0.9170734708438081,0.9093841910362244,4.427288669079348,4.390167694099914,1.0652078517860382,1.0960657596588135
target_only_LSTM_from_scratch,72.0,exp2_cellF,2,0.6666666666666666,0.9078142921608467,0.8947076201438904,4.382588807867206,4.319314683868592,1.070479113842055,1.109126329421997
target_only_LSTM_from_scratch,72.0,exp2_cellF,2,0.75,0.9042943898734698,0.8810058832168579,4.36559603246958,4.253167808430203,1.0745110763335914,1.126779556274414
target_only_LSTM_from_scratch,72.0,exp2_cellF,2,0.8333333333333334,0.8995338693582364,0.8707720041275024,4.342614014991067,4.203762457197719,1.0785430388251278,1.1418626308441162
target_only_LSTM_from_scratch,72.0,exp2_cellF,2,0.9166666666666666,0.8930768140394663,0.8621236681938171,4.3114417602511,4.1620115169482235,1.0804146733474087,1.1547454595565796
target_only_LSTM_from_scratch,72.0,exp2_cellF,2,1.0,0.8916410271050312,0.8545836210250854,4.30451031644847,4.125610981488688,1.082286307869689,1.167433261871338
target_only_LSTM_from_scratch,72.0,exp3_cellA,3,0.6,0.873949597840415,0.8639211654663086,4.2743657571259615,4.225318091169645,1.1336774373714231,1.1366896629333496
target_only_LSTM_from_scratch,72.0,exp3_cellA,3,0.7,0.8595327928385645,0.8548963665962219,4.203855171870993,4.181179056892875,1.1831843398251038,1.1479616165161133
target_only_LSTM_from_scratch,72.0,exp3_cellA,3,0.8,0.8376336737446474,0.8470059633255005,4.096749630547367,4.14258819349111,1.232691242278785,1.1637171506881714
target_only_LSTM_from_scratch,72.0,exp3_cellA,3,0.9,0.7791267852597307,0.8400143384933472,3.810600587955119,4.108393130248247,1.3508831141859985,1.1784578561782837
target_only_LSTM_from_scratch,72.0,exp3_cellA,3,1.0,0.7575357692124128,0.8340226411819458,3.705001935719038,4.079088573236946,1.4690749860932122,1.1909960508346558
target_only_LSTM_from_scratch,72.0,exp3_cellB,3,0.6,0.8436353663923807,0.8625209927558899,4.116083995859684,4.208226676836943,1.1659863773095838,1.1351550817489624
target_only_LSTM_from_scratch,72.0,exp3_cellB,3,0.7,0.8218953819738878,0.8537173867225647,4.010014945770124,4.165274018208393,1.318438170555717,1.149426817893982
target_only_LSTM_from_scratch,72.0,exp3_cellB,3,0.8,0.7394175881654729,0.845890462398529,3.607607056494019,4.127086574639338,1.47088996380185,1.1656495332717896
target_only_LSTM_from_scratch,72.0,exp3_cellB,3,0.9,0.7123684053550189,0.8389541506767273,3.4756345089901144,4.093244416278325,1.4998609949574946,1.1804198026657104
target_only_LSTM_from_scratch,72.0,exp3_cellB,3,1.0,0.7738294336290892,0.8330355882644653,3.775501922005038,4.064367841167702,1.528832026113139,1.1928361654281616
target_only_LSTM_from_scratch,72.0,exp3_cellC,3,0.6,0.8971296129961095,0.881269633769989,4.324958549151195,4.248499415766566,1.1023593275514205,1.0985796451568604
target_only_LSTM_from_scratch,72.0,exp3_cellC,3,0.7,0.88686539707305,0.8694956302642822,4.275475946232187,4.191738300781542,1.1325279115772933,1.1151349544525146
target_only_LSTM_from_scratch,72.0,exp3_cellC,3,0.8,0.8684117953983999,0.8607248663902283,4.186513257709548,4.149455458202093,1.1626964956031665,1.1316606998443604
target_only_LSTM_from_scratch,72.0,exp3_cellC,3,0.9,0.8524862852889896,0.8531081080436707,4.109738207483236,4.112735943373297,1.4009633705973525,1.1488282680511475
target_only_LSTM_from_scratch,72.0,exp3_cellC,3,1.0,0.8263742910997344,0.8464177846908569,3.983855290602311,4.080482664959375,1.6392302455915388,1.1640151739120483
target_only_LSTM_from_scratch,72.0,exp3_cellD,3,0.5454545454545454,0.8848983577362085,0.895210862159729,4.309725245858735,4.359950291790311,1.1118191520181597,1.1181107759475708
target_only_LSTM_from_scratch,72.0,exp3_cellD,3,0.6363636363636364,0.887787311867856,0.8797319531440735,4.323795334752494,4.284563277700035,1.1253571792920565,1.1280936002731323
target_only_LSTM_from_scratch,72.0,exp3_cellD,3,0.7272727272727273,0.857549518588028,0.8685767650604248,4.176528047003746,4.2302341049921175,1.1388952065659532,1.1399458646774292
target_only_LSTM_from_scratch,72.0,exp3_cellD,3,0.8181818181818182,0.8543504418842668,0.8595622181892395,4.160947566473859,4.18633050873038,1.1607064304892893,1.1522531509399414
target_only_LSTM_from_scratch,72.0,exp3_cellD,3,0.9090909090909092,0.8353594218833993,0.851763129234314,4.068455499303874,4.148346563715805,1.1825176544126255,1.1651133298873901
target_only_LSTM_from_scratch,72.0,exp3_cellD,3,1.0,0.855786983777141,0.8449353575706482,4.167943964205111,4.1150932305452725,1.1825176544126255,1.1782585382461548
target_only_LSTM_from_scratch,72.0,exp3_cellE,3,0.5454545454545454,0.8764127304458983,0.8953655362129211,4.279353494087043,4.37189637116346,1.1102010880588071,1.1176337003707886
target_only_LSTM_from_scratch,72.0,exp3_cellE,3,0.6363636363636364,0.8880560096373777,0.8796594738960266,4.336205369647247,4.295206713061443,1.1392512618921713,1.1270922422409058
target_only_LSTM_from_scratch,72.0,exp3_cellE,3,0.7272727272727273,0.8458131769523313,0.8685219287872314,4.1299418052659815,4.240824239004242,1.1683014357255352,1.1389667987823486
target_only_LSTM_from_scratch,72.0,exp3_cellE,3,0.8181818181818182,0.8390560662996611,0.8595284223556519,4.096948143630413,4.196910690244524,1.19957109054225,1.151411533355713
target_only_LSTM_from_scratch,72.0,exp3_cellE,3,0.9090909090909092,0.8260574309036003,0.8517284393310547,4.033478326422035,4.158824884949172,1.230840745358965,1.16444730758667
target_only_LSTM_from_scratch,72.0,exp3_cellE,3,1.0,0.8534566359036194,0.8448930382728577,4.167263333849283,4.125448946437873,1.230840745358965,1.177709937095642
target_only_LSTM_from_scratch,72.0,exp3_cellF,3,0.5454545454545454,0.8960881611931472,0.898500382900238,4.394232365009932,4.4060614050039035,1.0509728244971537,1.110171914100647
target_only_LSTM_from_scratch,72.0,exp3_cellF,3,0.6363636363636364,0.8986372589960113,0.8831433653831482,4.406732617275297,4.33075374407714,1.0565565302232416,1.1204442977905273
target_only_LSTM_from_scratch,72.0,exp3_cellF,3,0.7272727272727273,0.8858910640415816,0.8712677955627441,4.344227894163116,4.2725183878726,1.0621402359493297,1.1328532695770264
target_only_LSTM_from_scratch,72.0,exp3_cellF,3,0.8181818181818182,0.8819147159986288,0.862055242061615,4.3247286997516845,4.227341916949086,1.0723233425722347,1.1462420225143433
target_only_LSTM_from_scratch,72.0,exp3_cellF,3,0.9090909090909092,0.8722484867937208,0.8540828824043274,4.277327496321819,4.1882471020093295,1.0825064491951395,1.1595344543457031
target_only_LSTM_from_scratch,72.0,exp3_cellF,3,1.0,0.8792906733199577,0.8471190929412842,4.31186093320243,4.154098108230777,1.0825064491951395,1.1728953123092651
target_only_LSTM_from_scratch,72.0,exp3_cellG,3,0.5454545454545454,0.9130515923888205,0.9159204363822937,4.446549073970472,4.460520305945621,1.1117924779760167,1.1009209156036377
target_only_LSTM_from_scratch,72.0,exp3_cellG,3,0.6363636363636364,0.9036316373179148,0.9018216729164124,4.400674018446181,4.391859515957483,1.137557999044256,1.1107563972473145
target_only_LSTM_from_scratch,72.0,exp3_cellG,3,0.7272727272727273,0.8821256532598138,0.8870744705200195,4.295940162993191,4.320040837028538,1.1633235201124954,1.1229199171066284
target_only_LSTM_from_scratch,72.0,exp3_cellG,3,0.8181818181818182,0.8846423550385656,0.8753162622451782,4.308196467080554,4.262778519595567,1.2051773476963223,1.1370081901550293
target_only_LSTM_from_scratch,72.0,exp3_cellG,3,0.9090909090909092,0.8614075712479565,0.866219162940979,4.195043379994058,4.218475767347939,1.247031175280149,1.1487957239151
target_only_LSTM_from_scratch,72.0,exp3_cellG,3,1.0,0.8355233939574123,0.8582677841186523,4.068987781908266,4.179752658562046,1.247031175280149,1.1609859466552734
target_only_LSTM_from_scratch,72.0,exp3_cellH,3,0.5833333333333334,0.9101151599695884,0.9011965394020081,4.405421300679533,4.362250630912413,1.152916864042138,1.1155829429626465
target_only_LSTM_from_scratch,72.0,exp3_cellH,3,0.6666666666666666,0.8958425179469541,0.8863741755485535,4.336334437885612,4.290502834239502,1.1742413337529805,1.1285581588745117
target_only_LSTM_from_scratch,72.0,exp3_cellH,3,0.75,0.8921058581696183,0.874697744846344,4.318247099820594,4.233982957641533,1.2052971567773032,1.1409924030303955
target_only_LSTM_from_scratch,72.0,exp3_cellH,3,0.8333333333333334,0.8780266203909394,0.8654959797859192,4.250096412154215,4.189441724197627,1.2363529798016262,1.1516516208648682
target_only_LSTM_from_scratch,72.0,exp3_cellH,3,0.9166666666666666,0.856822653409808,0.8574031591415405,4.147458403354644,4.15026834700598,1.2531625041290193,1.1630635261535645
target_only_LSTM_from_scratch,72.0,exp3_cellH,3,1.0,0.8550103327900257,0.8502922654151917,4.1386858477339725,4.11584799662969,1.2699720284564129,1.1751556396484375
target_only_LSTM_from_scratch,72.0,exp3_cellI,3,0.5833333333333334,0.9065722790690582,0.8966900706291199,4.392877937974479,4.3449928035659475,1.1542619400491336,1.123307466506958
target_only_LSTM_from_scratch,72.0,exp3_cellI,3,0.6666666666666666,0.8895981239088468,0.8823553919792175,4.310628134576985,4.27553282222417,1.1765678882144186,1.1353968381881714
target_only_LSTM_from_scratch,72.0,exp3_cellI,3,0.75,0.8910378061334746,0.871723473072052,4.317604244952602,4.224014897968223,1.2131443205798447,1.1454015970230103
target_only_LSTM_from_scratch,72.0,exp3_cellI,3,0.8333333333333334,0.876207266900275,0.8628355264663696,4.245741526325592,4.180947549165002,1.2497207529452707,1.155439853668213
target_only_LSTM_from_scratch,72.0,exp3_cellI,3,0.9166666666666666,0.848484709734731,0.8550002574920654,4.111409369289189,4.142981044993199,1.27719374175336,1.166679859161377
target_only_LSTM_from_scratch,72.0,exp3_cellI,3,1.0,0.8512971333711653,0.848048210144043,4.125037222280036,4.109294271060246,1.3046667305614497,1.1789610385894775
target_only_LSTM_from_scratch,72.0,exp4_cellA,4,0.5555555555555556,0.911691872614689,0.9157152771949768,4.472674533016423,4.492412977268058,1.067734335942842,1.0870612859725952
target_only_LSTM_from_scratch,72.0,exp4_cellA,4,0.6666666666666666,0.9027280630329916,0.9083203077316284,4.428698926740714,4.456133952978532,1.1125671748506414,1.0871078968048096
target_only_LSTM_from_scratch,72.0,exp4_cellA,4,0.7777777777777778,0.8975989791621065,0.9031120538711548,4.403536123938469,4.430582749657594,1.1173135353886186,1.08146333694458
target_only_LSTM_from_scratch,72.0,exp4_cellA,4,0.8888888888888888,0.888880028710196,0.8989986181259155,4.360761773511224,4.410402620983016,1.122059895926596,1.0780482292175293
target_only_LSTM_from_scratch,72.0,exp4_cellA,4,1.0,0.8816852587888638,0.8960772752761841,4.325464909335212,4.396070787872856,1.122059895926596,1.078607439994812
target_only_LSTM_from_scratch,72.0,exp4_cellB,4,0.5555555555555556,0.8965273433264614,0.9151928424835205,4.353698434041002,4.444341463565524,1.0712715811958393,1.1028867959976196
target_only_LSTM_from_scratch,72.0,exp4_cellB,4,0.6666666666666666,0.8473381548652769,0.9076036810874939,4.114826865461052,4.4074871274077765,1.1095998862805168,1.1016528606414795
target_only_LSTM_from_scratch,72.0,exp4_cellB,4,0.7777777777777778,0.7966265675802644,0.9021599888801575,3.8685622536854622,4.3810515764846505,1.1835435772385512,1.0857833623886108
target_only_LSTM_from_scratch,72.0,exp4_cellB,4,0.8888888888888888,0.733695243755318,0.8982700109481812,3.562956397903964,4.362161142236364,1.2574872681965856,1.0791237354278564
target_only_LSTM_from_scratch,72.0,exp4_cellB,4,1.0,0.6260958680860047,0.8936723470687866,3.0404344281700237,4.339834057422981,1.2574872681965856,1.083434820175171
target_only_LSTM_from_scratch,72.0,exp4_cellC,4,0.5555555555555556,0.896165286677176,0.9011313319206238,4.370752838666638,4.394973098776496,1.262270345598159,1.7022221088409424
target_only_LSTM_from_scratch,72.0,exp4_cellC,4,0.6666666666666666,0.856391265128893,0.885246217250824,4.176768068031387,4.317498651743397,1.0993217703645564,1.8176809549331665
target_only_LSTM_from_scratch,72.0,exp4_cellC,4,0.7777777777777778,0.8005060665908709,0.8683243989944458,3.9042063053958542,4.2349680223171,1.2222356651812845,1.5122116804122925
target_only_LSTM_from_scratch,72.0,exp4_cellC,4,0.8888888888888888,0.6967940421631312,0.8584933876991272,3.398384854921955,4.1870204827674495,1.3451495599980128,1.1907973289489746
target_only_LSTM_from_scratch,72.0,exp4_cellC,4,1.0,0.607383466208973,0.855510950088501,2.962314037999953,4.172474619580621,1.3451495599980128,1.1534632444381714
target_only_LSTM_from_scratch,72.0,exp4_cellD,4,0.5555555555555556,0.9022812448120208,0.9023884534835815,4.372488325204205,4.373007862396688,1.0643641147474425,1.0829365253448486
target_only_LSTM_from_scratch,72.0,exp4_cellD,4,0.6666666666666666,0.8923975704406814,0.8961010575294495,4.3245916731932175,4.34253890877114,1.0742102663696715,1.0905247926712036
target_only_LSTM_from_scratch,72.0,exp4_cellD,4,0.7777777777777778,0.8835104800098998,0.8907016515731812,4.281524503863191,4.31637318755886,1.0741775775599118,1.102049469947815
target_only_LSTM_from_scratch,72.0,exp4_cellD,4,0.8888888888888888,0.875958910819128,0.8858331441879272,4.244929319918632,4.292780220481695,1.0741448887501521,1.112788200378418
target_only_LSTM_from_scratch,72.0,exp4_cellD,4,1.0,0.8644348045140147,0.8812336325645447,4.18908307400889,4.270490816827881,1.0741448887501521,1.1240466833114624
target_only_LSTM_from_scratch,72.0,exp4_cellE,4,0.5555555555555556,0.9031626739282209,0.9019543528556824,4.380760041797061,4.374899121250804,1.0669487385914673,1.0830259323120117
target_only_LSTM_from_scratch,72.0,exp4_cellE,4,0.6666666666666666,0.8936768436122088,0.8956729769706726,4.334749342272785,4.344431519700271,1.0718064659333733,1.0912225246429443
target_only_LSTM_from_scratch,72.0,exp4_cellE,4,0.7777777777777778,0.8845789877852711,0.8901763558387756,4.290620499902306,4.317770344571343,1.0895330986657066,1.1033629179000854
target_only_LSTM_from_scratch,72.0,exp4_cellE,4,0.8888888888888888,0.8769456365435554,0.8852158784866333,4.253595187552686,4.293709716735619,1.1072597313980397,1.1144243478775024
target_only_LSTM_from_scratch,72.0,exp4_cellE,4,1.0,0.866417081765175,0.8804512619972229,4.202526788246066,4.270599105398557,1.1072597313980397,1.1266722679138184
target_only_LSTM_from_scratch,72.0,exp4_cellF,4,0.5555555555555556,0.8809606852792798,0.8853587508201599,4.27549648019382,4.296841262150501,1.1248434980139999,1.1203899383544922
target_only_LSTM_from_scratch,72.0,exp4_cellF,4,0.6666666666666666,0.8675851222355931,0.8779574632644653,4.210581923086469,4.2609211814680785,1.1481679921046537,1.138866662979126
target_only_LSTM_from_scratch,72.0,exp4_cellF,4,0.7777777777777778,0.8544207557354694,0.871096670627594,4.146692349379309,4.227624241819762,1.138748075171229,1.1563020944595337
target_only_LSTM_from_scratch,72.0,exp4_cellF,4,0.8888888888888888,0.8417297823861739,0.8647074699401855,4.085100257028508,4.196616041900368,1.129328158237804,1.1719064712524414
target_only_LSTM_from_scratch,72.0,exp4_cellF,4,1.0,0.82925677614945,0.8586821556091309,4.024566007142383,4.167373862714677,1.129328158237804,1.1864299774169922
target_only_LSTM_from_scratch,72.0,exp4_cellG,4,0.5555555555555556,0.8780279430687331,0.8840612769126892,4.248364841997807,4.277557310853769,1.1238179341122128,1.123745322227478
target_only_LSTM_from_scratch,72.0,exp4_cellG,4,0.6666666666666666,0.8647319796128923,0.8765807747840881,4.184031919415798,4.241362674345315,1.1471082309620073,1.1423619985580444
target_only_LSTM_from_scratch,72.0,exp4_cellG,4,0.7777777777777778,0.8502466450778778,0.8696510791778564,4.113944188781564,4.207833131906873,1.1465147414639307,1.159972906112671
target_only_LSTM_from_scratch,72.0,exp4_cellG,4,0.8888888888888888,0.8388371519855474,0.8631467223167419,4.058739010289107,4.176361603891502,1.1459212519658541,1.1760289669036865
target_only_LSTM_from_scratch,72.0,exp4_cellG,4,1.0,0.823557638651194,0.8570433855056763,3.984808621438804,4.146830423555283,1.1459212519658541,1.19076669216156
target_only_LSTM_from_scratch,72.0,exp4_cellH,4,0.5555555555555556,0.8799346262856523,0.8854515552520752,4.2794830399062285,4.306314128533612,1.1203208313975448,1.1188914775848389
target_only_LSTM_from_scratch,72.0,exp4_cellH,4,0.6666666666666666,0.8664328187037518,0.8781270384788513,4.21381821114648,4.270691998922878,1.1454743242688907,1.1376527547836304
target_only_LSTM_from_scratch,72.0,exp4_cellH,4,0.7777777777777778,0.8527671069811423,0.8713090419769287,4.147356249316409,4.2375332851678795,1.1762497763661797,1.15537691116333
target_only_LSTM_from_scratch,72.0,exp4_cellH,4,0.8888888888888888,0.8397879246540428,0.8649322986602783,4.084233161553476,4.206520566656468,1.2070252284634688,1.1711971759796143
target_only_LSTM_from_scratch,72.0,exp4_cellH,4,1.0,0.827136982019207,0.8589031100273132,4.022706438059098,4.177198149139972,1.2070252284634688,1.1858609914779663
target_only_LSTM_from_scratch,72.0,exp5_cellA,5,0.5333333333333333,0.8044691536942838,0.802392303943634,3.924912141,3.9147794307973465,1.2063797378032324,1.2380247116088867
target_only_LSTM_from_scratch,72.0,exp5_cellA,5,0.6,0.7915716013752708,0.797837495803833,3.861986472,3.892557047644761,1.2350145971619613,1.244016408920288
target_only_LSTM_from_scratch,72.0,exp5_cellA,5,0.6666666666666666,0.7817580260973462,0.7949497699737549,3.814107171,3.878468166650002,1.2636494565206902,1.2535126209259033
target_only_LSTM_from_scratch,72.0,exp5_cellA,5,0.7333333333333333,0.7690068432998406,0.7930751442909241,3.751895622,3.8693220843315133,1.2998531789224779,1.2616039514541626
target_only_LSTM_from_scratch,72.0,exp5_cellA,5,0.8,0.7560403342356591,0.7918945550918579,3.688633521,3.863562125904681,1.336056901324266,1.268397569656372
target_only_LSTM_from_scratch,72.0,exp5_cellA,5,0.8666666666666667,0.7455051429921409,0.7912346124649048,3.637233539,3.860342342004954,1.3523752966828282,1.2736433744430542
target_only_LSTM_from_scratch,72.0,exp5_cellA,5,0.9333333333333332,0.730968649254188,0.7909652590751648,3.566311664,3.8590281979078744,1.3686936920413904,1.277766227722168
target_only_LSTM_from_scratch,72.0,exp5_cellA,5,1.0,0.7223409558959908,0.791009783744812,3.524218144,3.8592454286316005,1.3686936920413904,1.280612587928772
target_only_LSTM_from_scratch,72.0,exp5_cellB,5,0.5333333333333333,0.8143553276793362,0.816591739654541,3.959118123,3.9699907959973757,1.191444056407467,1.2116734981536865
target_only_LSTM_from_scratch,72.0,exp5_cellB,5,0.6,0.8065707255620619,0.8086085319519043,3.92127204,3.9311791603134156,1.2036275403487529,1.233018398284912
target_only_LSTM_from_scratch,72.0,exp5_cellB,5,0.6666666666666666,0.8007887687293093,0.8021942377090454,3.893162136,3.8999950472855986,1.2158110242900386,1.245376706123352
target_only_LSTM_from_scratch,72.0,exp5_cellB,5,0.7333333333333333,0.7934484824068493,0.7974101305007935,3.857476165,3.8767363481566317,1.2290721055376792,1.253228783607483
target_only_LSTM_from_scratch,72.0,exp5_cellB,5,0.8,0.7866488837091813,0.7943705320358276,3.824418833,3.8619588561205904,1.2423331867853196,1.2605128288269043
target_only_LSTM_from_scratch,72.0,exp5_cellB,5,0.8666666666666667,0.7825607629831625,0.792710542678833,3.804543783,3.853888553485016,1.2620825999439529,1.2684030532836914
target_only_LSTM_from_scratch,72.0,exp5_cellB,5,0.9333333333333332,0.7757626314800493,0.7919502258300781,3.771493584,3.8501921520336913,1.281832013102586,1.274649739265442
target_only_LSTM_from_scratch,72.0,exp5_cellB,5,1.0,0.7725232717995762,0.7917570471763611,3.755744921,3.849252983242241,1.281832013102586,1.279073715209961
target_only_LSTM_from_scratch,72.0,exp5_cellC,5,0.5333333333333333,0.8214546359438883,0.8190207481384277,4.012352958,4.0004647580819865,1.1912918944993611,1.1970816850662231
target_only_LSTM_from_scratch,72.0,exp5_cellC,5,0.6,0.8140619179825401,0.8110970854759216,3.976243607,3.961762034972305,1.1932901956847763,1.2231602668762207
target_only_LSTM_from_scratch,72.0,exp5_cellC,5,0.6666666666666666,0.8081618464949624,0.8045139312744141,3.947425011,3.929606956557003,1.1952884968701913,1.2394013404846191
target_only_LSTM_from_scratch,72.0,exp5_cellC,5,0.7333333333333333,0.8007939995087437,0.7992953062057495,3.911437141,3.904116850573379,1.215425593808408,1.24919593334198
target_only_LSTM_from_scratch,72.0,exp5_cellC,5,0.8,0.7932565004152995,0.7957628965377808,3.874620614,3.886862977066589,1.2355626907466244,1.2563453912734985
target_only_LSTM_from_scratch,72.0,exp5_cellC,5,0.8666666666666667,0.7884116982953278,0.7937076091766357,3.850956427,3.8768240315640723,1.2535908385505172,1.26459538936615
target_only_LSTM_from_scratch,72.0,exp5_cellC,5,0.9333333333333332,0.7817976432498098,0.7926841378211975,3.818650415,3.8718249383205334,1.2716189863544103,1.2712838649749756
target_only_LSTM_from_scratch,72.0,exp5_cellC,5,1.0,0.7777849401692979,0.7923123240470886,3.799050573,3.870008833046921,1.2716189863544103,1.2761378288269043
target_only_LSTM_from_scratch,72.0,exp5_cellD,5,0.5333333333333333,0.862591076376204,0.8592694401741028,4.192222457,4.176079190205573,1.1210099277230234,1.1491690874099731
target_only_LSTM_from_scratch,72.0,exp5_cellD,5,0.6,0.8552786413642833,0.849696934223175,4.15668377,4.129556480295526,1.1303166616459792,1.174654483795166
target_only_LSTM_from_scratch,72.0,exp5_cellD,5,0.6666666666666666,0.8493641208923439,0.8400232791900635,4.127938996,4.082542182348633,1.139623395568935,1.197317361831665
target_only_LSTM_from_scratch,72.0,exp5_cellD,5,0.7333333333333333,0.8407250784462886,0.830899715423584,4.085952951,4.038201346978079,1.145763977123925,1.217365026473999
target_only_LSTM_from_scratch,72.0,exp5_cellD,5,0.8,0.8330016712553935,0.8228213787078857,4.048416925,3.9989403512151367,1.1519045586789147,1.2346436977386475
target_only_LSTM_from_scratch,72.0,exp5_cellD,5,0.8666666666666667,0.8255998395543926,0.8160874843597412,4.012443767000001,3.9662133918452893,1.1733459434437157,1.2493371963500977
target_only_LSTM_from_scratch,72.0,exp5_cellD,5,0.9333333333333332,0.8173156266826287,0.8107860684394836,3.972182206,3.9404483271657793,1.1947873282085169,1.2611204385757446
target_only_LSTM_from_scratch,72.0,exp5_cellD,5,1.0,0.8103250072823504,0.8067907094955444,3.938207554,3.9210307445507087,1.1947873282085169,1.2704936265945435
target_only_LSTM_from_scratch,72.0,exp5_cellE,5,0.5333333333333333,0.8656172401950055,0.8619892597198486,4.211511139000001,4.193859826764403,1.1208975213605896,1.140969157218933
target_only_LSTM_from_scratch,72.0,exp5_cellE,5,0.6,0.8583629495272422,0.8525412678718567,4.176216641,4.147892254653622,1.1205962447236646,1.1668635606765747
target_only_LSTM_from_scratch,72.0,exp5_cellE,5,0.6666666666666666,0.851483072523713,0.8428564667701721,4.142743788,4.10077252802993,1.1202949680867398,1.189845085144043
target_only_LSTM_from_scratch,72.0,exp5_cellE,5,0.7333333333333333,0.8441469335073652,0.8336551785469055,4.107051071,4.056005249784978,1.1287087838725094,1.2095191478729248
target_only_LSTM_from_scratch,72.0,exp5_cellE,5,0.8,0.8366904562340003,0.8252813220024109,4.070772869,4.015263697426822,1.1371225996582792,1.2277944087982178
target_only_LSTM_from_scratch,72.0,exp5_cellE,5,0.8666666666666667,0.8299388540553875,0.8181719779968262,4.037924115,3.980674412370811,1.1538529249624887,1.243240475654602
target_only_LSTM_from_scratch,72.0,exp5_cellE,5,0.9333333333333332,0.8222797423134317,0.812488853931427,4.00066003,3.953024154041442,1.1705832502666982,1.255763292312622
target_only_LSTM_from_scratch,72.0,exp5_cellE,5,1.0,0.8160525188402225,0.8081464767456055,3.97036255,3.9318970680285674,1.1705832502666982,1.2658249139785767
target_only_LSTM_from_scratch,72.0,exp5_cellF,5,0.5333333333333333,0.8522315864914315,0.8523092865943909,4.121763642,4.122139433585802,1.1883123049065991,1.204766869544983
target_only_LSTM_from_scratch,72.0,exp5_cellF,5,0.6,0.8423039313668911,0.8418676257133484,4.073749171999999,4.071639007570428,1.2087664381431986,1.227301001548767
target_only_LSTM_from_scratch,72.0,exp5_cellF,5,0.6666666666666666,0.8322107221075873,0.8323566913604736,4.02493401,4.02563998096955,1.2292205713797981,1.2455637454986572
target_only_LSTM_from_scratch,72.0,exp5_cellF,5,0.7333333333333333,0.8210154999509715,0.824207067489624,3.970789033,3.9862248455776155,1.2371509847644246,1.2602152824401855
target_only_LSTM_from_scratch,72.0,exp5_cellF,5,0.8,0.8096480195495653,0.8174933195114136,3.91581094,3.9537542322410877,1.2450813981490514,1.2731168270111084
target_only_LSTM_from_scratch,72.0,exp5_cellF,5,0.8666666666666667,0.7985219847016456,0.8122075796127319,3.862000583,3.928190088784321,1.284781990745257,1.2835438251495361
target_only_LSTM_from_scratch,72.0,exp5_cellF,5,0.9333333333333332,0.7866654996007033,0.8081951141357422,3.80465745,3.908784055752943,1.3244825833414624,1.2920866012573242
target_only_LSTM_from_scratch,72.0,exp5_cellF,5,1.0,0.7678683443349683,0.8052533268928528,3.713746209,3.894556289624067,1.3244825833414624,1.2985485792160034
target_only_LSTM_from_scratch,72.0,exp5_cellG,5,0.5333333333333333,0.8498714817160511,0.8499486446380615,4.123182213,4.123556571705264,1.2228939135477763,1.2144396305084229
target_only_LSTM_from_scratch,72.0,exp5_cellG,5,0.6,0.8400058427597255,0.8396737575531006,4.075318709,4.073707585616508,1.236867862376435,1.2335948944091797
target_only_LSTM_from_scratch,72.0,exp5_cellG,5,0.6666666666666666,0.8299328251567766,0.8304185271263123,4.0264491,4.028805500661385,1.250841811205094,1.2502787113189697
target_only_LSTM_from_scratch,72.0,exp5_cellG,5,0.7333333333333333,0.8194936798065443,0.8225460052490234,3.975803209,3.990611676213543,1.2541946824482297,1.2643972635269165
target_only_LSTM_from_scratch,72.0,exp5_cellG,5,0.8,0.8085936348705501,0.8161731958389282,3.922921247,3.959693761008897,1.2575475536913652,1.2757160663604736
target_only_LSTM_from_scratch,72.0,exp5_cellG,5,0.8666666666666667,0.7978404378562369,0.8111579418182373,3.870751723,3.935362074846143,1.316380148152523,1.2861621379852295
target_only_LSTM_from_scratch,72.0,exp5_cellG,5,0.9333333333333332,0.7855218228441083,0.8073693513870239,3.810987517,3.9169815914267216,1.3752127426136804,1.2943596839904785
target_only_LSTM_from_scratch,72.0,exp5_cellG,5,1.0,0.7696642878933628,0.8046188354492188,3.734054113,3.903637363934311,1.3752127426136804,1.3006396293640137
target_only_LSTM_from_scratch,72.0,exp5_cellH,5,0.5333333333333333,0.8526440302059033,0.8523517847061157,4.133824681,4.132407804065271,1.1977016713887478,1.2040929794311523
target_only_LSTM_from_scratch,72.0,exp5_cellH,5,0.6,0.8431704595629644,0.8420050144195557,4.0878945170000005,4.082244156793982,1.2144315202885887,1.2262033224105835
target_only_LSTM_from_scratch,72.0,exp5_cellH,5,0.6666666666666666,0.8318238318782536,0.8325251340866089,4.032883319,4.036283401889267,1.2311613691884293,1.2444061040878296
target_only_LSTM_from_scratch,72.0,exp5_cellH,5,0.7333333333333333,0.8228976751117055,0.8243662714958191,3.98960715,3.9967272608129614,1.2292285687011615,1.2591252326965332
target_only_LSTM_from_scratch,72.0,exp5_cellH,5,0.8,0.8125378294201961,0.8176335692405701,3.93938011,3.9640854903124962,1.2272957682138939,1.2718896865844727
target_only_LSTM_from_scratch,72.0,exp5_cellH,5,0.8666666666666667,0.8025090494980701,0.8123117685317993,3.890758157,3.938284112084389,1.2802798968420732,1.2824501991271973
target_only_LSTM_from_scratch,72.0,exp5_cellH,5,0.9333333333333332,0.7914666613646212,0.8082630038261414,3.837221986,3.9186547205975706,1.333264025470253,1.2909185886383057
target_only_LSTM_from_scratch,72.0,exp5_cellH,5,1.0,0.7759335636988509,0.8052870631217957,3.761913768,3.904226639596586,1.333264025470253,1.2974603176116943
source_pretrained_head_adapted,82.0,exp1_cellA,1,0.5714285714285714,0.8549561721374236,0.9162362813949585,4.161854263183007,4.460160646917491,1.1526787381402472,1.0774155855178833
source_pretrained_head_adapted,82.0,exp1_cellA,1,0.6428571428571429,0.8339231857086502,0.9162362813949585,4.059467465954306,4.460160646917491,1.1764673298760704,1.0774155855178833
source_pretrained_head_adapted,82.0,exp1_cellA,1,0.7142857142857143,0.818224933858435,0.9162362813949585,3.983049705001716,4.460160646917491,1.2002559216118935,1.0774155855178833
source_pretrained_head_adapted,82.0,exp1_cellA,1,0.7857142857142857,0.7639284558682716,0.9162362813949585,3.718739047024665,4.460160646917491,1.3340435794062142,1.0774155855178833
source_pretrained_head_adapted,82.0,exp1_cellA,1,0.8571428571428571,0.7250005917778434,0.9162362813949585,3.52924150036526,4.460160646917491,1.4678312372005347,1.0774155855178833
source_pretrained_head_adapted,82.0,exp1_cellA,1,0.9285714285714286,0.6434004407516708,0.9162362813949585,3.132018873647892,4.460160646917491,1.6131902334747197,1.0774155855178833
source_pretrained_head_adapted,82.0,exp1_cellA,1,1.0,0.5856790719679541,0.9162362813949585,2.8510361372478603,4.460160646917491,1.7585492297489045,1.0774155855178833
source_pretrained_head_adapted,82.0,exp1_cellB,1,0.5714285714285714,0.8593055242284461,0.9162362813949585,4.176906007468412,4.453634615529023,1.1371669739008392,1.0774155855178833
source_pretrained_head_adapted,82.0,exp1_cellB,1,0.6428571428571429,0.8383723891509776,0.9162362813949585,4.075154377582485,4.453634615529023,1.1910745065479214,1.0774155855178833
source_pretrained_head_adapted,82.0,exp1_cellB,1,0.7142857142857143,0.7994437874381211,0.9162362813949585,3.885930515088674,4.453634615529023,1.244982039195004,1.0774155855178833
source_pretrained_head_adapted,82.0,exp1_cellB,1,0.7857142857142857,0.7144807798517927,0.9162362813949585,3.47294294920684,4.453634615529023,1.404277943400622,1.0774155855178833
source_pretrained_head_adapted,82.0,exp1_cellB,1,0.8571428571428571,0.6308130172936719,0.9162362813949585,3.066251300885086,4.453634615529023,1.5635738476062404,1.0774155855178833
source_pretrained_head_adapted,82.0,exp1_cellB,1,0.9285714285714286,0.5586363849136401,0.9162362813949585,2.71541565409033,4.453634615529023,1.7772623308717677,1.0774155855178833
source_pretrained_head_adapted,82.0,exp1_cellB,1,1.0,0.492781344774241,0.9162362813949585,2.395307956624624,4.453634615529023,1.9909508141372947,1.0774155855178833
source_pretrained_head_adapted,82.0,exp1_cellD,1,0.5384615384615384,0.8181553504521012,0.9162362813949585,4.002078276099845,4.481849706805705,1.1916693068263018,1.0774155855178833
source_pretrained_head_adapted,82.0,exp1_cellD,1,0.6153846153846154,0.8129632683847705,0.9162362813949585,3.976680753688106,4.481849706805705,1.2118230578580662,1.0774155855178833
source_pretrained_head_adapted,82.0,exp1_cellD,1,0.6923076923076923,0.8031377766449331,0.9162362813949585,3.928618503624872,4.481849706805705,1.2083870831053638,1.0774155855178833
source_pretrained_head_adapted,82.0,exp1_cellD,1,0.7692307692307693,0.7984539437080421,0.9162362813949585,3.905707126176501,4.481849706805705,1.2049511083526614,1.0774155855178833
source_pretrained_head_adapted,82.0,exp1_cellD,1,0.8461538461538461,0.7884549637044503,0.9162362813949585,3.856796243135256,4.481849706805705,1.2043092563409348,1.0774155855178833
source_pretrained_head_adapted,82.0,exp1_cellD,1,0.9230769230769232,0.7820982650781715,0.9162362813949585,3.825701897219304,4.481849706805705,1.2036674043292082,1.0774155855178833
source_pretrained_head_adapted,82.0,exp1_cellD,1,1.0,0.7696990653997923,0.9162362813949585,3.765050130233432,4.481849706805705,1.2036674043292082,1.0774155855178833
source_pretrained_head_adapted,82.0,exp1_cellE,1,0.5714285714285714,0.7961913353698228,0.9162362813949585,3.865615255227751,4.448449498773257,1.2205143504053828,1.0774155855178833
source_pretrained_head_adapted,82.0,exp1_cellE,1,0.6428571428571429,0.7814493934456567,0.9162362813949585,3.794041158572619,4.448449498773257,1.2289631743676406,1.0774155855178833
source_pretrained_head_adapted,82.0,exp1_cellE,1,0.7142857142857143,0.7731770269753371,0.9162362813949585,3.7538777146817752,4.448449498773257,1.2374119983298986,1.0774155855178833
source_pretrained_head_adapted,82.0,exp1_cellE,1,0.7857142857142857,0.7562960683651517,0.9162362813949585,3.671918406375449,4.448449498773257,1.2766134133528204,1.0774155855178833
source_pretrained_head_adapted,82.0,exp1_cellE,1,0.8571428571428571,0.7375311809904169,0.9162362813949585,3.580812372340662,4.448449498773257,1.3158148283757425,1.0774155855178833
source_pretrained_head_adapted,82.0,exp1_cellE,1,0.9285714285714286,0.6725044310535847,0.9162362813949585,3.265098817838162,4.448449498773257,1.5495855177442008,1.0774155855178833
source_pretrained_head_adapted,82.0,exp1_cellE,1,1.0,0.5587558414481429,0.9162362813949585,2.712834225514765,4.448449498773257,1.7833562071126594,1.0774155855178833
source_pretrained_head_adapted,82.0,exp1_cellF,1,0.5714285714285714,0.7914942251085741,0.9162362813949585,3.847663007702252,4.454067173711162,1.2061693643987719,1.0774155855178833
source_pretrained_head_adapted,82.0,exp1_cellF,1,0.6428571428571429,0.765044545670987,0.9162362813949585,3.7190841123557616,4.454067173711162,1.2562988315510932,1.0774155855178833
source_pretrained_head_adapted,82.0,exp1_cellF,1,0.7142857142857143,0.7502677805201031,0.9162362813949585,3.6472503442233912,4.454067173711162,1.3064282987034144,1.0774155855178833
source_pretrained_head_adapted,82.0,exp1_cellF,1,0.7857142857142857,0.6973659111361276,0.9162362813949585,3.3900803492823703,4.454067173711162,1.5300580379135538,1.0774155855178833
source_pretrained_head_adapted,82.0,exp1_cellF,1,0.8571428571428571,0.5855959939675742,0.9162362813949585,2.8467371864129323,4.454067173711162,1.7536877771236934,1.0774155855178833
source_pretrained_head_adapted,82.0,exp1_cellF,1,0.9285714285714286,0.5498386118680253,0.9162362813949585,2.672911083843661,4.454067173711162,1.9363589350491521,1.0774155855178833
source_pretrained_head_adapted,82.0,exp1_cellF,1,1.0,0.44945260077179,0.9162362813949585,2.184908102731843,4.454067173711162,2.119030092974611,1.0774155855178833
source_pretrained_head_adapted,82.0,exp1_cellJ,1,0.6,0.9283996811708648,0.9162362813949585,4.479245641129816,4.420560942575379,1.0461622608767824,1.0774155855178833
source_pretrained_head_adapted,82.0,exp1_cellJ,1,0.7,0.9084019156276106,0.9162362813949585,4.382762514348698,4.420560942575379,1.070007889842271,1.0774155855178833
source_pretrained_head_adapted,82.0,exp1_cellJ,1,0.8,0.8905796338743112,0.9162362813949585,4.296775434131507,4.420560942575379,1.0938535188077592,1.0774155855178833
source_pretrained_head_adapted,82.0,exp1_cellJ,1,0.9,0.8734456000301964,0.9162362813949585,4.214108940413596,4.420560942575379,1.1120970413504792,1.0774155855178833
source_pretrained_head_adapted,82.0,exp1_cellJ,1,1.0,0.8612822153989198,0.9162362813949585,4.155424314927384,4.420560942575379,1.130340563893199,1.0774155855178833
source_pretrained_head_adapted,82.0,exp1_cellK,1,0.6,0.8068862227834716,0.9162362813949585,3.918879495398503,4.449970113149919,1.1758467449275036,1.0774155855178833
source_pretrained_head_adapted,82.0,exp1_cellK,1,0.7,0.7961825254601345,0.9162362813949585,3.866893851349858,4.449970113149919,1.1973632239702936,1.0774155855178833
source_pretrained_head_adapted,82.0,exp1_cellK,1,0.8,0.7877533102337295,0.9162362813949585,3.825954896413799,4.449970113149919,1.2188797030130838,1.0774155855178833
source_pretrained_head_adapted,82.0,exp1_cellK,1,0.9,0.7790779761794198,0.9162362813949585,3.7838205932354807,4.449970113149919,1.2367410711453302,1.0774155855178833
source_pretrained_head_adapted,82.0,exp1_cellK,1,1.0,0.7717907926718258,0.9162362813949585,3.748428250150724,4.449970113149919,1.2546024392775765,1.0774155855178833
source_pretrained_head_adapted,82.0,exp1_cellL,1,0.6,0.8070037299410662,0.9162362813949585,3.911680712389937,4.441148977324146,1.1585168241866015,1.0774155855178833
source_pretrained_head_adapted,82.0,exp1_cellL,1,0.7,0.7977274944560124,0.9162362813949585,3.866717262923449,4.441148977324146,1.1769333624986371,1.0774155855178833
source_pretrained_head_adapted,82.0,exp1_cellL,1,0.8,0.7902851473030869,0.9162362813949585,3.830642973880033,4.441148977324146,1.1953499008106725,1.0774155855178833
source_pretrained_head_adapted,82.0,exp1_cellL,1,0.9,0.7826036305284555,0.9162362813949585,3.793409390075632,4.441148977324146,1.21332140108182,1.0774155855178833
source_pretrained_head_adapted,82.0,exp1_cellL,1,1.0,0.7761383115014312,0.9162362813949585,3.762070918146505,4.441148977324146,1.2312929013529677,1.0774155855178833
source_pretrained_head_adapted,82.0,exp1_cellM,1,0.6,0.8094657288379769,0.9162362813949585,3.907895631767987,4.423356831759568,1.1857881455883141,1.0774155855178833
source_pretrained_head_adapted,82.0,exp1_cellM,1,0.7,0.8010379454939867,0.9162362813949585,3.8672084271809,4.423356831759568,1.2026227698652867,1.0774155855178833
source_pretrained_head_adapted,82.0,exp1_cellM,1,0.8,0.794506580500605,0.9162362813949585,3.83567665033377,4.423356831759568,1.2194573941422593,1.0774155855178833
source_pretrained_head_adapted,82.0,exp1_cellM,1,0.9,0.7878186379024347,0.9162362813949585,3.803388956446564,4.423356831759568,1.2348615811671344,1.0774155855178833
source_pretrained_head_adapted,82.0,exp1_cellM,1,1.0,0.7831291042673945,0.9162362813949585,3.780749075158803,4.423356831759568,1.2502657681920093,1.0774155855178833
source_pretrained_head_adapted,82.0,exp2_cellA,2,0.5833333333333334,0.9249928121553804,0.9162362813949585,4.482643358757167,4.440207997159606,1.0317597793434083,1.0774155855178833
source_pretrained_head_adapted,82.0,exp2_cellA,2,0.6666666666666666,0.9189006441015372,0.9162362813949585,4.453119868079051,4.440207997159606,1.0351754162063005,1.0774155855178833
source_pretrained_head_adapted,82.0,exp2_cellA,2,0.75,0.9161023998591324,0.9162362813949585,4.439559188682886,4.440207997159606,1.0349482098005431,1.0774155855178833
source_pretrained_head_adapted,82.0,exp2_cellA,2,0.8333333333333334,0.9124277118108484,0.9162362813949585,4.42175114114059,4.440207997159606,1.034721003394786,1.0774155855178833
source_pretrained_head_adapted,82.0,exp2_cellA,2,0.9166666666666666,0.9109432059512895,0.9162362813949585,4.414557020013442,4.440207997159606,1.0360149698349184,1.0774155855178833
source_pretrained_head_adapted,82.0,exp2_cellA,2,1.0,0.9107642676506382,0.9162362813949585,4.413689860210143,4.440207997159606,1.037308936275051,1.0774155855178833
source_pretrained_head_adapted,82.0,exp2_cellB,2,0.5833333333333334,0.9215232607161805,0.9162362813949585,4.461646432162857,4.43604899644852,1.0185466313375071,1.0774155855178833
source_pretrained_head_adapted,82.0,exp2_cellB,2,0.6666666666666666,0.9108267995628626,0.9162362813949585,4.409858452655557,4.43604899644852,1.028362923646641,1.0774155855178833
source_pretrained_head_adapted,82.0,exp2_cellB,2,0.75,0.9058028992907209,0.9162362813949585,4.385534740297691,4.43604899644852,1.0297177633062533,1.0774155855178833
source_pretrained_head_adapted,82.0,exp2_cellB,2,0.8333333333333334,0.9001834664415093,0.9162362813949585,4.35832769779398,4.43604899644852,1.0310726029658654,1.0774155855178833
source_pretrained_head_adapted,82.0,exp2_cellB,2,0.9166666666666666,0.8956699538478909,0.9162362813949585,4.336475078095385,4.43604899644852,1.0299008119149284,1.0774155855178833
source_pretrained_head_adapted,82.0,exp2_cellB,2,1.0,0.8959111069771764,0.9162362813949585,4.337642644932543,4.43604899644852,1.0287290208639914,1.0774155855178833
source_pretrained_head_adapted,82.0,exp2_cellC,2,0.5833333333333334,0.9374129888404765,0.9162362813949585,4.529879087947729,4.427546471106463,1.0282826226508421,1.0774155855178833
source_pretrained_head_adapted,82.0,exp2_cellC,2,0.6666666666666666,0.9303869734073997,0.9162362813949585,4.495927136395126,4.427546471106463,1.0318308773780704,1.0774155855178833
source_pretrained_head_adapted,82.0,exp2_cellC,2,0.75,0.928262601289942,0.9162362813949585,4.485661491535869,4.427546471106463,1.0358076599085582,1.0774155855178833
source_pretrained_head_adapted,82.0,exp2_cellC,2,0.8333333333333334,0.9253155389115526,0.9162362813949585,4.471420344466575,4.427546471106463,1.0397844424390466,1.0774155855178833
source_pretrained_head_adapted,82.0,exp2_cellC,2,0.9166666666666666,0.9200752424845271,0.9162362813949585,4.446097557731145,4.427546471106463,1.0473832552450855,1.0774155855178833
source_pretrained_head_adapted,82.0,exp2_cellC,2,1.0,0.9180942687374104,0.9162362813949585,4.4365248596165845,4.427546471106463,1.0549820680511246,1.0774155855178833
source_pretrained_head_adapted,82.0,exp2_cellD,2,0.5833333333333334,0.934022005775634,0.9162362813949585,4.505097731281088,4.419311287213281,1.0483765989649787,1.0774155855178833
source_pretrained_head_adapted,82.0,exp2_cellD,2,0.6666666666666666,0.9250959575914592,0.9162362813949585,4.462044442198849,4.419311287213281,1.059262296343421,1.0774155855178833
source_pretrained_head_adapted,82.0,exp2_cellD,2,0.75,0.9199823232382219,0.9162362813949585,4.437379688712404,4.419311287213281,1.061095264542489,1.0774155855178833
source_pretrained_head_adapted,82.0,exp2_cellD,2,0.8333333333333334,0.9145132805755902,0.9162362813949585,4.411000683143643,4.419311287213281,1.0629282327415572,1.0774155855178833
source_pretrained_head_adapted,82.0,exp2_cellD,2,0.9166666666666666,0.9105086329801314,0.9162362813949585,4.391684940382421,4.419311287213281,1.0721670635052118,1.0774155855178833
source_pretrained_head_adapted,82.0,exp2_cellD,2,1.0,0.9100229179493048,0.9162362813949585,4.389342175790265,4.419311287213281,1.0814058942688665,1.0774155855178833
source_pretrained_head_adapted,82.0,exp2_cellE,2,0.5833333333333334,0.921390350630106,0.9162362813949585,4.466412726676465,4.441428527080396,1.0454157351444686,1.0774155855178833
source_pretrained_head_adapted,82.0,exp2_cellE,2,0.6666666666666666,0.9165428840789561,0.9162362813949585,4.442914774607194,4.441428527080396,1.0502823695220944,1.0774155855178833
source_pretrained_head_adapted,82.0,exp2_cellE,2,0.75,0.911727243647203,0.9162362813949585,4.419571098719151,4.441428527080396,1.0545276514730193,1.0774155855178833
source_pretrained_head_adapted,82.0,exp2_cellE,2,0.8333333333333334,0.9073976174354801,0.9162362813949585,4.39858336252182,4.441428527080396,1.058772933423944,1.0774155855178833
source_pretrained_head_adapted,82.0,exp2_cellE,2,0.9166666666666666,0.9031805240556576,0.9162362813949585,4.378141125929759,4.441428527080396,1.0621200206058443,1.0774155855178833
source_pretrained_head_adapted,82.0,exp2_cellE,2,1.0,0.8946822541703837,0.9162362813949585,4.336946011671876,4.441428527080396,1.0654671077877444,1.0774155855178833
source_pretrained_head_adapted,82.0,exp2_cellF,2,0.5833333333333334,0.9170734708438081,0.9162362813949585,4.427288669079348,4.423247030673481,1.0652078517860382,1.0774155855178833
source_pretrained_head_adapted,82.0,exp2_cellF,2,0.6666666666666666,0.9078142921608467,0.9162362813949585,4.382588807867206,4.423247030673481,1.070479113842055,1.0774155855178833
source_pretrained_head_adapted,82.0,exp2_cellF,2,0.75,0.9042943898734698,0.9162362813949585,4.36559603246958,4.423247030673481,1.0745110763335914,1.0774155855178833
source_pretrained_head_adapted,82.0,exp2_cellF,2,0.8333333333333334,0.8995338693582364,0.9162362813949585,4.342614014991067,4.423247030673481,1.0785430388251278,1.0774155855178833
source_pretrained_head_adapted,82.0,exp2_cellF,2,0.9166666666666666,0.8930768140394663,0.9162362813949585,4.3114417602511,4.423247030673481,1.0804146733474087,1.0774155855178833
source_pretrained_head_adapted,82.0,exp2_cellF,2,1.0,0.8916410271050312,0.9162362813949585,4.30451031644847,4.423247030673481,1.082286307869689,1.0774155855178833
source_pretrained_head_adapted,82.0,exp3_cellA,3,0.6,0.873949597840415,0.9162362813949585,4.2743657571259615,4.481184036594942,1.1336774373714231,1.0774155855178833
source_pretrained_head_adapted,82.0,exp3_cellA,3,0.7,0.8595327928385645,0.9162362813949585,4.203855171870993,4.481184036594942,1.1831843398251038,1.0774155855178833
source_pretrained_head_adapted,82.0,exp3_cellA,3,0.8,0.8376336737446474,0.9162362813949585,4.096749630547367,4.481184036594942,1.232691242278785,1.0774155855178833
source_pretrained_head_adapted,82.0,exp3_cellA,3,0.9,0.7791267852597307,0.9162362813949585,3.810600587955119,4.481184036594942,1.3508831141859985,1.0774155855178833
source_pretrained_head_adapted,82.0,exp3_cellA,3,1.0,0.7575357692124128,0.9162362813949585,3.705001935719038,4.481184036594942,1.4690749860932122,1.0774155855178833
source_pretrained_head_adapted,82.0,exp3_cellB,3,0.6,0.8436353663923807,0.9162362813949585,4.116083995859684,4.470302745133753,1.1659863773095838,1.0774155855178833
source_pretrained_head_adapted,82.0,exp3_cellB,3,0.7,0.8218953819738878,0.9162362813949585,4.010014945770124,4.470302745133753,1.318438170555717,1.0774155855178833
source_pretrained_head_adapted,82.0,exp3_cellB,3,0.8,0.7394175881654729,0.9162362813949585,3.607607056494019,4.470302745133753,1.47088996380185,1.0774155855178833
source_pretrained_head_adapted,82.0,exp3_cellB,3,0.9,0.7123684053550189,0.9162362813949585,3.4756345089901144,4.470302745133753,1.4998609949574946,1.0774155855178833
source_pretrained_head_adapted,82.0,exp3_cellB,3,1.0,0.7738294336290892,0.9162362813949585,3.775501922005038,4.470302745133753,1.528832026113139,1.0774155855178833
source_pretrained_head_adapted,82.0,exp3_cellC,3,0.6,0.8971296129961095,0.9162362813949585,4.324958549151195,4.417069597142827,1.1023593275514205,1.0774155855178833
source_pretrained_head_adapted,82.0,exp3_cellC,3,0.7,0.88686539707305,0.9162362813949585,4.275475946232187,4.417069597142827,1.1325279115772933,1.0774155855178833
source_pretrained_head_adapted,82.0,exp3_cellC,3,0.8,0.8684117953983999,0.9162362813949585,4.186513257709548,4.417069597142827,1.1626964956031665,1.0774155855178833
source_pretrained_head_adapted,82.0,exp3_cellC,3,0.9,0.8524862852889896,0.9162362813949585,4.109738207483236,4.417069597142827,1.4009633705973525,1.0774155855178833
source_pretrained_head_adapted,82.0,exp3_cellC,3,1.0,0.8263742910997344,0.9162362813949585,3.983855290602311,4.417069597142827,1.6392302455915388,1.0774155855178833
source_pretrained_head_adapted,82.0,exp3_cellD,3,0.5454545454545454,0.8848983577362085,0.9162362813949585,4.309725245858735,4.462350504527336,1.1118191520181597,1.0774155855178833
source_pretrained_head_adapted,82.0,exp3_cellD,3,0.6363636363636364,0.887787311867856,0.9162362813949585,4.323795334752494,4.462350504527336,1.1253571792920565,1.0774155855178833
source_pretrained_head_adapted,82.0,exp3_cellD,3,0.7272727272727273,0.857549518588028,0.9162362813949585,4.176528047003746,4.462350504527336,1.1388952065659532,1.0774155855178833
source_pretrained_head_adapted,82.0,exp3_cellD,3,0.8181818181818182,0.8543504418842668,0.9162362813949585,4.160947566473859,4.462350504527336,1.1607064304892893,1.0774155855178833
source_pretrained_head_adapted,82.0,exp3_cellD,3,0.9090909090909092,0.8353594218833993,0.9162362813949585,4.068455499303874,4.462350504527336,1.1825176544126255,1.0774155855178833
source_pretrained_head_adapted,82.0,exp3_cellD,3,1.0,0.855786983777141,0.9162362813949585,4.167943964205111,4.462350504527336,1.1825176544126255,1.0774155855178833
source_pretrained_head_adapted,82.0,exp3_cellE,3,0.5454545454545454,0.8764127304458983,0.9162362813949585,4.279353494087043,4.473804174663202,1.1102010880588071,1.0774155855178833
source_pretrained_head_adapted,82.0,exp3_cellE,3,0.6363636363636364,0.8880560096373777,0.9162362813949585,4.336205369647247,4.473804174663202,1.1392512618921713,1.0774155855178833
source_pretrained_head_adapted,82.0,exp3_cellE,3,0.7272727272727273,0.8458131769523313,0.9162362813949585,4.1299418052659815,4.473804174663202,1.1683014357255352,1.0774155855178833
source_pretrained_head_adapted,82.0,exp3_cellE,3,0.8181818181818182,0.8390560662996611,0.9162362813949585,4.096948143630413,4.473804174663202,1.19957109054225,1.0774155855178833
source_pretrained_head_adapted,82.0,exp3_cellE,3,0.9090909090909092,0.8260574309036003,0.9162362813949585,4.033478326422035,4.473804174663202,1.230840745358965,1.0774155855178833
source_pretrained_head_adapted,82.0,exp3_cellE,3,1.0,0.8534566359036194,0.9162362813949585,4.167263333849283,4.473804174663202,1.230840745358965,1.0774155855178833
source_pretrained_head_adapted,82.0,exp3_cellF,3,0.5454545454545454,0.8960881611931472,0.9162362813949585,4.394232365009932,4.493034609832612,1.0509728244971537,1.0774155855178833
source_pretrained_head_adapted,82.0,exp3_cellF,3,0.6363636363636364,0.8986372589960113,0.9162362813949585,4.406732617275297,4.493034609832612,1.0565565302232416,1.0774155855178833
source_pretrained_head_adapted,82.0,exp3_cellF,3,0.7272727272727273,0.8858910640415816,0.9162362813949585,4.344227894163116,4.493034609832612,1.0621402359493297,1.0774155855178833
source_pretrained_head_adapted,82.0,exp3_cellF,3,0.8181818181818182,0.8819147159986288,0.9162362813949585,4.3247286997516845,4.493034609832612,1.0723233425722347,1.0774155855178833
source_pretrained_head_adapted,82.0,exp3_cellF,3,0.9090909090909092,0.8722484867937208,0.9162362813949585,4.277327496321819,4.493034609832612,1.0825064491951395,1.0774155855178833
source_pretrained_head_adapted,82.0,exp3_cellF,3,1.0,0.8792906733199577,0.9162362813949585,4.31186093320243,4.493034609832612,1.0825064491951395,1.0774155855178833
source_pretrained_head_adapted,82.0,exp3_cellG,3,0.5454545454545454,0.9130515923888205,0.9162362813949585,4.446549073970472,4.46205846694363,1.1117924779760167,1.0774155855178833
source_pretrained_head_adapted,82.0,exp3_cellG,3,0.6363636363636364,0.9036316373179148,0.9162362813949585,4.400674018446181,4.46205846694363,1.137557999044256,1.0774155855178833
source_pretrained_head_adapted,82.0,exp3_cellG,3,0.7272727272727273,0.8821256532598138,0.9162362813949585,4.295940162993191,4.46205846694363,1.1633235201124954,1.0774155855178833
source_pretrained_head_adapted,82.0,exp3_cellG,3,0.8181818181818182,0.8846423550385656,0.9162362813949585,4.308196467080554,4.46205846694363,1.2051773476963223,1.0774155855178833
source_pretrained_head_adapted,82.0,exp3_cellG,3,0.9090909090909092,0.8614075712479565,0.9162362813949585,4.195043379994058,4.46205846694363,1.247031175280149,1.0774155855178833
source_pretrained_head_adapted,82.0,exp3_cellG,3,1.0,0.8355233939574123,0.9162362813949585,4.068987781908266,4.46205846694363,1.247031175280149,1.0774155855178833
source_pretrained_head_adapted,82.0,exp3_cellH,3,0.5833333333333334,0.9101151599695884,0.9162362813949585,4.405421300679533,4.435050648587849,1.152916864042138,1.0774155855178833
source_pretrained_head_adapted,82.0,exp3_cellH,3,0.6666666666666666,0.8958425179469541,0.9162362813949585,4.336334437885612,4.435050648587849,1.1742413337529805,1.0774155855178833
source_pretrained_head_adapted,82.0,exp3_cellH,3,0.75,0.8921058581696183,0.9162362813949585,4.318247099820594,4.435050648587849,1.2052971567773032,1.0774155855178833
source_pretrained_head_adapted,82.0,exp3_cellH,3,0.8333333333333334,0.8780266203909394,0.9162362813949585,4.250096412154215,4.435050648587849,1.2363529798016262,1.0774155855178833
source_pretrained_head_adapted,82.0,exp3_cellH,3,0.9166666666666666,0.856822653409808,0.9162362813949585,4.147458403354644,4.435050648587849,1.2531625041290193,1.0774155855178833
source_pretrained_head_adapted,82.0,exp3_cellH,3,1.0,0.8550103327900257,0.9162362813949585,4.1386858477339725,4.435050648587849,1.2699720284564129,1.0774155855178833
source_pretrained_head_adapted,82.0,exp3_cellI,3,0.5833333333333334,0.9065722790690582,0.9162362813949585,4.392877937974479,4.439705734930255,1.1542619400491336,1.0774155855178833
source_pretrained_head_adapted,82.0,exp3_cellI,3,0.6666666666666666,0.8895981239088468,0.9162362813949585,4.310628134576985,4.439705734930255,1.1765678882144186,1.0774155855178833
source_pretrained_head_adapted,82.0,exp3_cellI,3,0.75,0.8910378061334746,0.9162362813949585,4.317604244952602,4.439705734930255,1.2131443205798447,1.0774155855178833
source_pretrained_head_adapted,82.0,exp3_cellI,3,0.8333333333333334,0.876207266900275,0.9162362813949585,4.245741526325592,4.439705734930255,1.2497207529452707,1.0774155855178833
source_pretrained_head_adapted,82.0,exp3_cellI,3,0.9166666666666666,0.848484709734731,0.9162362813949585,4.111409369289189,4.439705734930255,1.27719374175336,1.0774155855178833
source_pretrained_head_adapted,82.0,exp3_cellI,3,1.0,0.8512971333711653,0.9162362813949585,4.125037222280036,4.439705734930255,1.3046667305614497,1.0774155855178833
source_pretrained_head_adapted,82.0,exp4_cellA,4,0.5555555555555556,0.911691872614689,0.9162362813949585,4.472674533016423,4.494968974844487,1.067734335942842,1.0774155855178833
source_pretrained_head_adapted,82.0,exp4_cellA,4,0.6666666666666666,0.9027280630329916,0.9162362813949585,4.428698926740714,4.494968974844487,1.1125671748506414,1.0774155855178833
source_pretrained_head_adapted,82.0,exp4_cellA,4,0.7777777777777778,0.8975989791621065,0.9162362813949585,4.403536123938469,4.494968974844487,1.1173135353886186,1.0774155855178833
source_pretrained_head_adapted,82.0,exp4_cellA,4,0.8888888888888888,0.888880028710196,0.9162362813949585,4.360761773511224,4.494968974844487,1.122059895926596,1.0774155855178833
source_pretrained_head_adapted,82.0,exp4_cellA,4,1.0,0.8816852587888638,0.9162362813949585,4.325464909335212,4.494968974844487,1.122059895926596,1.0774155855178833
source_pretrained_head_adapted,82.0,exp4_cellB,4,0.5555555555555556,0.8965273433264614,0.9162362813949585,4.353698434041002,4.449408591064268,1.0712715811958393,1.0774155855178833
source_pretrained_head_adapted,82.0,exp4_cellB,4,0.6666666666666666,0.8473381548652769,0.9162362813949585,4.114826865461052,4.449408591064268,1.1095998862805168,1.0774155855178833
source_pretrained_head_adapted,82.0,exp4_cellB,4,0.7777777777777778,0.7966265675802644,0.9162362813949585,3.8685622536854622,4.449408591064268,1.1835435772385512,1.0774155855178833
source_pretrained_head_adapted,82.0,exp4_cellB,4,0.8888888888888888,0.733695243755318,0.9162362813949585,3.562956397903964,4.449408591064268,1.2574872681965856,1.0774155855178833
source_pretrained_head_adapted,82.0,exp4_cellB,4,1.0,0.6260958680860047,0.9162362813949585,3.0404344281700237,4.449408591064268,1.2574872681965856,1.0774155855178833
source_pretrained_head_adapted,82.0,exp4_cellC,4,0.5555555555555556,0.896165286677176,0.9162362813949585,4.370752838666638,4.468642545444816,1.262270345598159,1.0774155855178833
source_pretrained_head_adapted,82.0,exp4_cellC,4,0.6666666666666666,0.856391265128893,0.9162362813949585,4.176768068031387,4.468642545444816,1.0993217703645564,1.0774155855178833
source_pretrained_head_adapted,82.0,exp4_cellC,4,0.7777777777777778,0.8005060665908709,0.9162362813949585,3.9042063053958542,4.468642545444816,1.2222356651812845,1.0774155855178833
source_pretrained_head_adapted,82.0,exp4_cellC,4,0.8888888888888888,0.6967940421631312,0.9162362813949585,3.398384854921955,4.468642545444816,1.3451495599980128,1.0774155855178833
source_pretrained_head_adapted,82.0,exp4_cellC,4,1.0,0.607383466208973,0.9162362813949585,2.962314037999953,4.468642545444816,1.3451495599980128,1.0774155855178833
source_pretrained_head_adapted,82.0,exp4_cellD,4,0.5555555555555556,0.9022812448120208,0.9162362813949585,4.372488325204205,4.440114949261324,1.0643641147474425,1.0774155855178833
source_pretrained_head_adapted,82.0,exp4_cellD,4,0.6666666666666666,0.8923975704406814,0.9162362813949585,4.3245916731932175,4.440114949261324,1.0742102663696715,1.0774155855178833
source_pretrained_head_adapted,82.0,exp4_cellD,4,0.7777777777777778,0.8835104800098998,0.9162362813949585,4.281524503863191,4.440114949261324,1.0741775775599118,1.0774155855178833
source_pretrained_head_adapted,82.0,exp4_cellD,4,0.8888888888888888,0.875958910819128,0.9162362813949585,4.244929319918632,4.440114949261324,1.0741448887501521,1.0774155855178833
source_pretrained_head_adapted,82.0,exp4_cellD,4,1.0,0.8644348045140147,0.9162362813949585,4.18908307400889,4.440114949261324,1.0741448887501521,1.0774155855178833
source_pretrained_head_adapted,82.0,exp4_cellE,4,0.5555555555555556,0.9031626739282209,0.9162362813949585,4.380760041797061,4.444173133198772,1.0669487385914673,1.0774155855178833
source_pretrained_head_adapted,82.0,exp4_cellE,4,0.6666666666666666,0.8936768436122088,0.9162362813949585,4.334749342272785,4.444173133198772,1.0718064659333733,1.0774155855178833
source_pretrained_head_adapted,82.0,exp4_cellE,4,0.7777777777777778,0.8845789877852711,0.9162362813949585,4.290620499902306,4.444173133198772,1.0895330986657066,1.0774155855178833
source_pretrained_head_adapted,82.0,exp4_cellE,4,0.8888888888888888,0.8769456365435554,0.9162362813949585,4.253595187552686,4.444173133198772,1.1072597313980397,1.0774155855178833
source_pretrained_head_adapted,82.0,exp4_cellE,4,1.0,0.866417081765175,0.9162362813949585,4.202526788246066,4.444173133198772,1.1072597313980397,1.0774155855178833
source_pretrained_head_adapted,82.0,exp4_cellF,4,0.5555555555555556,0.8809606852792798,0.9162362813949585,4.27549648019382,4.446696727321205,1.1248434980139999,1.0774155855178833
source_pretrained_head_adapted,82.0,exp4_cellF,4,0.6666666666666666,0.8675851222355931,0.9162362813949585,4.210581923086469,4.446696727321205,1.1481679921046537,1.0774155855178833
source_pretrained_head_adapted,82.0,exp4_cellF,4,0.7777777777777778,0.8544207557354694,0.9162362813949585,4.146692349379309,4.446696727321205,1.138748075171229,1.0774155855178833
source_pretrained_head_adapted,82.0,exp4_cellF,4,0.8888888888888888,0.8417297823861739,0.9162362813949585,4.085100257028508,4.446696727321205,1.129328158237804,1.0774155855178833
source_pretrained_head_adapted,82.0,exp4_cellF,4,1.0,0.82925677614945,0.9162362813949585,4.024566007142383,4.446696727321205,1.129328158237804,1.0774155855178833
source_pretrained_head_adapted,82.0,exp4_cellG,4,0.5555555555555556,0.8780279430687331,0.9162362813949585,4.248364841997807,4.433237046234235,1.1238179341122128,1.0774155855178833
source_pretrained_head_adapted,82.0,exp4_cellG,4,0.6666666666666666,0.8647319796128923,0.9162362813949585,4.184031919415798,4.433237046234235,1.1471082309620073,1.0774155855178833
source_pretrained_head_adapted,82.0,exp4_cellG,4,0.7777777777777778,0.8502466450778778,0.9162362813949585,4.113944188781564,4.433237046234235,1.1465147414639307,1.0774155855178833
source_pretrained_head_adapted,82.0,exp4_cellG,4,0.8888888888888888,0.8388371519855474,0.9162362813949585,4.058739010289107,4.433237046234235,1.1459212519658541,1.0774155855178833
source_pretrained_head_adapted,82.0,exp4_cellG,4,1.0,0.823557638651194,0.9162362813949585,3.984808621438804,4.433237046234235,1.1459212519658541,1.0774155855178833
source_pretrained_head_adapted,82.0,exp4_cellH,4,0.5555555555555556,0.8799346262856523,0.9162362813949585,4.2794830399062285,4.456032879769411,1.1203208313975448,1.0774155855178833
source_pretrained_head_adapted,82.0,exp4_cellH,4,0.6666666666666666,0.8664328187037518,0.9162362813949585,4.21381821114648,4.456032879769411,1.1454743242688907,1.0774155855178833
source_pretrained_head_adapted,82.0,exp4_cellH,4,0.7777777777777778,0.8527671069811423,0.9162362813949585,4.147356249316409,4.456032879769411,1.1762497763661797,1.0774155855178833
source_pretrained_head_adapted,82.0,exp4_cellH,4,0.8888888888888888,0.8397879246540428,0.9162362813949585,4.084233161553476,4.456032879769411,1.2070252284634688,1.0774155855178833
source_pretrained_head_adapted,82.0,exp4_cellH,4,1.0,0.827136982019207,0.9162362813949585,4.022706438059098,4.456032879769411,1.2070252284634688,1.0774155855178833
source_pretrained_head_adapted,82.0,exp5_cellA,5,0.5333333333333333,0.8044691536942838,0.9162362813949585,3.924912141,4.470211055772041,1.2063797378032324,1.0774155855178833
source_pretrained_head_adapted,82.0,exp5_cellA,5,0.6,0.7915716013752708,0.9162362813949585,3.861986472,4.470211055772041,1.2350145971619613,1.0774155855178833
source_pretrained_head_adapted,82.0,exp5_cellA,5,0.6666666666666666,0.7817580260973462,0.9162362813949585,3.814107171,4.470211055772041,1.2636494565206902,1.0774155855178833
source_pretrained_head_adapted,82.0,exp5_cellA,5,0.7333333333333333,0.7690068432998406,0.9162362813949585,3.751895622,4.470211055772041,1.2998531789224779,1.0774155855178833
source_pretrained_head_adapted,82.0,exp5_cellA,5,0.8,0.7560403342356591,0.9162362813949585,3.688633521,4.470211055772041,1.336056901324266,1.0774155855178833
source_pretrained_head_adapted,82.0,exp5_cellA,5,0.8666666666666667,0.7455051429921409,0.9162362813949585,3.637233539,4.470211055772041,1.3523752966828282,1.0774155855178833
source_pretrained_head_adapted,82.0,exp5_cellA,5,0.9333333333333332,0.730968649254188,0.9162362813949585,3.566311664,4.470211055772041,1.3686936920413904,1.0774155855178833
source_pretrained_head_adapted,82.0,exp5_cellA,5,1.0,0.7223409558959908,0.9162362813949585,3.524218144,4.470211055772041,1.3686936920413904,1.0774155855178833
source_pretrained_head_adapted,82.0,exp5_cellB,5,0.5333333333333333,0.8143553276793362,0.9162362813949585,3.959118123,4.454428605456711,1.191444056407467,1.0774155855178833
source_pretrained_head_adapted,82.0,exp5_cellB,5,0.6,0.8065707255620619,0.9162362813949585,3.92127204,4.454428605456711,1.2036275403487529,1.0774155855178833
source_pretrained_head_adapted,82.0,exp5_cellB,5,0.6666666666666666,0.8007887687293093,0.9162362813949585,3.893162136,4.454428605456711,1.2158110242900386,1.0774155855178833
source_pretrained_head_adapted,82.0,exp5_cellB,5,0.7333333333333333,0.7934484824068493,0.9162362813949585,3.857476165,4.454428605456711,1.2290721055376792,1.0774155855178833
source_pretrained_head_adapted,82.0,exp5_cellB,5,0.8,0.7866488837091813,0.9162362813949585,3.824418833,4.454428605456711,1.2423331867853196,1.0774155855178833
source_pretrained_head_adapted,82.0,exp5_cellB,5,0.8666666666666667,0.7825607629831625,0.9162362813949585,3.804543783,4.454428605456711,1.2620825999439529,1.0774155855178833
source_pretrained_head_adapted,82.0,exp5_cellB,5,0.9333333333333332,0.7757626314800493,0.9162362813949585,3.771493584,4.454428605456711,1.281832013102586,1.0774155855178833
source_pretrained_head_adapted,82.0,exp5_cellB,5,1.0,0.7725232717995762,0.9162362813949585,3.755744921,4.454428605456711,1.281832013102586,1.0774155855178833
source_pretrained_head_adapted,82.0,exp5_cellC,5,0.5333333333333333,0.8214546359438883,0.9162362813949585,4.012352958,4.475309034756119,1.1912918944993611,1.0774155855178833
source_pretrained_head_adapted,82.0,exp5_cellC,5,0.6,0.8140619179825401,0.9162362813949585,3.976243607,4.475309034756119,1.1932901956847763,1.0774155855178833
source_pretrained_head_adapted,82.0,exp5_cellC,5,0.6666666666666666,0.8081618464949624,0.9162362813949585,3.947425011,4.475309034756119,1.1952884968701913,1.0774155855178833
source_pretrained_head_adapted,82.0,exp5_cellC,5,0.7333333333333333,0.8007939995087437,0.9162362813949585,3.911437141,4.475309034756119,1.215425593808408,1.0774155855178833
source_pretrained_head_adapted,82.0,exp5_cellC,5,0.8,0.7932565004152995,0.9162362813949585,3.874620614,4.475309034756119,1.2355626907466244,1.0774155855178833
source_pretrained_head_adapted,82.0,exp5_cellC,5,0.8666666666666667,0.7884116982953278,0.9162362813949585,3.850956427,4.475309034756119,1.2535908385505172,1.0774155855178833
source_pretrained_head_adapted,82.0,exp5_cellC,5,0.9333333333333332,0.7817976432498098,0.9162362813949585,3.818650415,4.475309034756119,1.2716189863544103,1.0774155855178833
source_pretrained_head_adapted,82.0,exp5_cellC,5,1.0,0.7777849401692979,0.9162362813949585,3.799050573,4.475309034756119,1.2716189863544103,1.0774155855178833
source_pretrained_head_adapted,82.0,exp5_cellD,5,0.5333333333333333,0.862591076376204,0.9162362813949585,4.192222457,4.4529400082814,1.1210099277230234,1.0774155855178833
source_pretrained_head_adapted,82.0,exp5_cellD,5,0.6,0.8552786413642833,0.9162362813949585,4.15668377,4.4529400082814,1.1303166616459792,1.0774155855178833
source_pretrained_head_adapted,82.0,exp5_cellD,5,0.6666666666666666,0.8493641208923439,0.9162362813949585,4.127938996,4.4529400082814,1.139623395568935,1.0774155855178833
source_pretrained_head_adapted,82.0,exp5_cellD,5,0.7333333333333333,0.8407250784462886,0.9162362813949585,4.085952951,4.4529400082814,1.145763977123925,1.0774155855178833
source_pretrained_head_adapted,82.0,exp5_cellD,5,0.8,0.8330016712553935,0.9162362813949585,4.048416925,4.4529400082814,1.1519045586789147,1.0774155855178833
source_pretrained_head_adapted,82.0,exp5_cellD,5,0.8666666666666667,0.8255998395543926,0.9162362813949585,4.012443767000001,4.4529400082814,1.1733459434437157,1.0774155855178833
source_pretrained_head_adapted,82.0,exp5_cellD,5,0.9333333333333332,0.8173156266826287,0.9162362813949585,3.972182206,4.4529400082814,1.1947873282085169,1.0774155855178833
source_pretrained_head_adapted,82.0,exp5_cellD,5,1.0,0.8103250072823504,0.9162362813949585,3.938207554,4.4529400082814,1.1947873282085169,1.0774155855178833
source_pretrained_head_adapted,82.0,exp5_cellE,5,0.5333333333333333,0.8656172401950055,0.9162362813949585,4.211511139000001,4.457789339063433,1.1208975213605896,1.0774155855178833
source_pretrained_head_adapted,82.0,exp5_cellE,5,0.6,0.8583629495272422,0.9162362813949585,4.176216641,4.457789339063433,1.1205962447236646,1.0774155855178833
source_pretrained_head_adapted,82.0,exp5_cellE,5,0.6666666666666666,0.851483072523713,0.9162362813949585,4.142743788,4.457789339063433,1.1202949680867398,1.0774155855178833
source_pretrained_head_adapted,82.0,exp5_cellE,5,0.7333333333333333,0.8441469335073652,0.9162362813949585,4.107051071,4.457789339063433,1.1287087838725094,1.0774155855178833
source_pretrained_head_adapted,82.0,exp5_cellE,5,0.8,0.8366904562340003,0.9162362813949585,4.070772869,4.457789339063433,1.1371225996582792,1.0774155855178833
source_pretrained_head_adapted,82.0,exp5_cellE,5,0.8666666666666667,0.8299388540553875,0.9162362813949585,4.037924115,4.457789339063433,1.1538529249624887,1.0774155855178833
source_pretrained_head_adapted,82.0,exp5_cellE,5,0.9333333333333332,0.8222797423134317,0.9162362813949585,4.00066003,4.457789339063433,1.1705832502666982,1.0774155855178833
source_pretrained_head_adapted,82.0,exp5_cellE,5,1.0,0.8160525188402225,0.9162362813949585,3.97036255,4.457789339063433,1.1705832502666982,1.0774155855178833
source_pretrained_head_adapted,82.0,exp5_cellF,5,0.5333333333333333,0.8522315864914315,0.9162362813949585,4.121763642,4.431318261369078,1.1883123049065991,1.0774155855178833
source_pretrained_head_adapted,82.0,exp5_cellF,5,0.6,0.8423039313668911,0.9162362813949585,4.073749171999999,4.431318261369078,1.2087664381431986,1.0774155855178833
source_pretrained_head_adapted,82.0,exp5_cellF,5,0.6666666666666666,0.8322107221075873,0.9162362813949585,4.02493401,4.431318261369078,1.2292205713797981,1.0774155855178833
source_pretrained_head_adapted,82.0,exp5_cellF,5,0.7333333333333333,0.8210154999509715,0.9162362813949585,3.970789033,4.431318261369078,1.2371509847644246,1.0774155855178833
source_pretrained_head_adapted,82.0,exp5_cellF,5,0.8,0.8096480195495653,0.9162362813949585,3.91581094,4.431318261369078,1.2450813981490514,1.0774155855178833
source_pretrained_head_adapted,82.0,exp5_cellF,5,0.8666666666666667,0.7985219847016456,0.9162362813949585,3.862000583,4.431318261369078,1.284781990745257,1.0774155855178833
source_pretrained_head_adapted,82.0,exp5_cellF,5,0.9333333333333332,0.7866654996007033,0.9162362813949585,3.80465745,4.431318261369078,1.3244825833414624,1.0774155855178833
source_pretrained_head_adapted,82.0,exp5_cellF,5,1.0,0.7678683443349683,0.9162362813949585,3.713746209,4.431318261369078,1.3244825833414624,1.0774155855178833
source_pretrained_head_adapted,82.0,exp5_cellG,5,0.5333333333333333,0.8498714817160511,0.9162362813949585,4.123182213,4.445153437464269,1.2228939135477763,1.0774155855178833
source_pretrained_head_adapted,82.0,exp5_cellG,5,0.6,0.8400058427597255,0.9162362813949585,4.075318709,4.445153437464269,1.236867862376435,1.0774155855178833
source_pretrained_head_adapted,82.0,exp5_cellG,5,0.6666666666666666,0.8299328251567766,0.9162362813949585,4.0264491,4.445153437464269,1.250841811205094,1.0774155855178833
source_pretrained_head_adapted,82.0,exp5_cellG,5,0.7333333333333333,0.8194936798065443,0.9162362813949585,3.975803209,4.445153437464269,1.2541946824482297,1.0774155855178833
source_pretrained_head_adapted,82.0,exp5_cellG,5,0.8,0.8085936348705501,0.9162362813949585,3.922921247,4.445153437464269,1.2575475536913652,1.0774155855178833
source_pretrained_head_adapted,82.0,exp5_cellG,5,0.8666666666666667,0.7978404378562369,0.9162362813949585,3.870751723,4.445153437464269,1.316380148152523,1.0774155855178833
source_pretrained_head_adapted,82.0,exp5_cellG,5,0.9333333333333332,0.7855218228441083,0.9162362813949585,3.810987517,4.445153437464269,1.3752127426136804,1.0774155855178833
source_pretrained_head_adapted,82.0,exp5_cellG,5,1.0,0.7696642878933628,0.9162362813949585,3.734054113,4.445153437464269,1.3752127426136804,1.0774155855178833
source_pretrained_head_adapted,82.0,exp5_cellH,5,0.5333333333333333,0.8526440302059033,0.9162362813949585,4.133824681,4.442135310257775,1.1977016713887478,1.0774155855178833
source_pretrained_head_adapted,82.0,exp5_cellH,5,0.6,0.8431704595629644,0.9162362813949585,4.0878945170000005,4.442135310257775,1.2144315202885887,1.0774155855178833
source_pretrained_head_adapted,82.0,exp5_cellH,5,0.6666666666666666,0.8318238318782536,0.9162362813949585,4.032883319,4.442135310257775,1.2311613691884293,1.0774155855178833
source_pretrained_head_adapted,82.0,exp5_cellH,5,0.7333333333333333,0.8228976751117055,0.9162362813949585,3.98960715,4.442135310257775,1.2292285687011615,1.0774155855178833
source_pretrained_head_adapted,82.0,exp5_cellH,5,0.8,0.8125378294201961,0.9162362813949585,3.93938011,4.442135310257775,1.2272957682138939,1.0774155855178833
source_pretrained_head_adapted,82.0,exp5_cellH,5,0.8666666666666667,0.8025090494980701,0.9162362813949585,3.890758157,4.442135310257775,1.2802798968420732,1.0774155855178833
source_pretrained_head_adapted,82.0,exp5_cellH,5,0.9333333333333332,0.7914666613646212,0.9162362813949585,3.837221986,4.442135310257775,1.333264025470253,1.0774155855178833
source_pretrained_head_adapted,82.0,exp5_cellH,5,1.0,0.7759335636988509,0.9162362813949585,3.761913768,4.442135310257775,1.333264025470253,1.0774155855178833
target_only_LSTM_from_scratch,82.0,exp1_cellA,1,0.5714285714285714,0.8549561721374236,0.8511885404586792,4.161854263183007,4.143513751148239,1.1526787381402472,1.1502931118011475
target_only_LSTM_from_scratch,82.0,exp1_cellA,1,0.6428571428571429,0.8339231857086502,0.8401980400085449,4.059467465954306,4.090012925440937,1.1764673298760704,1.1645586490631104
target_only_LSTM_from_scratch,82.0,exp1_cellA,1,0.7142857142857143,0.818224933858435,0.8312021493911743,3.983049705001716,4.046221691530746,1.2002559216118935,1.1777900457382202
target_only_LSTM_from_scratch,82.0,exp1_cellA,1,0.7857142857142857,0.7639284558682716,0.8240643739700317,3.718739047024665,4.011475605082995,1.3340435794062142,1.1945643424987793
target_only_LSTM_from_scratch,82.0,exp1_cellA,1,0.8571428571428571,0.7250005917778434,0.8189321160316467,3.52924150036526,3.9864922079490546,1.4678312372005347,1.2066504955291748
target_only_LSTM_from_scratch,82.0,exp1_cellA,1,0.9285714285714286,0.6434004407516708,0.8155866861343384,3.132018873647892,3.9702069384416316,1.6131902334747197,1.2155506610870361
target_only_LSTM_from_scratch,82.0,exp1_cellA,1,1.0,0.5856790719679541,0.8134616017341614,2.8510361372478603,3.959862207496665,1.7585492297489045,1.221351981163025
target_only_LSTM_from_scratch,82.0,exp1_cellB,1,0.5714285714285714,0.8593055242284461,0.8592022657394409,4.176906007468412,4.176404089360258,1.1371669739008392,1.137186884880066
target_only_LSTM_from_scratch,82.0,exp1_cellB,1,0.6428571428571429,0.8383723891509776,0.8469255566596985,4.075154377582485,4.11672955165359,1.1910745065479214,1.1558250188827515
target_only_LSTM_from_scratch,82.0,exp1_cellB,1,0.7142857142857143,0.7994437874381211,0.8370124101638794,3.885930515088674,4.068543801668474,1.244982039195004,1.1699882745742798
target_only_LSTM_from_scratch,82.0,exp1_cellB,1,0.7857142857142857,0.7144807798517927,0.8290151953697205,3.47294294920684,4.029670998486241,1.404277943400622,1.1845571994781494
target_only_LSTM_from_scratch,82.0,exp1_cellB,1,0.8571428571428571,0.6308130172936719,0.8229150176048279,3.066251300885086,4.00001929902151,1.5635738476062404,1.1991758346557617
target_only_LSTM_from_scratch,82.0,exp1_cellB,1,0.9285714285714286,0.5586363849136401,0.8186904788017273,2.71541565409033,3.9794846917044002,1.7772623308717677,1.2094806432724
target_only_LSTM_from_scratch,82.0,exp1_cellB,1,1.0,0.492781344774241,0.8159189224243164,2.395307956624624,3.9660127307354083,1.9909508141372947,1.2168378829956055
target_only_LSTM_from_scratch,82.0,exp1_cellD,1,0.5384615384615384,0.8181553504521012,0.8130641579627991,4.002078276099845,3.97717426386107,1.1916693068263018,1.1908928155899048
target_only_LSTM_from_scratch,82.0,exp1_cellD,1,0.6153846153846154,0.8129632683847705,0.8078510165214539,3.976680753688106,3.951673727684029,1.2118230578580662,1.2086238861083984
target_only_LSTM_from_scratch,82.0,exp1_cellD,1,0.6923076923076923,0.8031377766449331,0.804894208908081,3.928618503624872,3.937210245278705,1.2083870831053638,1.222145438194275
target_only_LSTM_from_scratch,82.0,exp1_cellD,1,0.7692307692307693,0.7984539437080421,0.8033273816108704,3.905707126176501,3.9295459728577002,1.2049511083526614,1.2302778959274292
target_only_LSTM_from_scratch,82.0,exp1_cellD,1,0.8461538461538461,0.7884549637044503,0.8025800585746765,3.856796243135256,3.925890377026508,1.2043092563409348,1.2348891496658325
target_only_LSTM_from_scratch,82.0,exp1_cellD,1,0.9230769230769232,0.7820982650781715,0.8023437261581421,3.825701897219304,3.9247343363923815,1.2036674043292082,1.2373101711273193
target_only_LSTM_from_scratch,82.0,exp1_cellD,1,1.0,0.7696990653997923,0.802439272403717,3.765050130233432,3.9252017091884737,1.2036674043292082,1.2382272481918335
target_only_LSTM_from_scratch,82.0,exp1_cellE,1,0.5714285714285714,0.7961913353698228,0.8041561245918274,3.865615255227751,3.9042853705046943,1.2205143504053828,1.2187891006469727
target_only_LSTM_from_scratch,82.0,exp1_cellE,1,0.6428571428571429,0.7814493934456567,0.8019182682037354,3.794041158572619,3.8934202789010546,1.2289631743676406,1.2293182611465454
target_only_LSTM_from_scratch,82.0,exp1_cellE,1,0.7142857142857143,0.7731770269753371,0.8009120225906372,3.7538777146817752,3.8885348220771725,1.2374119983298986,1.2353720664978027
target_only_LSTM_from_scratch,82.0,exp1_cellE,1,0.7857142857142857,0.7562960683651517,0.8005414605140686,3.671918406375449,3.8867356937112163,1.2766134133528204,1.2387932538986206
target_only_LSTM_from_scratch,82.0,exp1_cellE,1,0.8571428571428571,0.7375311809904169,0.8005321025848389,3.580812372340662,3.8866902597151642,1.3158148283757425,1.2405027151107788
target_only_LSTM_from_scratch,82.0,exp1_cellE,1,0.9285714285714286,0.6725044310535847,0.8007493615150452,3.265098817838162,3.887745080833696,1.5495855177442008,1.2410935163497925
target_only_LSTM_from_scratch,82.0,exp1_cellE,1,1.0,0.5587558414481429,0.801128625869751,2.712834225514765,3.8895864599220955,1.7833562071126594,1.240899682044983
target_only_LSTM_from_scratch,82.0,exp1_cellF,1,0.5714285714285714,0.7914942251085741,0.8029308915138245,3.847663007702252,3.903259671408644,1.2061693643987719,1.223418951034546
target_only_LSTM_from_scratch,82.0,exp1_cellF,1,0.6428571428571429,0.765044545670987,0.8008946180343628,3.7190841123557616,3.8933608068409145,1.2562988315510932,1.2321276664733887
target_only_LSTM_from_scratch,82.0,exp1_cellF,1,0.7142857142857143,0.7502677805201031,0.8000887632369995,3.6472503442233912,3.889443333288952,1.3064282987034144,1.2372039556503296
target_only_LSTM_from_scratch,82.0,exp1_cellF,1,0.7857142857142857,0.6973659111361276,0.7998680472373962,3.3900803492823703,3.8883703743715765,1.5300580379135538,1.2400038242340088
target_only_LSTM_from_scratch,82.0,exp1_cellF,1,0.8571428571428571,0.5855959939675742,0.7999681830406189,2.8467371864129323,3.888857161025962,1.7536877771236934,1.2413690090179443
target_only_LSTM_from_scratch,82.0,exp1_cellF,1,0.9285714285714286,0.5498386118680253,0.8002524971961975,2.672911083843661,3.890239287419665,1.9363589350491521,1.241722583770752
target_only_LSTM_from_scratch,82.0,exp1_cellF,1,1.0,0.44945260077179,0.8006882071495056,2.184908102731843,3.892357388874166,2.119030092974611,1.241437315940857
target_only_LSTM_from_scratch,82.0,exp1_cellJ,1,0.6,0.9283996811708648,0.9244248270988464,4.479245641129816,4.46006818110122,1.0461622608767824,1.046293020248413
target_only_LSTM_from_scratch,82.0,exp1_cellJ,1,0.7,0.9084019156276106,0.9059571623802185,4.382762514348698,4.370967324680808,1.070007889842271,1.0647159814834595
target_only_LSTM_from_scratch,82.0,exp1_cellJ,1,0.8,0.8905796338743112,0.8869245052337646,4.296775434131507,4.279140551911073,1.0938535188077592,1.0914225578308105
target_only_LSTM_from_scratch,82.0,exp1_cellJ,1,0.9,0.8734456000301964,0.8701452612876892,4.214108940413596,4.1981858113707435,1.1120970413504792,1.1221925020217896
target_only_LSTM_from_scratch,82.0,exp1_cellJ,1,1.0,0.8612822153989198,0.8573739528656006,4.155424314927384,4.136568138787078,1.130340563893199,1.1419572830200195
target_only_LSTM_from_scratch,82.0,exp1_cellK,1,0.6,0.8068862227834716,0.8107852339744568,3.918879495398503,3.9378161863187815,1.1758467449275036,1.1934906244277954
target_only_LSTM_from_scratch,82.0,exp1_cellK,1,0.7,0.7961825254601345,0.8064708709716797,3.866893851349858,3.9168622175560426,1.1973632239702936,1.213222861289978
target_only_LSTM_from_scratch,82.0,exp1_cellK,1,0.8,0.7877533102337295,0.804140567779541,3.825954896413799,3.9055444169295415,1.2188797030130838,1.2248406410217285
target_only_LSTM_from_scratch,82.0,exp1_cellK,1,0.9,0.7790779761794198,0.8029297590255737,3.7838205932354807,3.899663769243672,1.2367410711453302,1.2315248250961304
target_only_LSTM_from_scratch,82.0,exp1_cellK,1,1.0,0.7717907926718258,0.8024023175239563,3.748428250150724,3.897102094961293,1.2546024392775765,1.2351068258285522
target_only_LSTM_from_scratch,82.0,exp1_cellL,1,0.6,0.8070037299410662,0.8108911514282227,3.911680712389937,3.930523688064102,1.1585168241866015,1.1921390295028687
target_only_LSTM_from_scratch,82.0,exp1_cellL,1,0.7,0.7977274944560124,0.8065279126167297,3.866717262923449,3.909374347027333,1.1769333624986371,1.2127649784088135
target_only_LSTM_from_scratch,82.0,exp1_cellL,1,0.8,0.7902851473030869,0.8041784167289734,3.830642973880033,3.8979859514016435,1.1953499008106725,1.224663257598877
target_only_LSTM_from_scratch,82.0,exp1_cellL,1,0.9,0.7826036305284555,0.8029552698135376,3.793409390075632,3.8920571557591765,1.21332140108182,1.231464147567749
target_only_LSTM_from_scratch,82.0,exp1_cellL,1,1.0,0.7761383115014312,0.8024156093597412,3.762070918146505,3.889441332176169,1.2312929013529677,1.2351016998291016
target_only_LSTM_from_scratch,82.0,exp1_cellM,1,0.6,0.8094657288379769,0.8105468153953552,3.907895631767987,3.9131148440022185,1.1857881455883141,1.1952255964279175
target_only_LSTM_from_scratch,82.0,exp1_cellM,1,0.7,0.8010379454939867,0.8062702417373657,3.8672084271809,3.8924686289475274,1.2026227698652867,1.214128017425537
target_only_LSTM_from_scratch,82.0,exp1_cellM,1,0.8,0.794506580500605,0.8039672374725342,3.83567665033377,3.881350307336311,1.2194573941422593,1.2253919839859009
target_only_LSTM_from_scratch,82.0,exp1_cellM,1,0.9,0.7878186379024347,0.8027759194374084,3.803388956446564,3.875598925431363,1.2348615811671344,1.231889009475708
target_only_LSTM_from_scratch,82.0,exp1_cellM,1,1.0,0.7831291042673945,0.8022562861442566,3.780749075158803,3.873090267431296,1.2502657681920093,1.2353698015213013
target_only_LSTM_from_scratch,82.0,exp2_cellA,2,0.5833333333333334,0.9249928121553804,0.9246330857276917,4.482643358757167,4.4809000746355405,1.0317597793434083,1.0427871942520142
target_only_LSTM_from_scratch,82.0,exp2_cellA,2,0.6666666666666666,0.9189006441015372,0.9147998690605164,4.453119868079051,4.4332469439202615,1.0351754162063005,1.0543053150177002
target_only_LSTM_from_scratch,82.0,exp2_cellA,2,0.75,0.9161023998591324,0.9026711583137512,4.439559188682886,4.374469530771952,1.0349482098005431,1.0702413320541382
target_only_LSTM_from_scratch,82.0,exp2_cellA,2,0.8333333333333334,0.9124277118108484,0.888506293296814,4.42175114114059,4.3058246318479165,1.034721003394786,1.0953072309494019
target_only_LSTM_from_scratch,82.0,exp2_cellA,2,0.9166666666666666,0.9109432059512895,0.8748354315757751,4.414557020013442,4.239573741357745,1.0360149698349184,1.1208992004394531
target_only_LSTM_from_scratch,82.0,exp2_cellA,2,1.0,0.9107642676506382,0.8644638061523438,4.413689860210143,4.189311407193735,1.037308936275051,1.1373872756958008
target_only_LSTM_from_scratch,82.0,exp2_cellB,2,0.5833333333333334,0.9215232607161805,0.9217647910118103,4.461646432162857,4.462815825088347,1.0185466313375071,1.042921543121338
target_only_LSTM_from_scratch,82.0,exp2_cellB,2,0.6666666666666666,0.9108267995628626,0.9117393493652344,4.409858452655557,4.414276653197515,1.028362923646641,1.0562174320220947
target_only_LSTM_from_scratch,82.0,exp2_cellB,2,0.75,0.9058028992907209,0.8990494608879089,4.385534740297691,4.35283729722792,1.0297177633062533,1.0748984813690186
target_only_LSTM_from_scratch,82.0,exp2_cellB,2,0.8333333333333334,0.9001834664415093,0.8846571445465088,4.35832769779398,4.283155467595901,1.0310726029658654,1.1018702983856201
target_only_LSTM_from_scratch,82.0,exp2_cellB,2,0.9166666666666666,0.8956699538478909,0.8717814683914185,4.336475078095385,4.220816602123968,1.0299008119149284,1.1255755424499512
target_only_LSTM_from_scratch,82.0,exp2_cellB,2,1.0,0.8959111069771764,0.8619357347488403,4.337642644932543,4.173147504390836,1.0287290208639914,1.1402795314788818
target_only_LSTM_from_scratch,82.0,exp2_cellC,2,0.5833333333333334,0.9374129888404765,0.9358159899711609,4.529879087947729,4.522161879131861,1.0282826226508421,1.044478416442871
target_only_LSTM_from_scratch,82.0,exp2_cellC,2,0.6666666666666666,0.9303869734073997,0.9289311170578003,4.495927136395126,4.4888919733329375,1.0318308773780704,1.050567388534546
target_only_LSTM_from_scratch,82.0,exp2_cellC,2,0.75,0.928262601289942,0.9195061922073364,4.485661491535869,4.443347724966586,1.0358076599085582,1.0603314638137817
target_only_LSTM_from_scratch,82.0,exp2_cellC,2,0.8333333333333334,0.9253155389115526,0.9079424142837524,4.471420344466575,4.3874678551362045,1.0397844424390466,1.0764446258544922
target_only_LSTM_from_scratch,82.0,exp2_cellC,2,0.9166666666666666,0.9200752424845271,0.8942818641662598,4.446097557731145,4.32145571209599,1.0473832552450855,1.0976448059082031
target_only_LSTM_from_scratch,82.0,exp2_cellC,2,1.0,0.9180942687374104,0.88181471824646,4.4365248596165845,4.261210479460213,1.0549820680511246,1.1171281337738037
target_only_LSTM_from_scratch,82.0,exp2_cellD,2,0.5833333333333334,0.934022005775634,0.9369232654571533,4.505097731281088,4.519091468396753,1.0483765989649787,1.0443001985549927
target_only_LSTM_from_scratch,82.0,exp2_cellD,2,0.6666666666666666,0.9250959575914592,0.9293199181556702,4.462044442198849,4.482418004103362,1.059262296343421,1.0509867668151855
target_only_LSTM_from_scratch,82.0,exp2_cellD,2,0.75,0.9199823232382219,0.9199454188346863,4.437379688712404,4.437201686541561,1.061095264542489,1.0601295232772827
target_only_LSTM_from_scratch,82.0,exp2_cellD,2,0.8333333333333334,0.9145132805755902,0.9086554646492004,4.411000683143643,4.382746495258288,1.0629282327415572,1.0755378007888794
target_only_LSTM_from_scratch,82.0,exp2_cellD,2,0.9166666666666666,0.9105086329801314,0.8950843811035156,4.391684940382421,4.317288660951783,1.0721670635052118,1.0964813232421875
target_only_LSTM_from_scratch,82.0,exp2_cellD,2,1.0,0.9100229179493048,0.8825315833091736,4.389342175790265,4.256742356352076,1.0814058942688665,1.1160460710525513
target_only_LSTM_from_scratch,82.0,exp2_cellE,2,0.5833333333333334,0.921390350630106,0.9167117476463318,4.466412726676465,4.443733335802114,1.0454157351444686,1.0827659368515015
target_only_LSTM_from_scratch,82.0,exp2_cellE,2,0.6666666666666666,0.9165428840789561,0.9047964215278625,4.442914774607194,4.385974141578258,1.0502823695220944,1.0976940393447876
target_only_LSTM_from_scratch,82.0,exp2_cellE,2,0.75,0.911727243647203,0.8917092680931091,4.419571098719151,4.322534548774863,1.0545276514730193,1.1148760318756104
target_only_LSTM_from_scratch,82.0,exp2_cellE,2,0.8333333333333334,0.9073976174354801,0.8808506727218628,4.39858336252182,4.269897825884508,1.058772933423944,1.1275521516799927
target_only_LSTM_from_scratch,82.0,exp2_cellE,2,0.9166666666666666,0.9031805240556576,0.8714650869369507,4.378141125929759,4.224401473802702,1.0621200206058443,1.1376721858978271
target_only_LSTM_from_scratch,82.0,exp2_cellE,2,1.0,0.8946822541703837,0.8632298707962036,4.336946011671876,4.184481504863577,1.0654671077877444,1.1460429430007935
target_only_LSTM_from_scratch,82.0,exp2_cellF,2,0.5833333333333334,0.9170734708438081,0.9102787375450134,4.427288669079348,4.394486230998252,1.0652078517860382,1.092225193977356
target_only_LSTM_from_scratch,82.0,exp2_cellF,2,0.6666666666666666,0.9078142921608467,0.8975052833557129,4.382588807867206,4.332820758388669,1.070479113842055,1.1079561710357666
target_only_LSTM_from_scratch,82.0,exp2_cellF,2,0.75,0.9042943898734698,0.8854462504386902,4.36559603246958,4.274604245218284,1.0745110763335914,1.1223244667053223
target_only_LSTM_from_scratch,82.0,exp2_cellF,2,0.8333333333333334,0.8995338693582364,0.8753079771995544,4.342614014991067,4.2256604433717895,1.0785430388251278,1.1335644721984863
target_only_LSTM_from_scratch,82.0,exp2_cellF,2,0.9166666666666666,0.8930768140394663,0.8663862943649292,4.3114417602511,4.182589886236915,1.0804146733474087,1.1427348852157593
target_only_LSTM_from_scratch,82.0,exp2_cellF,2,1.0,0.8916410271050312,0.8584740161895752,4.30451031644847,4.144392358311353,1.082286307869689,1.1518388986587524
target_only_LSTM_from_scratch,82.0,exp3_cellA,3,0.6,0.873949597840415,0.864093542098999,4.2743657571259615,4.22616116127108,1.1336774373714231,1.1331968307495117
target_only_LSTM_from_scratch,82.0,exp3_cellA,3,0.7,0.8595327928385645,0.8536837697029114,4.203855171870993,4.175248414381256,1.1831843398251038,1.145124912261963
target_only_LSTM_from_scratch,82.0,exp3_cellA,3,0.8,0.8376336737446474,0.8447636961936951,4.096749630547367,4.13162157725809,1.232691242278785,1.1570487022399902
target_only_LSTM_from_scratch,82.0,exp3_cellA,3,0.9,0.7791267852597307,0.8371216654777527,3.810600587955119,4.0942454694277925,1.3508831141859985,1.1684445142745972
target_only_LSTM_from_scratch,82.0,exp3_cellA,3,1.0,0.7575357692124128,0.8308532238006592,3.705001935719038,4.063587394269547,1.4690749860932122,1.1821907758712769
target_only_LSTM_from_scratch,82.0,exp3_cellB,3,0.6,0.8436353663923807,0.8626880645751953,4.116083995859684,4.209041817677402,1.1659863773095838,1.1345289945602417
target_only_LSTM_from_scratch,82.0,exp3_cellB,3,0.7,0.8218953819738878,0.8525633215904236,4.010014945770124,4.159643352153105,1.318438170555717,1.14641535282135
target_only_LSTM_from_scratch,82.0,exp3_cellB,3,0.8,0.7394175881654729,0.8437700867652893,3.607607056494019,4.116741294490035,1.47088996380185,1.1585643291473389
target_only_LSTM_from_scratch,82.0,exp3_cellB,3,0.9,0.7123684053550189,0.8362369537353516,3.4756345089901144,4.079987254132762,1.4998609949574946,1.1698102951049805
target_only_LSTM_from_scratch,82.0,exp3_cellB,3,1.0,0.7738294336290892,0.830088198184967,3.775501922005038,4.0499875702366035,1.528832026113139,1.1837329864501953
target_only_LSTM_from_scratch,82.0,exp3_cellC,3,0.6,0.8971296129961095,0.8815813064575195,4.324958549151195,4.250001953900348,1.1023593275514205,1.1040321588516235
target_only_LSTM_from_scratch,82.0,exp3_cellC,3,0.7,0.88686539707305,0.8684942126274109,4.275475946232187,4.18691058167929,1.1325279115772933,1.124250888824463
target_only_LSTM_from_scratch,82.0,exp3_cellC,3,0.8,0.8684117953983999,0.8578389286994934,4.186513257709548,4.135542684944975,1.1626964956031665,1.1402323246002197
target_only_LSTM_from_scratch,82.0,exp3_cellC,3,0.9,0.8524862852889896,0.8488048911094666,4.109738207483236,4.091990630099908,1.4009633705973525,1.1528161764144897
target_only_LSTM_from_scratch,82.0,exp3_cellC,3,1.0,0.8263742910997344,0.8412916660308838,3.983855290602311,4.055770237232936,1.6392302455915388,1.1636996269226074
target_only_LSTM_from_scratch,82.0,exp3_cellD,3,0.5454545454545454,0.8848983577362085,0.8955264091491699,4.309725245858735,4.361487101995413,1.1118191520181597,1.1095819473266602
target_only_LSTM_from_scratch,82.0,exp3_cellD,3,0.6363636363636364,0.887787311867856,0.8818775415420532,4.323795334752494,4.295012948450528,1.1253571792920565,1.1166869401931763
target_only_LSTM_from_scratch,82.0,exp3_cellD,3,0.7272727272727273,0.857549518588028,0.8709406852722168,4.176528047003746,4.241747118353357,1.1388952065659532,1.1272246837615967
target_only_LSTM_from_scratch,82.0,exp3_cellD,3,0.8181818181818182,0.8543504418842668,0.8610546588897705,4.160947566473859,4.193599150726147,1.1607064304892893,1.1387701034545898
target_only_LSTM_from_scratch,82.0,exp3_cellD,3,0.9090909090909092,0.8353594218833993,0.8522458672523499,4.068455499303874,4.150697645289498,1.1825176544126255,1.1498963832855225
target_only_LSTM_from_scratch,82.0,exp3_cellD,3,1.0,0.855786983777141,0.844713568687439,4.167943964205111,4.11401305095079,1.1825176544126255,1.1633031368255615
target_only_LSTM_from_scratch,82.0,exp3_cellE,3,0.5454545454545454,0.8764127304458983,0.8958571553230286,4.279353494087043,4.374296851991173,1.1102010880588071,1.1073567867279053
target_only_LSTM_from_scratch,82.0,exp3_cellE,3,0.6363636363636364,0.8880560096373777,0.8820423483848572,4.336205369647247,4.30684182733524,1.1392512618921713,1.115938663482666
target_only_LSTM_from_scratch,82.0,exp3_cellE,3,0.7272727272727273,0.8458131769523313,0.8711228370666504,4.1299418052659815,4.253523970017584,1.1683014357255352,1.1269617080688477
target_only_LSTM_from_scratch,82.0,exp3_cellE,3,0.8181818181818182,0.8390560662996611,0.8612443804740906,4.096948143630413,4.205289381145227,1.19957109054225,1.1386306285858154
target_only_LSTM_from_scratch,82.0,exp3_cellE,3,0.9090909090909092,0.8260574309036003,0.8524050712585449,4.033478326422035,4.1621287475044815,1.230840745358965,1.1497457027435303
target_only_LSTM_from_scratch,82.0,exp3_cellE,3,1.0,0.8534566359036194,0.8448232412338257,4.167263333849283,4.125108141024531,1.230840745358965,1.1630338430404663
target_only_LSTM_from_scratch,82.0,exp3_cellF,3,0.5454545454545454,0.8960881611931472,0.8986055254936218,4.394232365009932,4.406577002694842,1.0509728244971537,1.1050570011138916
target_only_LSTM_from_scratch,82.0,exp3_cellF,3,0.6363636363636364,0.8986372589960113,0.885022759437561,4.406732617275297,4.339969906658188,1.0565565302232416,1.1113834381103516
target_only_LSTM_from_scratch,82.0,exp3_cellF,3,0.7272727272727273,0.8858910640415816,0.8734825849533081,4.344227894163116,4.283379260321509,1.0621402359493297,1.1238322257995605
target_only_LSTM_from_scratch,82.0,exp3_cellF,3,0.8181818181818182,0.8819147159986288,0.8633046746253967,4.3247286997516845,4.233468877718612,1.0723233425722347,1.1361536979675293
target_only_LSTM_from_scratch,82.0,exp3_cellF,3,0.9090909090909092,0.8722484867937208,0.8542376160621643,4.277327496321819,4.189005884098714,1.0825064491951395,1.1473385095596313
target_only_LSTM_from_scratch,82.0,exp3_cellF,3,1.0,0.8792906733199577,0.8464480042457581,4.31186093320243,4.15080722705035,1.0825064491951395,1.1598886251449585
target_only_LSTM_from_scratch,82.0,exp3_cellG,3,0.5454545454545454,0.9130515923888205,0.915391206741333,4.446549073970472,4.457942964654562,1.1117924779760167,1.0968519449234009
target_only_LSTM_from_scratch,82.0,exp3_cellG,3,0.6363636363636364,0.9036316373179148,0.9025834202766418,4.400674018446181,4.395569215439378,1.137557999044256,1.1081925630569458
target_only_LSTM_from_scratch,82.0,exp3_cellG,3,0.7272727272727273,0.8821256532598138,0.8894978165626526,4.295940162993191,4.331842499926456,1.1633235201124954,1.1200642585754395
target_only_LSTM_from_scratch,82.0,exp3_cellG,3,0.8181818181818182,0.8846423550385656,0.8787639141082764,4.308196467080554,4.279568538173952,1.2051773476963223,1.130435824394226
target_only_LSTM_from_scratch,82.0,exp3_cellG,3,0.9090909090909092,0.8614075712479565,0.8692257404327393,4.195043379994058,4.233117759622253,1.247031175280149,1.1392964124679565
target_only_LSTM_from_scratch,82.0,exp3_cellG,3,1.0,0.8355233939574123,0.8607938289642334,4.068987781908266,4.192054463260223,1.247031175280149,1.1480693817138672
target_only_LSTM_from_scratch,82.0,exp3_cellH,3,0.5833333333333334,0.9101151599695884,0.902324914932251,4.405421300679533,4.367712543662294,1.152916864042138,1.1136645078659058
target_only_LSTM_from_scratch,82.0,exp3_cellH,3,0.6666666666666666,0.8958425179469541,0.8892272114753723,4.336334437885612,4.304312982445397,1.1742413337529805,1.1242834329605103
target_only_LSTM_from_scratch,82.0,exp3_cellH,3,0.75,0.8921058581696183,0.8785181641578674,4.318247099820594,4.252475734548002,1.2052971567773032,1.1332048177719116
target_only_LSTM_from_scratch,82.0,exp3_cellH,3,0.8333333333333334,0.8780266203909394,0.8689956068992615,4.250096412154215,4.2063817033427595,1.2363529798016262,1.1411052942276
target_only_LSTM_from_scratch,82.0,exp3_cellH,3,0.9166666666666666,0.856822653409808,0.8605071306228638,4.147458403354644,4.165293151208758,1.2531625041290193,1.1496622562408447
target_only_LSTM_from_scratch,82.0,exp3_cellH,3,1.0,0.8550103327900257,0.8530696630477905,4.1386858477339725,4.129292016935337,1.2699720284564129,1.1591461896896362
target_only_LSTM_from_scratch,82.0,exp3_cellI,3,0.5833333333333334,0.9065722790690582,0.8979470133781433,4.392877937974479,4.351083433291745,1.1542619400491336,1.1213831901550293
target_only_LSTM_from_scratch,82.0,exp3_cellI,3,0.6666666666666666,0.8895981239088468,0.8856210708618164,4.310628134576985,4.291356964487386,1.1765678882144186,1.1293398141860962
target_only_LSTM_from_scratch,82.0,exp3_cellI,3,0.75,0.8910378061334746,0.8752776980400085,4.317604244952602,4.241237216374392,1.2131443205798447,1.136661171913147
target_only_LSTM_from_scratch,82.0,exp3_cellI,3,0.8333333333333334,0.876207266900275,0.8660169243812561,4.245741526325592,4.196363300379648,1.2497207529452707,1.1440528631210327
target_only_LSTM_from_scratch,82.0,exp3_cellI,3,0.9166666666666666,0.848484709734731,0.8577297925949097,4.111409369289189,4.156207254100899,1.27719374175336,1.1530734300613403
target_only_LSTM_from_scratch,82.0,exp3_cellI,3,1.0,0.8512971333711653,0.8505183458328247,4.125037222280036,4.121263536855793,1.3046667305614497,1.163073182106018
target_only_LSTM_from_scratch,82.0,exp4_cellA,4,0.5555555555555556,0.911691872614689,0.9144049286842346,4.472674533016423,4.485984530783652,1.067734335942842,1.0844597816467285
target_only_LSTM_from_scratch,82.0,exp4_cellA,4,0.6666666666666666,0.9027280630329916,0.9085690379142761,4.428698926740714,4.457354199848048,1.1125671748506414,1.0932751893997192
target_only_LSTM_from_scratch,82.0,exp4_cellA,4,0.7777777777777778,0.8975989791621065,0.9032022356987,4.403536123938469,4.431025173217042,1.1173135353886186,1.1000638008117676
target_only_LSTM_from_scratch,82.0,exp4_cellA,4,0.8888888888888888,0.888880028710196,0.8984087109565735,4.360761773511224,4.407508591922964,1.122059895926596,1.1063411235809326
target_only_LSTM_from_scratch,82.0,exp4_cellA,4,1.0,0.8816852587888638,0.8938962817192078,4.325464909335212,4.385371038722976,1.122059895926596,1.1129646301269531
target_only_LSTM_from_scratch,82.0,exp4_cellB,4,0.5555555555555556,0.8965273433264614,0.9135491847991943,4.353698434041002,4.436359565478848,1.0712715811958393,1.0901446342468262
target_only_LSTM_from_scratch,82.0,exp4_cellB,4,0.6666666666666666,0.8473381548652769,0.9077455401420593,4.114826865461052,4.408176020555669,1.1095998862805168,1.0971801280975342
target_only_LSTM_from_scratch,82.0,exp4_cellB,4,0.7777777777777778,0.7966265675802644,0.9025843143463135,3.8685622536854622,4.383112177459377,1.1835435772385512,1.101946473121643
target_only_LSTM_from_scratch,82.0,exp4_cellB,4,0.8888888888888888,0.733695243755318,0.897926926612854,3.562956397903964,4.3604950628417125,1.2574872681965856,1.1074508428573608
target_only_LSTM_from_scratch,82.0,exp4_cellB,4,1.0,0.6260958680860047,0.8924567699432373,3.0404344281700237,4.333930995717887,1.2574872681965856,1.1131192445755005
target_only_LSTM_from_scratch,82.0,exp4_cellC,4,0.5555555555555556,0.896165286677176,0.904494047164917,4.370752838666638,4.411373641643,1.262270345598159,1.708611249923706
target_only_LSTM_from_scratch,82.0,exp4_cellC,4,0.6666666666666666,0.856391265128893,0.8924281001091003,4.176768068031387,4.352525934496305,1.0993217703645564,1.7890876531600952
target_only_LSTM_from_scratch,82.0,exp4_cellC,4,0.7777777777777778,0.8005060665908709,0.8787006139755249,3.9042063053958542,4.285574614379288,1.2222356651812845,1.4554061889648438
target_only_LSTM_from_scratch,82.0,exp4_cellC,4,0.8888888888888888,0.6967940421631312,0.8696354031562805,3.398384854921955,4.241362015977677,1.3451495599980128,1.1833637952804565
target_only_LSTM_from_scratch,82.0,exp4_cellC,4,1.0,0.607383466208973,0.8647038340568542,2.962314037999953,4.217309901975002,1.3451495599980128,1.1601027250289917
target_only_LSTM_from_scratch,82.0,exp4_cellD,4,0.5555555555555556,0.9022812448120208,0.9052845239639282,4.372488325204205,4.387042327190337,1.0643641147474425,1.0890657901763916
target_only_LSTM_from_scratch,82.0,exp4_cellD,4,0.6666666666666666,0.8923975704406814,0.8991456627845764,4.3245916731932175,4.357293178583843,1.0742102663696715,1.0963484048843384
target_only_LSTM_from_scratch,82.0,exp4_cellD,4,0.7777777777777778,0.8835104800098998,0.8936229944229126,4.281524503863191,4.330530123190422,1.0741775775599118,1.1033915281295776
target_only_LSTM_from_scratch,82.0,exp4_cellD,4,0.8888888888888888,0.875958910819128,0.8884559273719788,4.244929319918632,4.305490324917254,1.0741448887501521,1.1107968091964722
target_only_LSTM_from_scratch,82.0,exp4_cellD,4,1.0,0.8644348045140147,0.8834158182144165,4.18908307400889,4.281065769296808,1.0741448887501521,1.1193066835403442
target_only_LSTM_from_scratch,82.0,exp4_cellE,4,0.5555555555555556,0.9031626739282209,0.9051320552825928,4.380760041797061,4.39031245953236,1.0669487385914673,1.088747501373291
target_only_LSTM_from_scratch,82.0,exp4_cellE,4,0.6666666666666666,0.8936768436122088,0.8989346623420715,4.334749342272785,4.360252214417195,1.0718064659333733,1.0962581634521484
target_only_LSTM_from_scratch,82.0,exp4_cellE,4,0.7777777777777778,0.8845789877852711,0.8933372497558594,4.290620499902306,4.333102153743763,1.0895330986657066,1.1033697128295898
target_only_LSTM_from_scratch,82.0,exp4_cellE,4,0.8888888888888888,0.8769456365435554,0.8881142735481262,4.253595187552686,4.307768284075991,1.1072597313980397,1.1109740734100342
target_only_LSTM_from_scratch,82.0,exp4_cellE,4,1.0,0.866417081765175,0.8829842209815979,4.202526788246066,4.282885137390998,1.1072597313980397,1.1195478439331055
target_only_LSTM_from_scratch,82.0,exp4_cellF,4,0.5555555555555556,0.8809606852792798,0.8884991407394409,4.27549648019382,4.312082266965677,1.1248434980139999,1.1084175109863281
target_only_LSTM_from_scratch,82.0,exp4_cellF,4,0.6666666666666666,0.8675851222355931,0.8820757269859314,4.210581923086469,4.280908023491631,1.1481679921046537,1.1168904304504395
target_only_LSTM_from_scratch,82.0,exp4_cellF,4,0.7777777777777778,0.8544207557354694,0.8759148716926575,4.146692349379309,4.2510080341260155,1.138748075171229,1.1266611814498901
target_only_LSTM_from_scratch,82.0,exp4_cellF,4,0.8888888888888888,0.8417297823861739,0.8699719905853271,4.085100257028508,4.222165921553709,1.129328158237804,1.135975956916809
target_only_LSTM_from_scratch,82.0,exp4_cellF,4,1.0,0.82925677614945,0.8642491698265076,4.024566007142383,4.1943918103817035,1.129328158237804,1.1451939344406128
target_only_LSTM_from_scratch,82.0,exp4_cellG,4,0.5555555555555556,0.8780279430687331,0.8873794078826904,4.248364841997807,4.293612188224562,1.1238179341122128,1.1095916032791138
target_only_LSTM_from_scratch,82.0,exp4_cellG,4,0.6666666666666666,0.8647319796128923,0.8808841705322266,4.184031919415798,4.26218478523816,1.1471082309620073,1.1183799505233765
target_only_LSTM_from_scratch,82.0,exp4_cellG,4,0.7777777777777778,0.8502466450778778,0.8746799230575562,4.113944188781564,4.23216534559445,1.1465147414639307,1.1282721757888794
target_only_LSTM_from_scratch,82.0,exp4_cellG,4,0.8888888888888888,0.8388371519855474,0.8686633706092834,4.058739010289107,4.203054074030651,1.1459212519658541,1.1377924680709839
target_only_LSTM_from_scratch,82.0,exp4_cellG,4,1.0,0.823557638651194,0.8628803491592407,3.984808621438804,4.175072749287143,1.1459212519658541,1.1471316814422607
target_only_LSTM_from_scratch,82.0,exp4_cellH,4,0.5555555555555556,0.8799346262856523,0.8884809017181396,4.2794830399062285,4.32104708304666,1.1203208313975448,1.1080639362335205
target_only_LSTM_from_scratch,82.0,exp4_cellH,4,0.6666666666666666,0.8664328187037518,0.882118284702301,4.21381821114648,4.290103066530755,1.1454743242688907,1.116769790649414
target_only_LSTM_from_scratch,82.0,exp4_cellH,4,0.7777777777777778,0.8527671069811423,0.8760069012641907,4.147356249316409,4.260380901960239,1.1762497763661797,1.1266086101531982
target_only_LSTM_from_scratch,82.0,exp4_cellH,4,0.8888888888888888,0.8397879246540428,0.8700920343399048,4.084233161553476,4.231614477808218,1.2070252284634688,1.1358939409255981
target_only_LSTM_from_scratch,82.0,exp4_cellH,4,1.0,0.827136982019207,0.8643798232078552,4.022706438059098,4.2038336519039605,1.2070252284634688,1.1450719833374023
target_only_LSTM_from_scratch,82.0,exp5_cellA,5,0.5333333333333333,0.8044691536942838,0.8112697005271912,3.924912141,3.958091224010634,1.2063797378032324,1.2113405466079712
target_only_LSTM_from_scratch,82.0,exp5_cellA,5,0.6,0.7915716013752708,0.8056079745292664,3.861986472,3.930468316399791,1.2350145971619613,1.2249385118484497
target_only_LSTM_from_scratch,82.0,exp5_cellA,5,0.6666666666666666,0.7817580260973462,0.8022123575210571,3.814107171,3.9139014929728093,1.2636494565206902,1.2338333129882812
target_only_LSTM_from_scratch,82.0,exp5_cellA,5,0.7333333333333333,0.7690068432998406,0.800121009349823,3.751895622,3.9036980466496773,1.2998531789224779,1.2394461631774902
target_only_LSTM_from_scratch,82.0,exp5_cellA,5,0.8,0.7560403342356591,0.7988803386688232,3.688633521,3.8976449576076964,1.336056901324266,1.242530107498169
target_only_LSTM_from_scratch,82.0,exp5_cellA,5,0.8666666666666667,0.7455051429921409,0.798193633556366,3.637233539,3.894294602630388,1.3523752966828282,1.244053602218628
target_only_LSTM_from_scratch,82.0,exp5_cellA,5,0.9333333333333332,0.730968649254188,0.7978867292404175,3.566311664,3.8927972518988407,1.3686936920413904,1.2445437908172607
target_only_LSTM_from_scratch,82.0,exp5_cellA,5,1.0,0.7223409558959908,0.7978598475456238,3.524218144,3.8926660992128963,1.3686936920413904,1.244437336921692
target_only_LSTM_from_scratch,82.0,exp5_cellB,5,0.5333333333333333,0.8143553276793362,0.8208665251731873,3.959118123,3.990773346615715,1.191444056407467,1.1938976049423218
target_only_LSTM_from_scratch,82.0,exp5_cellB,5,0.6,0.8065707255620619,0.8152504563331604,3.92127204,3.9634699335123367,1.2036275403487529,1.2105460166931152
target_only_LSTM_from_scratch,82.0,exp5_cellB,5,0.6666666666666666,0.8007887687293093,0.8107735514640808,3.893162136,3.941704747481529,1.2158110242900386,1.2223352193832397
target_only_LSTM_from_scratch,82.0,exp5_cellB,5,0.7333333333333333,0.7934484824068493,0.8073695302009583,3.857476165,3.9251555559728164,1.2290721055376792,1.2303508520126343
target_only_LSTM_from_scratch,82.0,exp5_cellB,5,0.8,0.7866488837091813,0.8049373030662537,3.824418833,3.9133308963912277,1.2423331867853196,1.2354552745819092
target_only_LSTM_from_scratch,82.0,exp5_cellB,5,0.8666666666666667,0.7825607629831625,0.8032539486885071,3.804543783,3.905147000986061,1.2620825999439529,1.238446593284607
target_only_LSTM_from_scratch,82.0,exp5_cellB,5,0.9333333333333332,0.7757626314800493,0.8021240234375,3.771493584,3.899653689421875,1.281832013102586,1.2400624752044678
target_only_LSTM_from_scratch,82.0,exp5_cellB,5,1.0,0.7725232717995762,0.8014237284660339,3.755744921,3.8962490938863144,1.281832013102586,1.240792989730835
target_only_LSTM_from_scratch,82.0,exp5_cellC,5,0.5333333333333333,0.8214546359438883,0.8228543400764465,4.012352958,4.019189740910284,1.1912918944993611,1.1899311542510986
target_only_LSTM_from_scratch,82.0,exp5_cellC,5,0.6,0.8140619179825401,0.8169147968292236,3.976243607,3.990178347128593,1.1932901956847763,1.2061388492584229
target_only_LSTM_from_scratch,82.0,exp5_cellC,5,0.6666666666666666,0.8081618464949624,0.8121327757835388,3.947425011,3.966820811059879,1.1952884968701913,1.2194942235946655
target_only_LSTM_from_scratch,82.0,exp5_cellC,5,0.7333333333333333,0.8007939995087437,0.8084374666213989,3.911437141,3.9487712633445633,1.215425593808408,1.2284270524978638
target_only_LSTM_from_scratch,82.0,exp5_cellC,5,0.8,0.7932565004152995,0.8057607412338257,3.874620614,3.9356969357351725,1.2355626907466244,1.2342052459716797
target_only_LSTM_from_scratch,82.0,exp5_cellC,5,0.8666666666666667,0.7884116982953278,0.8038973808288574,3.850956427,3.9265954475877427,1.2535908385505172,1.2376154661178589
target_only_LSTM_from_scratch,82.0,exp5_cellC,5,0.9333333333333332,0.7817976432498098,0.802645742893219,3.818650415,3.9204818864077837,1.2716189863544103,1.2395225763320923
target_only_LSTM_from_scratch,82.0,exp5_cellC,5,1.0,0.7777849401692979,0.8018646240234375,3.799050573,3.9166665514269106,1.2716189863544103,1.2404022216796875
target_only_LSTM_from_scratch,82.0,exp5_cellD,5,0.5333333333333333,0.862591076376204,0.8638123869895935,4.192222457,4.19815806881033,1.1210099277230234,1.1488165855407715
target_only_LSTM_from_scratch,82.0,exp5_cellD,5,0.6,0.8552786413642833,0.855483889579773,4.15668377,4.157681283424147,1.1303166616459792,1.1625559329986572
target_only_LSTM_from_scratch,82.0,exp5_cellD,5,0.6666666666666666,0.8493641208923439,0.8471835851669312,4.127938996,4.11734151697811,1.139623395568935,1.1747395992279053
target_only_LSTM_from_scratch,82.0,exp5_cellD,5,0.7333333333333333,0.8407250784462886,0.8391995429992676,4.085952951,4.078538795979039,1.145763977123925,1.1886897087097168
target_only_LSTM_from_scratch,82.0,exp5_cellD,5,0.8,0.8330016712553935,0.8319351673126221,4.048416925,4.043233678961624,1.1519045586789147,1.19972825050354
target_only_LSTM_from_scratch,82.0,exp5_cellD,5,0.8666666666666667,0.8255998395543926,0.8255900740623474,4.012443767000001,4.0123963063709995,1.1733459434437157,1.2087790966033936
target_only_LSTM_from_scratch,82.0,exp5_cellD,5,0.9333333333333332,0.8173156266826287,0.820258378982544,3.972182206,3.986484083929134,1.1947873282085169,1.2160451412200928
target_only_LSTM_from_scratch,82.0,exp5_cellD,5,1.0,0.8103250072823504,0.815940260887146,3.938207554,3.9654978806779306,1.1947873282085169,1.2216119766235352
target_only_LSTM_from_scratch,82.0,exp5_cellE,5,0.5333333333333333,0.8656172401950055,0.8661105632781982,4.211511139000001,4.213911317235272,1.1208975213605896,1.145181655883789
target_only_LSTM_from_scratch,82.0,exp5_cellE,5,0.6,0.8583629495272422,0.8577746748924255,4.176216641,4.173354492394036,1.1205962447236646,1.159288763999939
target_only_LSTM_from_scratch,82.0,exp5_cellE,5,0.6666666666666666,0.851483072523713,0.8494064211845398,4.142743788,4.132640199669461,1.1202949680867398,1.1712597608566284
target_only_LSTM_from_scratch,82.0,exp5_cellE,5,0.7333333333333333,0.8441469335073652,0.841322124004364,4.107051071,4.0933074483744125,1.1287087838725094,1.1854937076568604
target_only_LSTM_from_scratch,82.0,exp5_cellE,5,0.8,0.8366904562340003,0.8338794708251953,4.070772869,4.057096505116488,1.1371225996582792,1.1969605684280396
target_only_LSTM_from_scratch,82.0,exp5_cellE,5,0.8666666666666667,0.8299388540553875,0.8273025751113892,4.037924115,4.025097755238891,1.1538529249624887,1.206459879875183
target_only_LSTM_from_scratch,82.0,exp5_cellE,5,0.9333333333333332,0.8222797423134317,0.8217394948005676,4.00066003,3.9980315490587794,1.1705832502666982,1.2141343355178833
target_only_LSTM_from_scratch,82.0,exp5_cellE,5,1.0,0.8160525188402225,0.8172035217285156,3.97036255,3.9759625557068827,1.1705832502666982,1.220062255859375
target_only_LSTM_from_scratch,82.0,exp5_cellF,5,0.5333333333333333,0.8522315864914315,0.8577414155006409,4.121763642,4.148411578128831,1.1883123049065991,1.1626386642456055
target_only_LSTM_from_scratch,82.0,exp5_cellF,5,0.6,0.8423039313668911,0.8486757874488831,4.073749171999999,4.104566247014708,1.2087664381431986,1.1739959716796875
target_only_LSTM_from_scratch,82.0,exp5_cellF,5,0.6666666666666666,0.8322107221075873,0.8401246070861816,4.02493401,4.0632090092945345,1.2292205713797981,1.187015175819397
target_only_LSTM_from_scratch,82.0,exp5_cellF,5,0.7333333333333333,0.8210154999509715,0.8323717713356018,3.970789033,4.025712914306205,1.2371509847644246,1.1980444192886353
target_only_LSTM_from_scratch,82.0,exp5_cellF,5,0.8,0.8096480195495653,0.82564377784729,3.91581094,3.993173403469833,1.2450813981490514,1.2071974277496338
target_only_LSTM_from_scratch,82.0,exp5_cellF,5,0.8666666666666667,0.7985219847016456,0.8199657797813416,3.862000583,3.9657121284378642,1.284781990745257,1.214751124382019
target_only_LSTM_from_scratch,82.0,exp5_cellF,5,0.9333333333333332,0.7866654996007033,0.8153502941131592,3.80465745,3.9433896267624613,1.3244825833414624,1.2206038236618042
target_only_LSTM_from_scratch,82.0,exp5_cellF,5,1.0,0.7678683443349683,0.8116846084594727,3.713746209,3.9256607722000894,1.3244825833414624,1.2250919342041016
target_only_LSTM_from_scratch,82.0,exp5_cellG,5,0.5333333333333333,0.8498714817160511,0.8558216094970703,4.123182213,4.152049473002934,1.2228939135477763,1.1667687892913818
target_only_LSTM_from_scratch,82.0,exp5_cellG,5,0.6,0.8400058427597255,0.8467627763748169,4.075318709,4.108100216669739,1.236867862376435,1.1785961389541626
target_only_LSTM_from_scratch,82.0,exp5_cellG,5,0.6666666666666666,0.8299328251567766,0.8383253812789917,4.0264491,4.06716588938426,1.250841811205094,1.19037663936615
target_only_LSTM_from_scratch,82.0,exp5_cellG,5,0.7333333333333333,0.8194936798065443,0.830727756023407,3.975803209,4.0303057358330285,1.2541946824482297,1.2007110118865967
target_only_LSTM_from_scratch,82.0,exp5_cellG,5,0.8,0.8085936348705501,0.8241608142852783,3.922921247,3.998445980621821,1.2575475536913652,1.2096649408340454
target_only_LSTM_from_scratch,82.0,exp5_cellG,5,0.8666666666666667,0.7978404378562369,0.818739116191864,3.870751723,3.9721424163489223,1.316380148152523,1.2165385484695435
target_only_LSTM_from_scratch,82.0,exp5_cellG,5,0.9333333333333332,0.7855218228441083,0.8143184185028076,3.810987517,3.9506952417199264,1.3752127426136804,1.2220263481140137
target_only_LSTM_from_scratch,82.0,exp5_cellG,5,1.0,0.7696642878933628,0.8108360767364502,3.734054113,3.933800534767718,1.3752127426136804,1.2261674404144287
target_only_LSTM_from_scratch,82.0,exp5_cellH,5,0.5333333333333333,0.8526440302059033,0.8578126430511475,4.133824681,4.158883367379407,1.1977016713887478,1.1628600358963013
target_only_LSTM_from_scratch,82.0,exp5_cellH,5,0.6,0.8431704595629644,0.8487849831581116,4.0878945170000005,4.115115086648593,1.2144315202885887,1.1741265058517456
target_only_LSTM_from_scratch,82.0,exp5_cellH,5,0.6666666666666666,0.8318238318782536,0.8402515649795532,4.032883319,4.073743009404001,1.2311613691884293,1.1870380640029907
target_only_LSTM_from_scratch,82.0,exp5_cellH,5,0.7333333333333333,0.8228976751117055,0.8325029611587524,3.98960715,4.036175902167019,1.2292285687011615,1.1980068683624268
target_only_LSTM_from_scratch,82.0,exp5_cellH,5,0.8,0.8125378294201961,0.8257648348808289,3.93938011,4.003507834691488,1.2272957682138939,1.2072008848190308
target_only_LSTM_from_scratch,82.0,exp5_cellH,5,0.8666666666666667,0.8025090494980701,0.8200854063034058,3.890758157,3.975972589975521,1.2802798968420732,1.2147170305252075
target_only_LSTM_from_scratch,82.0,exp5_cellH,5,0.9333333333333332,0.7914666613646212,0.8154516220092773,3.837221986,3.9535068818923103,1.333264025470253,1.2206242084503174
target_only_LSTM_from_scratch,82.0,exp5_cellH,5,1.0,0.7759335636988509,0.8117793202400208,3.761913768,3.9357026738617127,1.333264025470253,1.2251040935516357
